0020	0020	20	 	SPACE	Na	1
0021	0021	21	!	EXCLAMATION MARK	Na	1
0022	0022	22	"	QUOTATION MARK	Na	1
0023	0023	23	#	NUMBER SIGN	Na	1
0024	0024	24	$	DOLLAR SIGN	Na	1
0025	0025	25	%	PERCENT SIGN	Na	1
0026	0026	26	&	AMPERSAND	Na	1
0027	0027	27	'	APOSTROPHE	Na	1
0028	0028	28	(	LEFT PARENTHESIS	Na	1
0029	0029	29	)	RIGHT PARENTHESIS	Na	1
002A	002A	2A	*	ASTERISK	Na	1
002B	002B	2B	+	PLUS SIGN	Na	1
002C	002C	2C	,	COMMA	Na	1
002D	002D	2D	-	HYPHEN-MINUS	Na	1
002E	002E	2E	.	FULL STOP	Na	1
002F	002F	2F	/	SOLIDUS	Na	1
0030	0030	30	0	DIGIT ZERO	Na	1
0031	0031	31	1	DIGIT ONE	Na	1
0032	0032	32	2	DIGIT TWO	Na	1
0033	0033	33	3	DIGIT THREE	Na	1
0034	0034	34	4	DIGIT FOUR	Na	1
0035	0035	35	5	DIGIT FIVE	Na	1
0036	0036	36	6	DIGIT SIX	Na	1
0037	0037	37	7	DIGIT SEVEN	Na	1
0038	0038	38	8	DIGIT EIGHT	Na	1
0039	0039	39	9	DIGIT NINE	Na	1
003A	003A	3A	:	COLON	Na	1
003B	003B	3B	;	SEMICOLON	Na	1
003C	003C	3C	<	LESS-THAN SIGN	Na	1
003D	003D	3D	=	EQUALS SIGN	Na	1
003E	003E	3E	>	GREATER-THAN SIGN	Na	1
003F	003F	3F	?	QUESTION MARK	Na	1
0040	0040	40	@	COMMERCIAL AT	Na	1
0041	0041	41	A	LATIN CAPITAL LETTER A	Na	1
0042	0042	42	B	LATIN CAPITAL LETTER B	Na	1
0043	0043	43	C	LATIN CAPITAL LETTER C	Na	1
0044	0044	44	D	LATIN CAPITAL LETTER D	Na	1
0045	0045	45	E	LATIN CAPITAL LETTER E	Na	1
0046	0046	46	F	LATIN CAPITAL LETTER F	Na	1
0047	0047	47	G	LATIN CAPITAL LETTER G	Na	1
0048	0048	48	H	LATIN CAPITAL LETTER H	Na	1
0049	0049	49	I	LATIN CAPITAL LETTER I	Na	1
004A	004A	4A	J	LATIN CAPITAL LETTER J	Na	1
004B	004B	4B	K	LATIN CAPITAL LETTER K	Na	1
004C	004C	4C	L	LATIN CAPITAL LETTER L	Na	1
004D	004D	4D	M	LATIN CAPITAL LETTER M	Na	1
004E	004E	4E	N	LATIN CAPITAL LETTER N	Na	1
004F	004F	4F	O	LATIN CAPITAL LETTER O	Na	1
0050	0050	50	P	LATIN CAPITAL LETTER P	Na	1
0051	0051	51	Q	LATIN CAPITAL LETTER Q	Na	1
0052	0052	52	R	LATIN CAPITAL LETTER R	Na	1
0053	0053	53	S	LATIN CAPITAL LETTER S	Na	1
0054	0054	54	T	LATIN CAPITAL LETTER T	Na	1
0055	0055	55	U	LATIN CAPITAL LETTER U	Na	1
0056	0056	56	V	LATIN CAPITAL LETTER V	Na	1
0057	0057	57	W	LATIN CAPITAL LETTER W	Na	1
0058	0058	58	X	LATIN CAPITAL LETTER X	Na	1
0059	0059	59	Y	LATIN CAPITAL LETTER Y	Na	1
005A	005A	5A	Z	LATIN CAPITAL LETTER Z	Na	1
005B	005B	5B	[	LEFT SQUARE BRACKET	Na	1
005C	005C	5C	\	REVERSE SOLIDUS	Na	1
005D	005D	5D	]	RIGHT SQUARE BRACKET	Na	1
005E	005E	5E	^	CIRCUMFLEX ACCENT	Na	1
005F	005F	5F	_	LOW LINE	Na	1
0060	0060	60	`	GRAVE ACCENT	Na	1
0061	0061	61	a	LATIN SMALL LETTER A	Na	1
0062	0062	62	b	LATIN SMALL LETTER B	Na	1
0063	0063	63	c	LATIN SMALL LETTER C	Na	1
0064	0064	64	d	LATIN SMALL LETTER D	Na	1
0065	0065	65	e	LATIN SMALL LETTER E	Na	1
0066	0066	66	f	LATIN SMALL LETTER F	Na	1
0067	0067	67	g	LATIN SMALL LETTER G	Na	1
0068	0068	68	h	LATIN SMALL LETTER H	Na	1
0069	0069	69	i	LATIN SMALL LETTER I	Na	1
006A	006A	6A	j	LATIN SMALL LETTER J	Na	1
006B	006B	6B	k	LATIN SMALL LETTER K	Na	1
006C	006C	6C	l	LATIN SMALL LETTER L	Na	1
006D	006D	6D	m	LATIN SMALL LETTER M	Na	1
006E	006E	6E	n	LATIN SMALL LETTER N	Na	1
006F	006F	6F	o	LATIN SMALL LETTER O	Na	1
0070	0070	70	p	LATIN SMALL LETTER P	Na	1
0071	0071	71	q	LATIN SMALL LETTER Q	Na	1
0072	0072	72	r	LATIN SMALL LETTER R	Na	1
0073	0073	73	s	LATIN SMALL LETTER S	Na	1
0074	0074	74	t	LATIN SMALL LETTER T	Na	1
0075	0075	75	u	LATIN SMALL LETTER U	Na	1
0076	0076	76	v	LATIN SMALL LETTER V	Na	1
0077	0077	77	w	LATIN SMALL LETTER W	Na	1
0078	0078	78	x	LATIN SMALL LETTER X	Na	1
0079	0079	79	y	LATIN SMALL LETTER Y	Na	1
007A	007A	7A	z	LATIN SMALL LETTER Z	Na	1
007B	007B	7B	{	LEFT CURLY BRACKET	Na	1
007C	007C	7C	|	VERTICAL LINE	Na	1
007D	007D	7D	}	RIGHT CURLY BRACKET	Na	1
007E	007E	7E	~	TILDE	Na	1
00A1	FF61	EFBDA1	｡	HALFWIDTH IDEOGRAPHIC FULL STOP	H	1
00A2	FF62	EFBDA2	｢	HALFWIDTH LEFT CORNER BRACKET	H	1
00A3	FF63	EFBDA3	｣	HALFWIDTH RIGHT CORNER BRACKET	H	1
00A4	FF64	EFBDA4	､	HALFWIDTH IDEOGRAPHIC COMMA	H	1
00A5	FF65	EFBDA5	･	HALFWIDTH KATAKANA MIDDLE DOT	H	1
00A6	FF66	EFBDA6	ｦ	HALFWIDTH KATAKANA LETTER WO	H	1
00A7	FF67	EFBDA7	ｧ	HALFWIDTH KATAKANA LETTER SMALL A	H	1
00A8	FF68	EFBDA8	ｨ	HALFWIDTH KATAKANA LETTER SMALL I	H	1
00A9	FF69	EFBDA9	ｩ	HALFWIDTH KATAKANA LETTER SMALL U	H	1
00AA	FF6A	EFBDAA	ｪ	HALFWIDTH KATAKANA LETTER SMALL E	H	1
00AB	FF6B	EFBDAB	ｫ	HALFWIDTH KATAKANA LETTER SMALL O	H	1
00AC	FF6C	EFBDAC	ｬ	HALFWIDTH KATAKANA LETTER SMALL YA	H	1
00AD	FF6D	EFBDAD	ｭ	HALFWIDTH KATAKANA LETTER SMALL YU	H	1
00AE	FF6E	EFBDAE	ｮ	HALFWIDTH KATAKANA LETTER SMALL YO	H	1
00AF	FF6F	EFBDAF	ｯ	HALFWIDTH KATAKANA LETTER SMALL TU	H	1
00B0	FF70	EFBDB0	ｰ	HALFWIDTH KATAKANA-HIRAGANA PROLONGED SOUND MARK	H	1
00B1	FF71	EFBDB1	ｱ	HALFWIDTH KATAKANA LETTER A	H	1
00B2	FF72	EFBDB2	ｲ	HALFWIDTH KATAKANA LETTER I	H	1
00B3	FF73	EFBDB3	ｳ	HALFWIDTH KATAKANA LETTER U	H	1
00B4	FF74	EFBDB4	ｴ	HALFWIDTH KATAKANA LETTER E	H	1
00B5	FF75	EFBDB5	ｵ	HALFWIDTH KATAKANA LETTER O	H	1
00B6	FF76	EFBDB6	ｶ	HALFWIDTH KATAKANA LETTER KA	H	1
00B7	FF77	EFBDB7	ｷ	HALFWIDTH KATAKANA LETTER KI	H	1
00B8	FF78	EFBDB8	ｸ	HALFWIDTH KATAKANA LETTER KU	H	1
00B9	FF79	EFBDB9	ｹ	HALFWIDTH KATAKANA LETTER KE	H	1
00BA	FF7A	EFBDBA	ｺ	HALFWIDTH KATAKANA LETTER KO	H	1
00BB	FF7B	EFBDBB	ｻ	HALFWIDTH KATAKANA LETTER SA	H	1
00BC	FF7C	EFBDBC	ｼ	HALFWIDTH KATAKANA LETTER SI	H	1
00BD	FF7D	EFBDBD	ｽ	HALFWIDTH KATAKANA LETTER SU	H	1
00BE	FF7E	EFBDBE	ｾ	HALFWIDTH KATAKANA LETTER SE	H	1
00BF	FF7F	EFBDBF	ｿ	HALFWIDTH KATAKANA LETTER SO	H	1
00C0	FF80	EFBE80	ﾀ	HALFWIDTH KATAKANA LETTER TA	H	1
00C1	FF81	EFBE81	ﾁ	HALFWIDTH KATAKANA LETTER TI	H	1
00C2	FF82	EFBE82	ﾂ	HALFWIDTH KATAKANA LETTER TU	H	1
00C3	FF83	EFBE83	ﾃ	HALFWIDTH KATAKANA LETTER TE	H	1
00C4	FF84	EFBE84	ﾄ	HALFWIDTH KATAKANA LETTER TO	H	1
00C5	FF85	EFBE85	ﾅ	HALFWIDTH KATAKANA LETTER NA	H	1
00C6	FF86	EFBE86	ﾆ	HALFWIDTH KATAKANA LETTER NI	H	1
00C7	FF87	EFBE87	ﾇ	HALFWIDTH KATAKANA LETTER NU	H	1
00C8	FF88	EFBE88	ﾈ	HALFWIDTH KATAKANA LETTER NE	H	1
00C9	FF89	EFBE89	ﾉ	HALFWIDTH KATAKANA LETTER NO	H	1
00CA	FF8A	EFBE8A	ﾊ	HALFWIDTH KATAKANA LETTER HA	H	1
00CB	FF8B	EFBE8B	ﾋ	HALFWIDTH KATAKANA LETTER HI	H	1
00CC	FF8C	EFBE8C	ﾌ	HALFWIDTH KATAKANA LETTER HU	H	1
00CD	FF8D	EFBE8D	ﾍ	HALFWIDTH KATAKANA LETTER HE	H	1
00CE	FF8E	EFBE8E	ﾎ	HALFWIDTH KATAKANA LETTER HO	H	1
00CF	FF8F	EFBE8F	ﾏ	HALFWIDTH KATAKANA LETTER MA	H	1
00D0	FF90	EFBE90	ﾐ	HALFWIDTH KATAKANA LETTER MI	H	1
00D1	FF91	EFBE91	ﾑ	HALFWIDTH KATAKANA LETTER MU	H	1
00D2	FF92	EFBE92	ﾒ	HALFWIDTH KATAKANA LETTER ME	H	1
00D3	FF93	EFBE93	ﾓ	HALFWIDTH KATAKANA LETTER MO	H	1
00D4	FF94	EFBE94	ﾔ	HALFWIDTH KATAKANA LETTER YA	H	1
00D5	FF95	EFBE95	ﾕ	HALFWIDTH KATAKANA LETTER YU	H	1
00D6	FF96	EFBE96	ﾖ	HALFWIDTH KATAKANA LETTER YO	H	1
00D7	FF97	EFBE97	ﾗ	HALFWIDTH KATAKANA LETTER RA	H	1
00D8	FF98	EFBE98	ﾘ	HALFWIDTH KATAKANA LETTER RI	H	1
00D9	FF99	EFBE99	ﾙ	HALFWIDTH KATAKANA LETTER RU	H	1
00DA	FF9A	EFBE9A	ﾚ	HALFWIDTH KATAKANA LETTER RE	H	1
00DB	FF9B	EFBE9B	ﾛ	HALFWIDTH KATAKANA LETTER RO	H	1
00DC	FF9C	EFBE9C	ﾜ	HALFWIDTH KATAKANA LETTER WA	H	1
00DD	FF9D	EFBE9D	ﾝ	HALFWIDTH KATAKANA LETTER N	H	1
00DE	FF9E	EFBE9E	ﾞ	HALFWIDTH KATAKANA VOICED SOUND MARK	H	1
00DF	FF9F	EFBE9F	ﾟ	HALFWIDTH KATAKANA SEMI-VOICED SOUND MARK	H	1
8140	3000	E38080	　	IDEOGRAPHIC SPACE	F	2
8141	3001	E38081	、	IDEOGRAPHIC COMMA	W	2
8142	3002	E38082	。	IDEOGRAPHIC FULL STOP	W	2
8143	FF0C	EFBC8C	，	FULLWIDTH COMMA	F	2
8144	FF0E	EFBC8E	．	FULLWIDTH FULL STOP	F	2
8145	30FB	E383BB	・	KATAKANA MIDDLE DOT	W	2
8146	FF1A	EFBC9A	：	FULLWIDTH COLON	F	2
8147	FF1B	EFBC9B	；	FULLWIDTH SEMICOLON	F	2
8148	FF1F	EFBC9F	？	FULLWIDTH QUESTION MARK	F	2
8149	FF01	EFBC81	！	FULLWIDTH EXCLAMATION MARK	F	2
814A	309B	E3829B	゛	KATAKANA-HIRAGANA VOICED SOUND MARK	W	2
814B	309C	E3829C	゜	KATAKANA-HIRAGANA SEMI-VOICED SOUND MARK	W	2
814C	00B4	C2B4	´	ACUTE ACCENT	A	2
814D	FF40	EFBD80	｀	FULLWIDTH GRAVE ACCENT	F	2
814E	00A8	C2A8	¨	DIAERESIS	A	2
814F	FF3E	EFBCBE	＾	FULLWIDTH CIRCUMFLEX ACCENT	F	2
8150	FFE3	EFBFA3	￣	FULLWIDTH MACRON	F	2
8151	FF3F	EFBCBF	＿	FULLWIDTH LOW LINE	F	2
8152	30FD	E383BD	ヽ	KATAKANA ITERATION MARK	W	2
8153	30FE	E383BE	ヾ	KATAKANA VOICED ITERATION MARK	W	2
8154	309D	E3829D	ゝ	HIRAGANA ITERATION MARK	W	2
8155	309E	E3829E	ゞ	HIRAGANA VOICED ITERATION MARK	W	2
8156	3003	E38083	〃	DITTO MARK	W	2
8157	4EDD	E4BB9D	仝	CJK UNIFIED IDEOGRAPH	W	2
8158	3005	E38085	々	IDEOGRAPHIC ITERATION MARK	W	2
8159	3006	E38086	〆	IDEOGRAPHIC CLOSING MARK	W	2
815A	3007	E38087	〇	IDEOGRAPHIC NUMBER ZERO	W	2
815B	30FC	E383BC	ー	KATAKANA-HIRAGANA PROLONGED SOUND MARK	W	2
815C	2015	E28095	―	HORIZONTAL BAR	A	2
815D	2010	E28090	‐	HYPHEN	A	2
815E	FF0F	EFBC8F	／	FULLWIDTH SOLIDUS	F	2
815F	FF3C	EFBCBC	＼	FULLWIDTH REVERSE SOLIDUS	F	2
8160	FF5E	EFBD9E	～	FULLWIDTH TILDE	F	2
8161	2225	E288A5	∥	PARALLEL TO	A	2
8162	FF5C	EFBD9C	｜	FULLWIDTH VERTICAL LINE	F	2
8163	2026	E280A6	…	HORIZONTAL ELLIPSIS	A	2
8164	2025	E280A5	‥	TWO DOT LEADER	A	2
8165	2018	E28098	‘	LEFT SINGLE QUOTATION MARK	A	2
8166	2019	E28099	’	RIGHT SINGLE QUOTATION MARK	A	2
8167	201C	E2809C	“	LEFT DOUBLE QUOTATION MARK	A	2
8168	201D	E2809D	”	RIGHT DOUBLE QUOTATION MARK	A	2
8169	FF08	EFBC88	（	FULLWIDTH LEFT PARENTHESIS	F	2
816A	FF09	EFBC89	）	FULLWIDTH RIGHT PARENTHESIS	F	2
816B	3014	E38094	〔	LEFT TORTOISE SHELL BRACKET	W	2
816C	3015	E38095	〕	RIGHT TORTOISE SHELL BRACKET	W	2
816D	FF3B	EFBCBB	［	FULLWIDTH LEFT SQUARE BRACKET	F	2
816E	FF3D	EFBCBD	］	FULLWIDTH RIGHT SQUARE BRACKET	F	2
816F	FF5B	EFBD9B	｛	FULLWIDTH LEFT CURLY BRACKET	F	2
8170	FF5D	EFBD9D	｝	FULLWIDTH RIGHT CURLY BRACKET	F	2
8171	3008	E38088	〈	LEFT ANGLE BRACKET	W	2
8172	3009	E38089	〉	RIGHT ANGLE BRACKET	W	2
8173	300A	E3808A	《	LEFT DOUBLE ANGLE BRACKET	W	2
8174	300B	E3808B	》	RIGHT DOUBLE ANGLE BRACKET	W	2
8175	300C	E3808C	「	LEFT CORNER BRACKET	W	2
8176	300D	E3808D	」	RIGHT CORNER BRACKET	W	2
8177	300E	E3808E	『	LEFT WHITE CORNER BRACKET	W	2
8178	300F	E3808F	』	RIGHT WHITE CORNER BRACKET	W	2
8179	3010	E38090	【	LEFT BLACK LENTICULAR BRACKET	W	2
817A	3011	E38091	】	RIGHT BLACK LENTICULAR BRACKET	W	2
817B	FF0B	EFBC8B	＋	FULLWIDTH PLUS SIGN	F	2
817C	FF0D	EFBC8D	－	FULLWIDTH HYPHEN-MINUS	F	2
817D	00B1	C2B1	±	PLUS-MINUS SIGN	A	2
817E	00D7	C397	×	MULTIPLICATION SIGN	A	2
8180	00F7	C3B7	÷	DIVISION SIGN	A	2
8181	FF1D	EFBC9D	＝	FULLWIDTH EQUALS SIGN	F	2
8182	2260	E289A0	≠	NOT EQUAL TO	A	2
8183	FF1C	EFBC9C	＜	FULLWIDTH LESS-THAN SIGN	F	2
8184	FF1E	EFBC9E	＞	FULLWIDTH GREATER-THAN SIGN	F	2
8185	2266	E289A6	≦	LESS-THAN OVER EQUAL TO	A	2
8186	2267	E289A7	≧	GREATER-THAN OVER EQUAL TO	A	2
8187	221E	E2889E	∞	INFINITY	A	2
8188	2234	E288B4	∴	THEREFORE	A	2
8189	2642	E29982	♂	MALE SIGN	A	2
818A	2640	E29980	♀	FEMALE SIGN	A	2
818B	00B0	C2B0	°	DEGREE SIGN	A	2
818C	2032	E280B2	′	PRIME	A	2
818D	2033	E280B3	″	DOUBLE PRIME	A	2
818E	2103	E28483	℃	DEGREE CELSIUS	A	2
818F	FFE5	EFBFA5	￥	FULLWIDTH YEN SIGN	F	2
8190	FF04	EFBC84	＄	FULLWIDTH DOLLAR SIGN	F	2
8191	FFE0	EFBFA0	￠	FULLWIDTH CENT SIGN	F	2
8192	FFE1	EFBFA1	￡	FULLWIDTH POUND SIGN	F	2
8193	FF05	EFBC85	％	FULLWIDTH PERCENT SIGN	F	2
8194	FF03	EFBC83	＃	FULLWIDTH NUMBER SIGN	F	2
8195	FF06	EFBC86	＆	FULLWIDTH AMPERSAND	F	2
8196	FF0A	EFBC8A	＊	FULLWIDTH ASTERISK	F	2
8197	FF20	EFBCA0	＠	FULLWIDTH COMMERCIAL AT	F	2
8198	00A7	C2A7	§	SECTION SIGN	A	2
8199	2606	E29886	☆	WHITE STAR	A	2
819A	2605	E29885	★	BLACK STAR	A	2
819B	25CB	E2978B	○	WHITE CIRCLE	A	2
819C	25CF	E2978F	●	BLACK CIRCLE	A	2
819D	25CE	E2978E	◎	BULLSEYE	A	2
819E	25C7	E29787	◇	WHITE DIAMOND	A	2
819F	25C6	E29786	◆	BLACK DIAMOND	A	2
81A0	25A1	E296A1	□	WHITE SQUARE	A	2
81A1	25A0	E296A0	■	BLACK SQUARE	A	2
81A2	25B3	E296B3	△	WHITE UP-POINTING TRIANGLE	A	2
81A3	25B2	E296B2	▲	BLACK UP-POINTING TRIANGLE	A	2
81A4	25BD	E296BD	▽	WHITE DOWN-POINTING TRIANGLE	A	2
81A5	25BC	E296BC	▼	BLACK DOWN-POINTING TRIANGLE	A	2
81A6	203B	E280BB	※	REFERENCE MARK	A	2
81A7	3012	E38092	〒	POSTAL MARK	W	2
81A8	2192	E28692	→	RIGHTWARDS ARROW	A	2
81A9	2190	E28690	←	LEFTWARDS ARROW	A	2
81AA	2191	E28691	↑	UPWARDS ARROW	A	2
81AB	2193	E28693	↓	DOWNWARDS ARROW	A	2
81AC	3013	E38093	〓	GETA MARK	W	2
81B8	2208	E28888	∈	ELEMENT OF	A	2
81B9	220B	E2888B	∋	CONTAINS AS MEMBER	A	2
81BA	2286	E28A86	⊆	SUBSET OF OR EQUAL TO	A	2
81BB	2287	E28A87	⊇	SUPERSET OF OR EQUAL TO	A	2
81BC	2282	E28A82	⊂	SUBSET OF	A	2
81BD	2283	E28A83	⊃	SUPERSET OF	A	2
81BE	222A	E288AA	∪	UNION	A	2
81BF	2229	E288A9	∩	INTERSECTION	A	2
81C8	2227	E288A7	∧	LOGICAL AND	A	2
81C9	2228	E288A8	∨	LOGICAL OR	A	2
81CA	FFE2	EFBFA2	￢	FULLWIDTH NOT SIGN	F	2
81CB	21D2	E28792	⇒	RIGHTWARDS DOUBLE ARROW	A	2
81CC	21D4	E28794	⇔	LEFT RIGHT DOUBLE ARROW	A	2
81CD	2200	E28880	∀	FOR ALL	A	2
81CE	2203	E28883	∃	THERE EXISTS	A	2
81DA	2220	E288A0	∠	ANGLE	A	2
81DB	22A5	E28AA5	⊥	UP TACK	A	2
81DC	2312	E28C92	⌒	ARC	A	2
81DD	2202	E28882	∂	PARTIAL DIFFERENTIAL	A	2
81DE	2207	E28887	∇	NABLA	A	2
81DF	2261	E289A1	≡	IDENTICAL TO	A	2
81E0	2252	E28992	≒	APPROXIMATELY EQUAL TO OR THE IMAGE OF	A	2
81E1	226A	E289AA	≪	MUCH LESS-THAN	A	2
81E2	226B	E289AB	≫	MUCH GREATER-THAN	A	2
81E3	221A	E2889A	√	SQUARE ROOT	A	2
81E4	223D	E288BD	∽	REVERSED TILDE	A	2
81E5	221D	E2889D	∝	PROPORTIONAL TO	A	2
81E6	2235	E288B5	∵	BECAUSE	A	2
81E7	222B	E288AB	∫	INTEGRAL	A	2
81E8	222C	E288AC	∬	DOUBLE INTEGRAL	A	2
81F0	212B	E284AB	Å	ANGSTROM SIGN	A	2
81F1	2030	E280B0	‰	PER MILLE SIGN	A	2
81F2	266F	E299AF	♯	MUSIC SHARP SIGN	A	2
81F3	266D	E299AD	♭	MUSIC FLAT SIGN	A	2
81F4	266A	E299AA	♪	EIGHTH NOTE	A	2
81F5	2020	E280A0	†	DAGGER	A	2
81F6	2021	E280A1	‡	DOUBLE DAGGER	A	2
81F7	00B6	C2B6	¶	PILCROW SIGN	A	2
81FC	25EF	E297AF	◯	LARGE CIRCLE	A	2
824F	FF10	EFBC90	０	FULLWIDTH DIGIT ZERO	F	2
8250	FF11	EFBC91	１	FULLWIDTH DIGIT ONE	F	2
8251	FF12	EFBC92	２	FULLWIDTH DIGIT TWO	F	2
8252	FF13	EFBC93	３	FULLWIDTH DIGIT THREE	F	2
8253	FF14	EFBC94	４	FULLWIDTH DIGIT FOUR	F	2
8254	FF15	EFBC95	５	FULLWIDTH DIGIT FIVE	F	2
8255	FF16	EFBC96	６	FULLWIDTH DIGIT SIX	F	2
8256	FF17	EFBC97	７	FULLWIDTH DIGIT SEVEN	F	2
8257	FF18	EFBC98	８	FULLWIDTH DIGIT EIGHT	F	2
8258	FF19	EFBC99	９	FULLWIDTH DIGIT NINE	F	2
8260	FF21	EFBCA1	Ａ	FULLWIDTH LATIN CAPITAL LETTER A	F	2
8261	FF22	EFBCA2	Ｂ	FULLWIDTH LATIN CAPITAL LETTER B	F	2
8262	FF23	EFBCA3	Ｃ	FULLWIDTH LATIN CAPITAL LETTER C	F	2
8263	FF24	EFBCA4	Ｄ	FULLWIDTH LATIN CAPITAL LETTER D	F	2
8264	FF25	EFBCA5	Ｅ	FULLWIDTH LATIN CAPITAL LETTER E	F	2
8265	FF26	EFBCA6	Ｆ	FULLWIDTH LATIN CAPITAL LETTER F	F	2
8266	FF27	EFBCA7	Ｇ	FULLWIDTH LATIN CAPITAL LETTER G	F	2
8267	FF28	EFBCA8	Ｈ	FULLWIDTH LATIN CAPITAL LETTER H	F	2
8268	FF29	EFBCA9	Ｉ	FULLWIDTH LATIN CAPITAL LETTER I	F	2
8269	FF2A	EFBCAA	Ｊ	FULLWIDTH LATIN CAPITAL LETTER J	F	2
826A	FF2B	EFBCAB	Ｋ	FULLWIDTH LATIN CAPITAL LETTER K	F	2
826B	FF2C	EFBCAC	Ｌ	FULLWIDTH LATIN CAPITAL LETTER L	F	2
826C	FF2D	EFBCAD	Ｍ	FULLWIDTH LATIN CAPITAL LETTER M	F	2
826D	FF2E	EFBCAE	Ｎ	FULLWIDTH LATIN CAPITAL LETTER N	F	2
826E	FF2F	EFBCAF	Ｏ	FULLWIDTH LATIN CAPITAL LETTER O	F	2
826F	FF30	EFBCB0	Ｐ	FULLWIDTH LATIN CAPITAL LETTER P	F	2
8270	FF31	EFBCB1	Ｑ	FULLWIDTH LATIN CAPITAL LETTER Q	F	2
8271	FF32	EFBCB2	Ｒ	FULLWIDTH LATIN CAPITAL LETTER R	F	2
8272	FF33	EFBCB3	Ｓ	FULLWIDTH LATIN CAPITAL LETTER S	F	2
8273	FF34	EFBCB4	Ｔ	FULLWIDTH LATIN CAPITAL LETTER T	F	2
8274	FF35	EFBCB5	Ｕ	FULLWIDTH LATIN CAPITAL LETTER U	F	2
8275	FF36	EFBCB6	Ｖ	FULLWIDTH LATIN CAPITAL LETTER V	F	2
8276	FF37	EFBCB7	Ｗ	FULLWIDTH LATIN CAPITAL LETTER W	F	2
8277	FF38	EFBCB8	Ｘ	FULLWIDTH LATIN CAPITAL LETTER X	F	2
8278	FF39	EFBCB9	Ｙ	FULLWIDTH LATIN CAPITAL LETTER Y	F	2
8279	FF3A	EFBCBA	Ｚ	FULLWIDTH LATIN CAPITAL LETTER Z	F	2
8281	FF41	EFBD81	ａ	FULLWIDTH LATIN SMALL LETTER A	F	2
8282	FF42	EFBD82	ｂ	FULLWIDTH LATIN SMALL LETTER B	F	2
8283	FF43	EFBD83	ｃ	FULLWIDTH LATIN SMALL LETTER C	F	2
8284	FF44	EFBD84	ｄ	FULLWIDTH LATIN SMALL LETTER D	F	2
8285	FF45	EFBD85	ｅ	FULLWIDTH LATIN SMALL LETTER E	F	2
8286	FF46	EFBD86	ｆ	FULLWIDTH LATIN SMALL LETTER F	F	2
8287	FF47	EFBD87	ｇ	FULLWIDTH LATIN SMALL LETTER G	F	2
8288	FF48	EFBD88	ｈ	FULLWIDTH LATIN SMALL LETTER H	F	2
8289	FF49	EFBD89	ｉ	FULLWIDTH LATIN SMALL LETTER I	F	2
828A	FF4A	EFBD8A	ｊ	FULLWIDTH LATIN SMALL LETTER J	F	2
828B	FF4B	EFBD8B	ｋ	FULLWIDTH LATIN SMALL LETTER K	F	2
828C	FF4C	EFBD8C	ｌ	FULLWIDTH LATIN SMALL LETTER L	F	2
828D	FF4D	EFBD8D	ｍ	FULLWIDTH LATIN SMALL LETTER M	F	2
828E	FF4E	EFBD8E	ｎ	FULLWIDTH LATIN SMALL LETTER N	F	2
828F	FF4F	EFBD8F	ｏ	FULLWIDTH LATIN SMALL LETTER O	F	2
8290	FF50	EFBD90	ｐ	FULLWIDTH LATIN SMALL LETTER P	F	2
8291	FF51	EFBD91	ｑ	FULLWIDTH LATIN SMALL LETTER Q	F	2
8292	FF52	EFBD92	ｒ	FULLWIDTH LATIN SMALL LETTER R	F	2
8293	FF53	EFBD93	ｓ	FULLWIDTH LATIN SMALL LETTER S	F	2
8294	FF54	EFBD94	ｔ	FULLWIDTH LATIN SMALL LETTER T	F	2
8295	FF55	EFBD95	ｕ	FULLWIDTH LATIN SMALL LETTER U	F	2
8296	FF56	EFBD96	ｖ	FULLWIDTH LATIN SMALL LETTER V	F	2
8297	FF57	EFBD97	ｗ	FULLWIDTH LATIN SMALL LETTER W	F	2
8298	FF58	EFBD98	ｘ	FULLWIDTH LATIN SMALL LETTER X	F	2
8299	FF59	EFBD99	ｙ	FULLWIDTH LATIN SMALL LETTER Y	F	2
829A	FF5A	EFBD9A	ｚ	FULLWIDTH LATIN SMALL LETTER Z	F	2
829F	3041	E38181	ぁ	HIRAGANA LETTER SMALL A	W	2
82A0	3042	E38182	あ	HIRAGANA LETTER A	W	2
82A1	3043	E38183	ぃ	HIRAGANA LETTER SMALL I	W	2
82A2	3044	E38184	い	HIRAGANA LETTER I	W	2
82A3	3045	E38185	ぅ	HIRAGANA LETTER SMALL U	W	2
82A4	3046	E38186	う	HIRAGANA LETTER U	W	2
82A5	3047	E38187	ぇ	HIRAGANA LETTER SMALL E	W	2
82A6	3048	E38188	え	HIRAGANA LETTER E	W	2
82A7	3049	E38189	ぉ	HIRAGANA LETTER SMALL O	W	2
82A8	304A	E3818A	お	HIRAGANA LETTER O	W	2
82A9	304B	E3818B	か	HIRAGANA LETTER KA	W	2
82AA	304C	E3818C	が	HIRAGANA LETTER GA	W	2
82AB	304D	E3818D	き	HIRAGANA LETTER KI	W	2
82AC	304E	E3818E	ぎ	HIRAGANA LETTER GI	W	2
82AD	304F	E3818F	く	HIRAGANA LETTER KU	W	2
82AE	3050	E38190	ぐ	HIRAGANA LETTER GU	W	2
82AF	3051	E38191	け	HIRAGANA LETTER KE	W	2
82B0	3052	E38192	げ	HIRAGANA LETTER GE	W	2
82B1	3053	E38193	こ	HIRAGANA LETTER KO	W	2
82B2	3054	E38194	ご	HIRAGANA LETTER GO	W	2
82B3	3055	E38195	さ	HIRAGANA LETTER SA	W	2
82B4	3056	E38196	ざ	HIRAGANA LETTER ZA	W	2
82B5	3057	E38197	し	HIRAGANA LETTER SI	W	2
82B6	3058	E38198	じ	HIRAGANA LETTER ZI	W	2
82B7	3059	E38199	す	HIRAGANA LETTER SU	W	2
82B8	305A	E3819A	ず	HIRAGANA LETTER ZU	W	2
82B9	305B	E3819B	せ	HIRAGANA LETTER SE	W	2
82BA	305C	E3819C	ぜ	HIRAGANA LETTER ZE	W	2
82BB	305D	E3819D	そ	HIRAGANA LETTER SO	W	2
82BC	305E	E3819E	ぞ	HIRAGANA LETTER ZO	W	2
82BD	305F	E3819F	た	HIRAGANA LETTER TA	W	2
82BE	3060	E381A0	だ	HIRAGANA LETTER DA	W	2
82BF	3061	E381A1	ち	HIRAGANA LETTER TI	W	2
82C0	3062	E381A2	ぢ	HIRAGANA LETTER DI	W	2
82C1	3063	E381A3	っ	HIRAGANA LETTER SMALL TU	W	2
82C2	3064	E381A4	つ	HIRAGANA LETTER TU	W	2
82C3	3065	E381A5	づ	HIRAGANA LETTER DU	W	2
82C4	3066	E381A6	て	HIRAGANA LETTER TE	W	2
82C5	3067	E381A7	で	HIRAGANA LETTER DE	W	2
82C6	3068	E381A8	と	HIRAGANA LETTER TO	W	2
82C7	3069	E381A9	ど	HIRAGANA LETTER DO	W	2
82C8	306A	E381AA	な	HIRAGANA LETTER NA	W	2
82C9	306B	E381AB	に	HIRAGANA LETTER NI	W	2
82CA	306C	E381AC	ぬ	HIRAGANA LETTER NU	W	2
82CB	306D	E381AD	ね	HIRAGANA LETTER NE	W	2
82CC	306E	E381AE	の	HIRAGANA LETTER NO	W	2
82CD	306F	E381AF	は	HIRAGANA LETTER HA	W	2
82CE	3070	E381B0	ば	HIRAGANA LETTER BA	W	2
82CF	3071	E381B1	ぱ	HIRAGANA LETTER PA	W	2
82D0	3072	E381B2	ひ	HIRAGANA LETTER HI	W	2
82D1	3073	E381B3	び	HIRAGANA LETTER BI	W	2
82D2	3074	E381B4	ぴ	HIRAGANA LETTER PI	W	2
82D3	3075	E381B5	ふ	HIRAGANA LETTER HU	W	2
82D4	3076	E381B6	ぶ	HIRAGANA LETTER BU	W	2
82D5	3077	E381B7	ぷ	HIRAGANA LETTER PU	W	2
82D6	3078	E381B8	へ	HIRAGANA LETTER HE	W	2
82D7	3079	E381B9	べ	HIRAGANA LETTER BE	W	2
82D8	307A	E381BA	ぺ	HIRAGANA LETTER PE	W	2
82D9	307B	E381BB	ほ	HIRAGANA LETTER HO	W	2
82DA	307C	E381BC	ぼ	HIRAGANA LETTER BO	W	2
82DB	307D	E381BD	ぽ	HIRAGANA LETTER PO	W	2
82DC	307E	E381BE	ま	HIRAGANA LETTER MA	W	2
82DD	307F	E381BF	み	HIRAGANA LETTER MI	W	2
82DE	3080	E38280	む	HIRAGANA LETTER MU	W	2
82DF	3081	E38281	め	HIRAGANA LETTER ME	W	2
82E0	3082	E38282	も	HIRAGANA LETTER MO	W	2
82E1	3083	E38283	ゃ	HIRAGANA LETTER SMALL YA	W	2
82E2	3084	E38284	や	HIRAGANA LETTER YA	W	2
82E3	3085	E38285	ゅ	HIRAGANA LETTER SMALL YU	W	2
82E4	3086	E38286	ゆ	HIRAGANA LETTER YU	W	2
82E5	3087	E38287	ょ	HIRAGANA LETTER SMALL YO	W	2
82E6	3088	E38288	よ	HIRAGANA LETTER YO	W	2
82E7	3089	E38289	ら	HIRAGANA LETTER RA	W	2
82E8	308A	E3828A	り	HIRAGANA LETTER RI	W	2
82E9	308B	E3828B	る	HIRAGANA LETTER RU	W	2
82EA	308C	E3828C	れ	HIRAGANA LETTER RE	W	2
82EB	308D	E3828D	ろ	HIRAGANA LETTER RO	W	2
82EC	308E	E3828E	ゎ	HIRAGANA LETTER SMALL WA	W	2
82ED	308F	E3828F	わ	HIRAGANA LETTER WA	W	2
82EE	3090	E38290	ゐ	HIRAGANA LETTER WI	W	2
82EF	3091	E38291	ゑ	HIRAGANA LETTER WE	W	2
82F0	3092	E38292	を	HIRAGANA LETTER WO	W	2
82F1	3093	E38293	ん	HIRAGANA LETTER N	W	2
8340	30A1	E382A1	ァ	KATAKANA LETTER SMALL A	W	2
8341	30A2	E382A2	ア	KATAKANA LETTER A	W	2
8342	30A3	E382A3	ィ	KATAKANA LETTER SMALL I	W	2
8343	30A4	E382A4	イ	KATAKANA LETTER I	W	2
8344	30A5	E382A5	ゥ	KATAKANA LETTER SMALL U	W	2
8345	30A6	E382A6	ウ	KATAKANA LETTER U	W	2
8346	30A7	E382A7	ェ	KATAKANA LETTER SMALL E	W	2
8347	30A8	E382A8	エ	KATAKANA LETTER E	W	2
8348	30A9	E382A9	ォ	KATAKANA LETTER SMALL O	W	2
8349	30AA	E382AA	オ	KATAKANA LETTER O	W	2
834A	30AB	E382AB	カ	KATAKANA LETTER KA	W	2
834B	30AC	E382AC	ガ	KATAKANA LETTER GA	W	2
834C	30AD	E382AD	キ	KATAKANA LETTER KI	W	2
834D	30AE	E382AE	ギ	KATAKANA LETTER GI	W	2
834E	30AF	E382AF	ク	KATAKANA LETTER KU	W	2
834F	30B0	E382B0	グ	KATAKANA LETTER GU	W	2
8350	30B1	E382B1	ケ	KATAKANA LETTER KE	W	2
8351	30B2	E382B2	ゲ	KATAKANA LETTER GE	W	2
8352	30B3	E382B3	コ	KATAKANA LETTER KO	W	2
8353	30B4	E382B4	ゴ	KATAKANA LETTER GO	W	2
8354	30B5	E382B5	サ	KATAKANA LETTER SA	W	2
8355	30B6	E382B6	ザ	KATAKANA LETTER ZA	W	2
8356	30B7	E382B7	シ	KATAKANA LETTER SI	W	2
8357	30B8	E382B8	ジ	KATAKANA LETTER ZI	W	2
8358	30B9	E382B9	ス	KATAKANA LETTER SU	W	2
8359	30BA	E382BA	ズ	KATAKANA LETTER ZU	W	2
835A	30BB	E382BB	セ	KATAKANA LETTER SE	W	2
835B	30BC	E382BC	ゼ	KATAKANA LETTER ZE	W	2
835C	30BD	E382BD	ソ	KATAKANA LETTER SO	W	2
835D	30BE	E382BE	ゾ	KATAKANA LETTER ZO	W	2
835E	30BF	E382BF	タ	KATAKANA LETTER TA	W	2
835F	30C0	E38380	ダ	KATAKANA LETTER DA	W	2
8360	30C1	E38381	チ	KATAKANA LETTER TI	W	2
8361	30C2	E38382	ヂ	KATAKANA LETTER DI	W	2
8362	30C3	E38383	ッ	KATAKANA LETTER SMALL TU	W	2
8363	30C4	E38384	ツ	KATAKANA LETTER TU	W	2
8364	30C5	E38385	ヅ	KATAKANA LETTER DU	W	2
8365	30C6	E38386	テ	KATAKANA LETTER TE	W	2
8366	30C7	E38387	デ	KATAKANA LETTER DE	W	2
8367	30C8	E38388	ト	KATAKANA LETTER TO	W	2
8368	30C9	E38389	ド	KATAKANA LETTER DO	W	2
8369	30CA	E3838A	ナ	KATAKANA LETTER NA	W	2
836A	30CB	E3838B	ニ	KATAKANA LETTER NI	W	2
836B	30CC	E3838C	ヌ	KATAKANA LETTER NU	W	2
836C	30CD	E3838D	ネ	KATAKANA LETTER NE	W	2
836D	30CE	E3838E	ノ	KATAKANA LETTER NO	W	2
836E	30CF	E3838F	ハ	KATAKANA LETTER HA	W	2
836F	30D0	E38390	バ	KATAKANA LETTER BA	W	2
8370	30D1	E38391	パ	KATAKANA LETTER PA	W	2
8371	30D2	E38392	ヒ	KATAKANA LETTER HI	W	2
8372	30D3	E38393	ビ	KATAKANA LETTER BI	W	2
8373	30D4	E38394	ピ	KATAKANA LETTER PI	W	2
8374	30D5	E38395	フ	KATAKANA LETTER HU	W	2
8375	30D6	E38396	ブ	KATAKANA LETTER BU	W	2
8376	30D7	E38397	プ	KATAKANA LETTER PU	W	2
8377	30D8	E38398	ヘ	KATAKANA LETTER HE	W	2
8378	30D9	E38399	ベ	KATAKANA LETTER BE	W	2
8379	30DA	E3839A	ペ	KATAKANA LETTER PE	W	2
837A	30DB	E3839B	ホ	KATAKANA LETTER HO	W	2
837B	30DC	E3839C	ボ	KATAKANA LETTER BO	W	2
837C	30DD	E3839D	ポ	KATAKANA LETTER PO	W	2
837D	30DE	E3839E	マ	KATAKANA LETTER MA	W	2
837E	30DF	E3839F	ミ	KATAKANA LETTER MI	W	2
8380	30E0	E383A0	ム	KATAKANA LETTER MU	W	2
8381	30E1	E383A1	メ	KATAKANA LETTER ME	W	2
8382	30E2	E383A2	モ	KATAKANA LETTER MO	W	2
8383	30E3	E383A3	ャ	KATAKANA LETTER SMALL YA	W	2
8384	30E4	E383A4	ヤ	KATAKANA LETTER YA	W	2
8385	30E5	E383A5	ュ	KATAKANA LETTER SMALL YU	W	2
8386	30E6	E383A6	ユ	KATAKANA LETTER YU	W	2
8387	30E7	E383A7	ョ	KATAKANA LETTER SMALL YO	W	2
8388	30E8	E383A8	ヨ	KATAKANA LETTER YO	W	2
8389	30E9	E383A9	ラ	KATAKANA LETTER RA	W	2
838A	30EA	E383AA	リ	KATAKANA LETTER RI	W	2
838B	30EB	E383AB	ル	KATAKANA LETTER RU	W	2
838C	30EC	E383AC	レ	KATAKANA LETTER RE	W	2
838D	30ED	E383AD	ロ	KATAKANA LETTER RO	W	2
838E	30EE	E383AE	ヮ	KATAKANA LETTER SMALL WA	W	2
838F	30EF	E383AF	ワ	KATAKANA LETTER WA	W	2
8390	30F0	E383B0	ヰ	KATAKANA LETTER WI	W	2
8391	30F1	E383B1	ヱ	KATAKANA LETTER WE	W	2
8392	30F2	E383B2	ヲ	KATAKANA LETTER WO	W	2
8393	30F3	E383B3	ン	KATAKANA LETTER N	W	2
8394	30F4	E383B4	ヴ	KATAKANA LETTER VU	W	2
8395	30F5	E383B5	ヵ	KATAKANA LETTER SMALL KA	W	2
8396	30F6	E383B6	ヶ	KATAKANA LETTER SMALL KE	W	2
839F	0391	CE91	Α	GREEK CAPITAL LETTER ALPHA	A	2
83A0	0392	CE92	Β	GREEK CAPITAL LETTER BETA	A	2
83A1	0393	CE93	Γ	GREEK CAPITAL LETTER GAMMA	A	2
83A2	0394	CE94	Δ	GREEK CAPITAL LETTER DELTA	A	2
83A3	0395	CE95	Ε	GREEK CAPITAL LETTER EPSILON	A	2
83A4	0396	CE96	Ζ	GREEK CAPITAL LETTER ZETA	A	2
83A5	0397	CE97	Η	GREEK CAPITAL LETTER ETA	A	2
83A6	0398	CE98	Θ	GREEK CAPITAL LETTER THETA	A	2
83A7	0399	CE99	Ι	GREEK CAPITAL LETTER IOTA	A	2
83A8	039A	CE9A	Κ	GREEK CAPITAL LETTER KAPPA	A	2
83A9	039B	CE9B	Λ	GREEK CAPITAL LETTER LAMDA	A	2
83AA	039C	CE9C	Μ	GREEK CAPITAL LETTER MU	A	2
83AB	039D	CE9D	Ν	GREEK CAPITAL LETTER NU	A	2
83AC	039E	CE9E	Ξ	GREEK CAPITAL LETTER XI	A	2
83AD	039F	CE9F	Ο	GREEK CAPITAL LETTER OMICRON	A	2
83AE	03A0	CEA0	Π	GREEK CAPITAL LETTER PI	A	2
83AF	03A1	CEA1	Ρ	GREEK CAPITAL LETTER RHO	A	2
83B0	03A3	CEA3	Σ	GREEK CAPITAL LETTER SIGMA	A	2
83B1	03A4	CEA4	Τ	GREEK CAPITAL LETTER TAU	A	2
83B2	03A5	CEA5	Υ	GREEK CAPITAL LETTER UPSILON	A	2
83B3	03A6	CEA6	Φ	GREEK CAPITAL LETTER PHI	A	2
83B4	03A7	CEA7	Χ	GREEK CAPITAL LETTER CHI	A	2
83B5	03A8	CEA8	Ψ	GREEK CAPITAL LETTER PSI	A	2
83B6	03A9	CEA9	Ω	GREEK CAPITAL LETTER OMEGA	A	2
83BF	03B1	CEB1	α	GREEK SMALL LETTER ALPHA	A	2
83C0	03B2	CEB2	β	GREEK SMALL LETTER BETA	A	2
83C1	03B3	CEB3	γ	GREEK SMALL LETTER GAMMA	A	2
83C2	03B4	CEB4	δ	GREEK SMALL LETTER DELTA	A	2
83C3	03B5	CEB5	ε	GREEK SMALL LETTER EPSILON	A	2
83C4	03B6	CEB6	ζ	GREEK SMALL LETTER ZETA	A	2
83C5	03B7	CEB7	η	GREEK SMALL LETTER ETA	A	2
83C6	03B8	CEB8	θ	GREEK SMALL LETTER THETA	A	2
83C7	03B9	CEB9	ι	GREEK SMALL LETTER IOTA	A	2
83C8	03BA	CEBA	κ	GREEK SMALL LETTER KAPPA	A	2
83C9	03BB	CEBB	λ	GREEK SMALL LETTER LAMDA	A	2
83CA	03BC	CEBC	μ	GREEK SMALL LETTER MU	A	2
83CB	03BD	CEBD	ν	GREEK SMALL LETTER NU	A	2
83CC	03BE	CEBE	ξ	GREEK SMALL LETTER XI	A	2
83CD	03BF	CEBF	ο	GREEK SMALL LETTER OMICRON	A	2
83CE	03C0	CF80	π	GREEK SMALL LETTER PI	A	2
83CF	03C1	CF81	ρ	GREEK SMALL LETTER RHO	A	2
83D0	03C3	CF83	σ	GREEK SMALL LETTER SIGMA	A	2
83D1	03C4	CF84	τ	GREEK SMALL LETTER TAU	A	2
83D2	03C5	CF85	υ	GREEK SMALL LETTER UPSILON	A	2
83D3	03C6	CF86	φ	GREEK SMALL LETTER PHI	A	2
83D4	03C7	CF87	χ	GREEK SMALL LETTER CHI	A	2
83D5	03C8	CF88	ψ	GREEK SMALL LETTER PSI	A	2
83D6	03C9	CF89	ω	GREEK SMALL LETTER OMEGA	A	2
8440	0410	D090	А	CYRILLIC CAPITAL LETTER A	A	2
8441	0411	D091	Б	CYRILLIC CAPITAL LETTER BE	A	2
8442	0412	D092	В	CYRILLIC CAPITAL LETTER VE	A	2
8443	0413	D093	Г	CYRILLIC CAPITAL LETTER GHE	A	2
8444	0414	D094	Д	CYRILLIC CAPITAL LETTER DE	A	2
8445	0415	D095	Е	CYRILLIC CAPITAL LETTER IE	A	2
8446	0401	D081	Ё	CYRILLIC CAPITAL LETTER IO	A	2
8447	0416	D096	Ж	CYRILLIC CAPITAL LETTER ZHE	A	2
8448	0417	D097	З	CYRILLIC CAPITAL LETTER ZE	A	2
8449	0418	D098	И	CYRILLIC CAPITAL LETTER I	A	2
844A	0419	D099	Й	CYRILLIC CAPITAL LETTER SHORT I	A	2
844B	041A	D09A	К	CYRILLIC CAPITAL LETTER KA	A	2
844C	041B	D09B	Л	CYRILLIC CAPITAL LETTER EL	A	2
844D	041C	D09C	М	CYRILLIC CAPITAL LETTER EM	A	2
844E	041D	D09D	Н	CYRILLIC CAPITAL LETTER EN	A	2
844F	041E	D09E	О	CYRILLIC CAPITAL LETTER O	A	2
8450	041F	D09F	П	CYRILLIC CAPITAL LETTER PE	A	2
8451	0420	D0A0	Р	CYRILLIC CAPITAL LETTER ER	A	2
8452	0421	D0A1	С	CYRILLIC CAPITAL LETTER ES	A	2
8453	0422	D0A2	Т	CYRILLIC CAPITAL LETTER TE	A	2
8454	0423	D0A3	У	CYRILLIC CAPITAL LETTER U	A	2
8455	0424	D0A4	Ф	CYRILLIC CAPITAL LETTER EF	A	2
8456	0425	D0A5	Х	CYRILLIC CAPITAL LETTER HA	A	2
8457	0426	D0A6	Ц	CYRILLIC CAPITAL LETTER TSE	A	2
8458	0427	D0A7	Ч	CYRILLIC CAPITAL LETTER CHE	A	2
8459	0428	D0A8	Ш	CYRILLIC CAPITAL LETTER SHA	A	2
845A	0429	D0A9	Щ	CYRILLIC CAPITAL LETTER SHCHA	A	2
845B	042A	D0AA	Ъ	CYRILLIC CAPITAL LETTER HARD SIGN	A	2
845C	042B	D0AB	Ы	CYRILLIC CAPITAL LETTER YERU	A	2
845D	042C	D0AC	Ь	CYRILLIC CAPITAL LETTER SOFT SIGN	A	2
845E	042D	D0AD	Э	CYRILLIC CAPITAL LETTER E	A	2
845F	042E	D0AE	Ю	CYRILLIC CAPITAL LETTER YU	A	2
8460	042F	D0AF	Я	CYRILLIC CAPITAL LETTER YA	A	2
8470	0430	D0B0	а	CYRILLIC SMALL LETTER A	A	2
8471	0431	D0B1	б	CYRILLIC SMALL LETTER BE	A	2
8472	0432	D0B2	в	CYRILLIC SMALL LETTER VE	A	2
8473	0433	D0B3	г	CYRILLIC SMALL LETTER GHE	A	2
8474	0434	D0B4	д	CYRILLIC SMALL LETTER DE	A	2
8475	0435	D0B5	е	CYRILLIC SMALL LETTER IE	A	2
8476	0451	D191	ё	CYRILLIC SMALL LETTER IO	A	2
8477	0436	D0B6	ж	CYRILLIC SMALL LETTER ZHE	A	2
8478	0437	D0B7	з	CYRILLIC SMALL LETTER ZE	A	2
8479	0438	D0B8	и	CYRILLIC SMALL LETTER I	A	2
847A	0439	D0B9	й	CYRILLIC SMALL LETTER SHORT I	A	2
847B	043A	D0BA	к	CYRILLIC SMALL LETTER KA	A	2
847C	043B	D0BB	л	CYRILLIC SMALL LETTER EL	A	2
847D	043C	D0BC	м	CYRILLIC SMALL LETTER EM	A	2
847E	043D	D0BD	н	CYRILLIC SMALL LETTER EN	A	2
8480	043E	D0BE	о	CYRILLIC SMALL LETTER O	A	2
8481	043F	D0BF	п	CYRILLIC SMALL LETTER PE	A	2
8482	0440	D180	р	CYRILLIC SMALL LETTER ER	A	2
8483	0441	D181	с	CYRILLIC SMALL LETTER ES	A	2
8484	0442	D182	т	CYRILLIC SMALL LETTER TE	A	2
8485	0443	D183	у	CYRILLIC SMALL LETTER U	A	2
8486	0444	D184	ф	CYRILLIC SMALL LETTER EF	A	2
8487	0445	D185	х	CYRILLIC SMALL LETTER HA	A	2
8488	0446	D186	ц	CYRILLIC SMALL LETTER TSE	A	2
8489	0447	D187	ч	CYRILLIC SMALL LETTER CHE	A	2
848A	0448	D188	ш	CYRILLIC SMALL LETTER SHA	A	2
848B	0449	D189	щ	CYRILLIC SMALL LETTER SHCHA	A	2
848C	044A	D18A	ъ	CYRILLIC SMALL LETTER HARD SIGN	A	2
848D	044B	D18B	ы	CYRILLIC SMALL LETTER YERU	A	2
848E	044C	D18C	ь	CYRILLIC SMALL LETTER SOFT SIGN	A	2
848F	044D	D18D	э	CYRILLIC SMALL LETTER E	A	2
8490	044E	D18E	ю	CYRILLIC SMALL LETTER YU	A	2
8491	044F	D18F	я	CYRILLIC SMALL LETTER YA	A	2
849F	2500	E29480	─	BOX DRAWINGS LIGHT HORIZONTAL	A	2
84A0	2502	E29482	│	BOX DRAWINGS LIGHT VERTICAL	A	2
84A1	250C	E2948C	┌	BOX DRAWINGS LIGHT DOWN AND RIGHT	A	2
84A2	2510	E29490	┐	BOX DRAWINGS LIGHT DOWN AND LEFT	A	2
84A3	2518	E29498	┘	BOX DRAWINGS LIGHT UP AND LEFT	A	2
84A4	2514	E29494	└	BOX DRAWINGS LIGHT UP AND RIGHT	A	2
84A5	251C	E2949C	├	BOX DRAWINGS LIGHT VERTICAL AND RIGHT	A	2
84A6	252C	E294AC	┬	BOX DRAWINGS LIGHT DOWN AND HORIZONTAL	A	2
84A7	2524	E294A4	┤	BOX DRAWINGS LIGHT VERTICAL AND LEFT	A	2
84A8	2534	E294B4	┴	BOX DRAWINGS LIGHT UP AND HORIZONTAL	A	2
84A9	253C	E294BC	┼	BOX DRAWINGS LIGHT VERTICAL AND HORIZONTAL	A	2
84AA	2501	E29481	━	BOX DRAWINGS HEAVY HORIZONTAL	A	2
84AB	2503	E29483	┃	BOX DRAWINGS HEAVY VERTICAL	A	2
84AC	250F	E2948F	┏	BOX DRAWINGS HEAVY DOWN AND RIGHT	A	2
84AD	2513	E29493	┓	BOX DRAWINGS HEAVY DOWN AND LEFT	A	2
84AE	251B	E2949B	┛	BOX DRAWINGS HEAVY UP AND LEFT	A	2
84AF	2517	E29497	┗	BOX DRAWINGS HEAVY UP AND RIGHT	A	2
84B0	2523	E294A3	┣	BOX DRAWINGS HEAVY VERTICAL AND RIGHT	A	2
84B1	2533	E294B3	┳	BOX DRAWINGS HEAVY DOWN AND HORIZONTAL	A	2
84B2	252B	E294AB	┫	BOX DRAWINGS HEAVY VERTICAL AND LEFT	A	2
84B3	253B	E294BB	┻	BOX DRAWINGS HEAVY UP AND HORIZONTAL	A	2
84B4	254B	E2958B	╋	BOX DRAWINGS HEAVY VERTICAL AND HORIZONTAL	A	2
84B5	2520	E294A0	┠	BOX DRAWINGS VERTICAL HEAVY AND RIGHT LIGHT	A	2
84B6	252F	E294AF	┯	BOX DRAWINGS DOWN LIGHT AND HORIZONTAL HEAVY	A	2
84B7	2528	E294A8	┨	BOX DRAWINGS VERTICAL HEAVY AND LEFT LIGHT	A	2
84B8	2537	E294B7	┷	BOX DRAWINGS UP LIGHT AND HORIZONTAL HEAVY	A	2
84B9	253F	E294BF	┿	BOX DRAWINGS VERTICAL LIGHT AND HORIZONTAL HEAVY	A	2
84BA	251D	E2949D	┝	BOX DRAWINGS VERTICAL LIGHT AND RIGHT HEAVY	A	2
84BB	2530	E294B0	┰	BOX DRAWINGS DOWN HEAVY AND HORIZONTAL LIGHT	A	2
84BC	2525	E294A5	┥	BOX DRAWINGS VERTICAL LIGHT AND LEFT HEAVY	A	2
84BD	2538	E294B8	┸	BOX DRAWINGS UP HEAVY AND HORIZONTAL LIGHT	A	2
84BE	2542	E29582	╂	BOX DRAWINGS VERTICAL HEAVY AND HORIZONTAL LIGHT	A	2
8740	2460	E291A0	①	CIRCLED DIGIT ONE	A	2
8741	2461	E291A1	②	CIRCLED DIGIT TWO	A	2
8742	2462	E291A2	③	CIRCLED DIGIT THREE	A	2
8743	2463	E291A3	④	CIRCLED DIGIT FOUR	A	2
8744	2464	E291A4	⑤	CIRCLED DIGIT FIVE	A	2
8745	2465	E291A5	⑥	CIRCLED DIGIT SIX	A	2
8746	2466	E291A6	⑦	CIRCLED DIGIT SEVEN	A	2
8747	2467	E291A7	⑧	CIRCLED DIGIT EIGHT	A	2
8748	2468	E291A8	⑨	CIRCLED DIGIT NINE	A	2
8749	2469	E291A9	⑩	CIRCLED NUMBER TEN	A	2
874A	246A	E291AA	⑪	CIRCLED NUMBER ELEVEN	A	2
874B	246B	E291AB	⑫	CIRCLED NUMBER TWELVE	A	2
874C	246C	E291AC	⑬	CIRCLED NUMBER THIRTEEN	A	2
874D	246D	E291AD	⑭	CIRCLED NUMBER FOURTEEN	A	2
874E	246E	E291AE	⑮	CIRCLED NUMBER FIFTEEN	A	2
874F	246F	E291AF	⑯	CIRCLED NUMBER SIXTEEN	A	2
8750	2470	E291B0	⑰	CIRCLED NUMBER SEVENTEEN	A	2
8751	2471	E291B1	⑱	CIRCLED NUMBER EIGHTEEN	A	2
8752	2472	E291B2	⑲	CIRCLED NUMBER NINETEEN	A	2
8753	2473	E291B3	⑳	CIRCLED NUMBER TWENTY	A	2
8754	2160	E285A0	Ⅰ	ROMAN NUMERAL ONE	A	2
8755	2161	E285A1	Ⅱ	ROMAN NUMERAL TWO	A	2
8756	2162	E285A2	Ⅲ	ROMAN NUMERAL THREE	A	2
8757	2163	E285A3	Ⅳ	ROMAN NUMERAL FOUR	A	2
8758	2164	E285A4	Ⅴ	ROMAN NUMERAL FIVE	A	2
8759	2165	E285A5	Ⅵ	ROMAN NUMERAL SIX	A	2
875A	2166	E285A6	Ⅶ	ROMAN NUMERAL SEVEN	A	2
875B	2167	E285A7	Ⅷ	ROMAN NUMERAL EIGHT	A	2
875C	2168	E285A8	Ⅸ	ROMAN NUMERAL NINE	A	2
875D	2169	E285A9	Ⅹ	ROMAN NUMERAL TEN	A	2
875F	3349	E38D89	㍉	SQUARE MIRI	W	2
8760	3314	E38C94	㌔	SQUARE KIRO	W	2
8761	3322	E38CA2	㌢	SQUARE SENTI	W	2
8762	334D	E38D8D	㍍	SQUARE MEETORU	W	2
8763	3318	E38C98	㌘	SQUARE GURAMU	W	2
8764	3327	E38CA7	㌧	SQUARE TON	W	2
8765	3303	E38C83	㌃	SQUARE AARU	W	2
8766	3336	E38CB6	㌶	SQUARE HEKUTAARU	W	2
8767	3351	E38D91	㍑	SQUARE RITTORU	W	2
8768	3357	E38D97	㍗	SQUARE WATTO	W	2
8769	330D	E38C8D	㌍	SQUARE KARORII	W	2
876A	3326	E38CA6	㌦	SQUARE DORU	W	2
876B	3323	E38CA3	㌣	SQUARE SENTO	W	2
876C	332B	E38CAB	㌫	SQUARE PAASENTO	W	2
876D	334A	E38D8A	㍊	SQUARE MIRIBAARU	W	2
876E	333B	E38CBB	㌻	SQUARE PEEZI	W	2
876F	339C	E38E9C	㎜	SQUARE MM	W	2
8770	339D	E38E9D	㎝	SQUARE CM	W	2
8771	339E	E38E9E	㎞	SQUARE KM	W	2
8772	338E	E38E8E	㎎	SQUARE MG	W	2
8773	338F	E38E8F	㎏	SQUARE KG	W	2
8774	33C4	E38F84	㏄	SQUARE CC	W	2
8775	33A1	E38EA1	㎡	SQUARE M SQUARED	W	2
877E	337B	E38DBB	㍻	SQUARE ERA NAME HEISEI	W	2
8780	301D	E3809D	〝	REVERSED DOUBLE PRIME QUOTATION MARK	W	2
8781	301F	E3809F	〟	LOW DOUBLE PRIME QUOTATION MARK	W	2
8782	2116	E28496	№	NUMERO SIGN	A	2
8783	33CD	E38F8D	㏍	SQUARE KK	W	2
8784	2121	E284A1	℡	TELEPHONE SIGN	A	2
8785	32A4	E38AA4	㊤	CIRCLED IDEOGRAPH HIGH	W	2
8786	32A5	E38AA5	㊥	CIRCLED IDEOGRAPH CENTRE	W	2
8787	32A6	E38AA6	㊦	CIRCLED IDEOGRAPH LOW	W	2
8788	32A7	E38AA7	㊧	CIRCLED IDEOGRAPH LEFT	W	2
8789	32A8	E38AA8	㊨	CIRCLED IDEOGRAPH RIGHT	W	2
878A	3231	E388B1	㈱	PARENTHESIZED IDEOGRAPH STOCK	W	2
878B	3232	E388B2	㈲	PARENTHESIZED IDEOGRAPH HAVE	W	2
878C	3239	E388B9	㈹	PARENTHESIZED IDEOGRAPH REPRESENT	W	2
878D	337E	E38DBE	㍾	SQUARE ERA NAME MEIZI	W	2
878E	337D	E38DBD	㍽	SQUARE ERA NAME TAISYOU	W	2
878F	337C	E38DBC	㍼	SQUARE ERA NAME SYOUWA	W	2
8793	222E	E288AE	∮	CONTOUR INTEGRAL	A	2
8794	2211	E28891	∑	N-ARY SUMMATION	A	2
8798	221F	E2889F	∟	RIGHT ANGLE	A	2
8799	22BF	E28ABF	⊿	RIGHT TRIANGLE	A	2
889F	4E9C	E4BA9C	亜	CJK UNIFIED IDEOGRAPH	W	2
88A0	5516	E59496	唖	CJK UNIFIED IDEOGRAPH	W	2
88A1	5A03	E5A883	娃	CJK UNIFIED IDEOGRAPH	W	2
88A2	963F	E998BF	阿	CJK UNIFIED IDEOGRAPH	W	2
88A3	54C0	E59380	哀	CJK UNIFIED IDEOGRAPH	W	2
88A4	611B	E6849B	愛	CJK UNIFIED IDEOGRAPH	W	2
88A5	6328	E68CA8	挨	CJK UNIFIED IDEOGRAPH	W	2
88A6	59F6	E5A7B6	姶	CJK UNIFIED IDEOGRAPH	W	2
88A7	9022	E980A2	逢	CJK UNIFIED IDEOGRAPH	W	2
88A8	8475	E891B5	葵	CJK UNIFIED IDEOGRAPH	W	2
88A9	831C	E88C9C	茜	CJK UNIFIED IDEOGRAPH	W	2
88AA	7A50	E7A990	穐	CJK UNIFIED IDEOGRAPH	W	2
88AB	60AA	E682AA	悪	CJK UNIFIED IDEOGRAPH	W	2
88AC	63E1	E68FA1	握	CJK UNIFIED IDEOGRAPH	W	2
88AD	6E25	E6B8A5	渥	CJK UNIFIED IDEOGRAPH	W	2
88AE	65ED	E697AD	旭	CJK UNIFIED IDEOGRAPH	W	2
88AF	8466	E891A6	葦	CJK UNIFIED IDEOGRAPH	W	2
88B0	82A6	E88AA6	芦	CJK UNIFIED IDEOGRAPH	W	2
88B1	9BF5	E9AFB5	鯵	CJK UNIFIED IDEOGRAPH	W	2
88B2	6893	E6A293	梓	CJK UNIFIED IDEOGRAPH	W	2
88B3	5727	E59CA7	圧	CJK UNIFIED IDEOGRAPH	W	2
88B4	65A1	E696A1	斡	CJK UNIFIED IDEOGRAPH	W	2
88B5	6271	E689B1	扱	CJK UNIFIED IDEOGRAPH	W	2
88B6	5B9B	E5AE9B	宛	CJK UNIFIED IDEOGRAPH	W	2
88B7	59D0	E5A790	姐	CJK UNIFIED IDEOGRAPH	W	2
88B8	867B	E899BB	虻	CJK UNIFIED IDEOGRAPH	W	2
88B9	98F4	E9A3B4	飴	CJK UNIFIED IDEOGRAPH	W	2
88BA	7D62	E7B5A2	絢	CJK UNIFIED IDEOGRAPH	W	2
88BB	7DBE	E7B6BE	綾	CJK UNIFIED IDEOGRAPH	W	2
88BC	9B8E	E9AE8E	鮎	CJK UNIFIED IDEOGRAPH	W	2
88BD	6216	E68896	或	CJK UNIFIED IDEOGRAPH	W	2
88BE	7C9F	E7B29F	粟	CJK UNIFIED IDEOGRAPH	W	2
88BF	88B7	E8A2B7	袷	CJK UNIFIED IDEOGRAPH	W	2
88C0	5B89	E5AE89	安	CJK UNIFIED IDEOGRAPH	W	2
88C1	5EB5	E5BAB5	庵	CJK UNIFIED IDEOGRAPH	W	2
88C2	6309	E68C89	按	CJK UNIFIED IDEOGRAPH	W	2
88C3	6697	E69A97	暗	CJK UNIFIED IDEOGRAPH	W	2
88C4	6848	E6A188	案	CJK UNIFIED IDEOGRAPH	W	2
88C5	95C7	E99787	闇	CJK UNIFIED IDEOGRAPH	W	2
88C6	978D	E99E8D	鞍	CJK UNIFIED IDEOGRAPH	W	2
88C7	674F	E69D8F	杏	CJK UNIFIED IDEOGRAPH	W	2
88C8	4EE5	E4BBA5	以	CJK UNIFIED IDEOGRAPH	W	2
88C9	4F0A	E4BC8A	伊	CJK UNIFIED IDEOGRAPH	W	2
88CA	4F4D	E4BD8D	位	CJK UNIFIED IDEOGRAPH	W	2
88CB	4F9D	E4BE9D	依	CJK UNIFIED IDEOGRAPH	W	2
88CC	5049	E58189	偉	CJK UNIFIED IDEOGRAPH	W	2
88CD	56F2	E59BB2	囲	CJK UNIFIED IDEOGRAPH	W	2
88CE	5937	E5A4B7	夷	CJK UNIFIED IDEOGRAPH	W	2
88CF	59D4	E5A794	委	CJK UNIFIED IDEOGRAPH	W	2
88D0	5A01	E5A881	威	CJK UNIFIED IDEOGRAPH	W	2
88D1	5C09	E5B089	尉	CJK UNIFIED IDEOGRAPH	W	2
88D2	60DF	E6839F	惟	CJK UNIFIED IDEOGRAPH	W	2
88D3	610F	E6848F	意	CJK UNIFIED IDEOGRAPH	W	2
88D4	6170	E685B0	慰	CJK UNIFIED IDEOGRAPH	W	2
88D5	6613	E69893	易	CJK UNIFIED IDEOGRAPH	W	2
88D6	6905	E6A485	椅	CJK UNIFIED IDEOGRAPH	W	2
88D7	70BA	E782BA	為	CJK UNIFIED IDEOGRAPH	W	2
88D8	754F	E7958F	畏	CJK UNIFIED IDEOGRAPH	W	2
88D9	7570	E795B0	異	CJK UNIFIED IDEOGRAPH	W	2
88DA	79FB	E7A7BB	移	CJK UNIFIED IDEOGRAPH	W	2
88DB	7DAD	E7B6AD	維	CJK UNIFIED IDEOGRAPH	W	2
88DC	7DEF	E7B7AF	緯	CJK UNIFIED IDEOGRAPH	W	2
88DD	80C3	E88383	胃	CJK UNIFIED IDEOGRAPH	W	2
88DE	840E	E8908E	萎	CJK UNIFIED IDEOGRAPH	W	2
88DF	8863	E8A1A3	衣	CJK UNIFIED IDEOGRAPH	W	2
88E0	8B02	E8AC82	謂	CJK UNIFIED IDEOGRAPH	W	2
88E1	9055	E98195	違	CJK UNIFIED IDEOGRAPH	W	2
88E2	907A	E981BA	遺	CJK UNIFIED IDEOGRAPH	W	2
88E3	533B	E58CBB	医	CJK UNIFIED IDEOGRAPH	W	2
88E4	4E95	E4BA95	井	CJK UNIFIED IDEOGRAPH	W	2
88E5	4EA5	E4BAA5	亥	CJK UNIFIED IDEOGRAPH	W	2
88E6	57DF	E59F9F	域	CJK UNIFIED IDEOGRAPH	W	2
88E7	80B2	E882B2	育	CJK UNIFIED IDEOGRAPH	W	2
88E8	90C1	E98381	郁	CJK UNIFIED IDEOGRAPH	W	2
88E9	78EF	E7A3AF	磯	CJK UNIFIED IDEOGRAPH	W	2
88EA	4E00	E4B880	一	CJK UNIFIED IDEOGRAPH	W	2
88EB	58F1	E5A3B1	壱	CJK UNIFIED IDEOGRAPH	W	2
88EC	6EA2	E6BAA2	溢	CJK UNIFIED IDEOGRAPH	W	2
88ED	9038	E980B8	逸	CJK UNIFIED IDEOGRAPH	W	2
88EE	7A32	E7A8B2	稲	CJK UNIFIED IDEOGRAPH	W	2
88EF	8328	E88CA8	茨	CJK UNIFIED IDEOGRAPH	W	2
88F0	828B	E88A8B	芋	CJK UNIFIED IDEOGRAPH	W	2
88F1	9C2F	E9B0AF	鰯	CJK UNIFIED IDEOGRAPH	W	2
88F2	5141	E58581	允	CJK UNIFIED IDEOGRAPH	W	2
88F3	5370	E58DB0	印	CJK UNIFIED IDEOGRAPH	W	2
88F4	54BD	E592BD	咽	CJK UNIFIED IDEOGRAPH	W	2
88F5	54E1	E593A1	員	CJK UNIFIED IDEOGRAPH	W	2
88F6	56E0	E59BA0	因	CJK UNIFIED IDEOGRAPH	W	2
88F7	59FB	E5A7BB	姻	CJK UNIFIED IDEOGRAPH	W	2
88F8	5F15	E5BC95	引	CJK UNIFIED IDEOGRAPH	W	2
88F9	98F2	E9A3B2	飲	CJK UNIFIED IDEOGRAPH	W	2
88FA	6DEB	E6B7AB	淫	CJK UNIFIED IDEOGRAPH	W	2
88FB	80E4	E883A4	胤	CJK UNIFIED IDEOGRAPH	W	2
88FC	852D	E894AD	蔭	CJK UNIFIED IDEOGRAPH	W	2
8940	9662	E999A2	院	CJK UNIFIED IDEOGRAPH	W	2
8941	9670	E999B0	陰	CJK UNIFIED IDEOGRAPH	W	2
8942	96A0	E99AA0	隠	CJK UNIFIED IDEOGRAPH	W	2
8943	97FB	E99FBB	韻	CJK UNIFIED IDEOGRAPH	W	2
8944	540B	E5908B	吋	CJK UNIFIED IDEOGRAPH	W	2
8945	53F3	E58FB3	右	CJK UNIFIED IDEOGRAPH	W	2
8946	5B87	E5AE87	宇	CJK UNIFIED IDEOGRAPH	W	2
8947	70CF	E7838F	烏	CJK UNIFIED IDEOGRAPH	W	2
8948	7FBD	E7BEBD	羽	CJK UNIFIED IDEOGRAPH	W	2
8949	8FC2	E8BF82	迂	CJK UNIFIED IDEOGRAPH	W	2
894A	96E8	E99BA8	雨	CJK UNIFIED IDEOGRAPH	W	2
894B	536F	E58DAF	卯	CJK UNIFIED IDEOGRAPH	W	2
894C	9D5C	E9B59C	鵜	CJK UNIFIED IDEOGRAPH	W	2
894D	7ABA	E7AABA	窺	CJK UNIFIED IDEOGRAPH	W	2
894E	4E11	E4B891	丑	CJK UNIFIED IDEOGRAPH	W	2
894F	7893	E7A293	碓	CJK UNIFIED IDEOGRAPH	W	2
8950	81FC	E887BC	臼	CJK UNIFIED IDEOGRAPH	W	2
8951	6E26	E6B8A6	渦	CJK UNIFIED IDEOGRAPH	W	2
8952	5618	E59898	嘘	CJK UNIFIED IDEOGRAPH	W	2
8953	5504	E59484	唄	CJK UNIFIED IDEOGRAPH	W	2
8954	6B1D	E6AC9D	欝	CJK UNIFIED IDEOGRAPH	W	2
8955	851A	E8949A	蔚	CJK UNIFIED IDEOGRAPH	W	2
8956	9C3B	E9B0BB	鰻	CJK UNIFIED IDEOGRAPH	W	2
8957	59E5	E5A7A5	姥	CJK UNIFIED IDEOGRAPH	W	2
8958	53A9	E58EA9	厩	CJK UNIFIED IDEOGRAPH	W	2
8959	6D66	E6B5A6	浦	CJK UNIFIED IDEOGRAPH	W	2
895A	74DC	E7939C	瓜	CJK UNIFIED IDEOGRAPH	W	2
895B	958F	E9968F	閏	CJK UNIFIED IDEOGRAPH	W	2
895C	5642	E59982	噂	CJK UNIFIED IDEOGRAPH	W	2
895D	4E91	E4BA91	云	CJK UNIFIED IDEOGRAPH	W	2
895E	904B	E9818B	運	CJK UNIFIED IDEOGRAPH	W	2
895F	96F2	E99BB2	雲	CJK UNIFIED IDEOGRAPH	W	2
8960	834F	E88D8F	荏	CJK UNIFIED IDEOGRAPH	W	2
8961	990C	E9A48C	餌	CJK UNIFIED IDEOGRAPH	W	2
8962	53E1	E58FA1	叡	CJK UNIFIED IDEOGRAPH	W	2
8963	55B6	E596B6	営	CJK UNIFIED IDEOGRAPH	W	2
8964	5B30	E5ACB0	嬰	CJK UNIFIED IDEOGRAPH	W	2
8965	5F71	E5BDB1	影	CJK UNIFIED IDEOGRAPH	W	2
8966	6620	E698A0	映	CJK UNIFIED IDEOGRAPH	W	2
8967	66F3	E69BB3	曳	CJK UNIFIED IDEOGRAPH	W	2
8968	6804	E6A084	栄	CJK UNIFIED IDEOGRAPH	W	2
8969	6C38	E6B0B8	永	CJK UNIFIED IDEOGRAPH	W	2
896A	6CF3	E6B3B3	泳	CJK UNIFIED IDEOGRAPH	W	2
896B	6D29	E6B4A9	洩	CJK UNIFIED IDEOGRAPH	W	2
896C	745B	E7919B	瑛	CJK UNIFIED IDEOGRAPH	W	2
896D	76C8	E79B88	盈	CJK UNIFIED IDEOGRAPH	W	2
896E	7A4E	E7A98E	穎	CJK UNIFIED IDEOGRAPH	W	2
896F	9834	E9A0B4	頴	CJK UNIFIED IDEOGRAPH	W	2
8970	82F1	E88BB1	英	CJK UNIFIED IDEOGRAPH	W	2
8971	885B	E8A19B	衛	CJK UNIFIED IDEOGRAPH	W	2
8972	8A60	E8A9A0	詠	CJK UNIFIED IDEOGRAPH	W	2
8973	92ED	E98BAD	鋭	CJK UNIFIED IDEOGRAPH	W	2
8974	6DB2	E6B6B2	液	CJK UNIFIED IDEOGRAPH	W	2
8975	75AB	E796AB	疫	CJK UNIFIED IDEOGRAPH	W	2
8976	76CA	E79B8A	益	CJK UNIFIED IDEOGRAPH	W	2
8977	99C5	E9A785	駅	CJK UNIFIED IDEOGRAPH	W	2
8978	60A6	E682A6	悦	CJK UNIFIED IDEOGRAPH	W	2
8979	8B01	E8AC81	謁	CJK UNIFIED IDEOGRAPH	W	2
897A	8D8A	E8B68A	越	CJK UNIFIED IDEOGRAPH	W	2
897B	95B2	E996B2	閲	CJK UNIFIED IDEOGRAPH	W	2
897C	698E	E6A68E	榎	CJK UNIFIED IDEOGRAPH	W	2
897D	53AD	E58EAD	厭	CJK UNIFIED IDEOGRAPH	W	2
897E	5186	E58686	円	CJK UNIFIED IDEOGRAPH	W	2
8980	5712	E59C92	園	CJK UNIFIED IDEOGRAPH	W	2
8981	5830	E5A0B0	堰	CJK UNIFIED IDEOGRAPH	W	2
8982	5944	E5A584	奄	CJK UNIFIED IDEOGRAPH	W	2
8983	5BB4	E5AEB4	宴	CJK UNIFIED IDEOGRAPH	W	2
8984	5EF6	E5BBB6	延	CJK UNIFIED IDEOGRAPH	W	2
8985	6028	E680A8	怨	CJK UNIFIED IDEOGRAPH	W	2
8986	63A9	E68EA9	掩	CJK UNIFIED IDEOGRAPH	W	2
8987	63F4	E68FB4	援	CJK UNIFIED IDEOGRAPH	W	2
8988	6CBF	E6B2BF	沿	CJK UNIFIED IDEOGRAPH	W	2
8989	6F14	E6BC94	演	CJK UNIFIED IDEOGRAPH	W	2
898A	708E	E7828E	炎	CJK UNIFIED IDEOGRAPH	W	2
898B	7114	E78494	焔	CJK UNIFIED IDEOGRAPH	W	2
898C	7159	E78599	煙	CJK UNIFIED IDEOGRAPH	W	2
898D	71D5	E78795	燕	CJK UNIFIED IDEOGRAPH	W	2
898E	733F	E78CBF	猿	CJK UNIFIED IDEOGRAPH	W	2
898F	7E01	E7B881	縁	CJK UNIFIED IDEOGRAPH	W	2
8990	8276	E889B6	艶	CJK UNIFIED IDEOGRAPH	W	2
8991	82D1	E88B91	苑	CJK UNIFIED IDEOGRAPH	W	2
8992	8597	E89697	薗	CJK UNIFIED IDEOGRAPH	W	2
8993	9060	E981A0	遠	CJK UNIFIED IDEOGRAPH	W	2
8994	925B	E9899B	鉛	CJK UNIFIED IDEOGRAPH	W	2
8995	9D1B	E9B49B	鴛	CJK UNIFIED IDEOGRAPH	W	2
8996	5869	E5A1A9	塩	CJK UNIFIED IDEOGRAPH	W	2
8997	65BC	E696BC	於	CJK UNIFIED IDEOGRAPH	W	2
8998	6C5A	E6B19A	汚	CJK UNIFIED IDEOGRAPH	W	2
8999	7525	E794A5	甥	CJK UNIFIED IDEOGRAPH	W	2
899A	51F9	E587B9	凹	CJK UNIFIED IDEOGRAPH	W	2
899B	592E	E5A4AE	央	CJK UNIFIED IDEOGRAPH	W	2
899C	5965	E5A5A5	奥	CJK UNIFIED IDEOGRAPH	W	2
899D	5F80	E5BE80	往	CJK UNIFIED IDEOGRAPH	W	2
899E	5FDC	E5BF9C	応	CJK UNIFIED IDEOGRAPH	W	2
899F	62BC	E68ABC	押	CJK UNIFIED IDEOGRAPH	W	2
89A0	65FA	E697BA	旺	CJK UNIFIED IDEOGRAPH	W	2
89A1	6A2A	E6A8AA	横	CJK UNIFIED IDEOGRAPH	W	2
89A2	6B27	E6ACA7	欧	CJK UNIFIED IDEOGRAPH	W	2
89A3	6BB4	E6AEB4	殴	CJK UNIFIED IDEOGRAPH	W	2
89A4	738B	E78E8B	王	CJK UNIFIED IDEOGRAPH	W	2
89A5	7FC1	E7BF81	翁	CJK UNIFIED IDEOGRAPH	W	2
89A6	8956	E8A596	襖	CJK UNIFIED IDEOGRAPH	W	2
89A7	9D2C	E9B4AC	鴬	CJK UNIFIED IDEOGRAPH	W	2
89A8	9D0E	E9B48E	鴎	CJK UNIFIED IDEOGRAPH	W	2
89A9	9EC4	E9BB84	黄	CJK UNIFIED IDEOGRAPH	W	2
89AA	5CA1	E5B2A1	岡	CJK UNIFIED IDEOGRAPH	W	2
89AB	6C96	E6B296	沖	CJK UNIFIED IDEOGRAPH	W	2
89AC	837B	E88DBB	荻	CJK UNIFIED IDEOGRAPH	W	2
89AD	5104	E58484	億	CJK UNIFIED IDEOGRAPH	W	2
89AE	5C4B	E5B18B	屋	CJK UNIFIED IDEOGRAPH	W	2
89AF	61B6	E686B6	憶	CJK UNIFIED IDEOGRAPH	W	2
89B0	81C6	E88786	臆	CJK UNIFIED IDEOGRAPH	W	2
89B1	6876	E6A1B6	桶	CJK UNIFIED IDEOGRAPH	W	2
89B2	7261	E789A1	牡	CJK UNIFIED IDEOGRAPH	W	2
89B3	4E59	E4B999	乙	CJK UNIFIED IDEOGRAPH	W	2
89B4	4FFA	E4BFBA	俺	CJK UNIFIED IDEOGRAPH	W	2
89B5	5378	E58DB8	卸	CJK UNIFIED IDEOGRAPH	W	2
89B6	6069	E681A9	恩	CJK UNIFIED IDEOGRAPH	W	2
89B7	6E29	E6B8A9	温	CJK UNIFIED IDEOGRAPH	W	2
89B8	7A4F	E7A98F	穏	CJK UNIFIED IDEOGRAPH	W	2
89B9	97F3	E99FB3	音	CJK UNIFIED IDEOGRAPH	W	2
89BA	4E0B	E4B88B	下	CJK UNIFIED IDEOGRAPH	W	2
89BB	5316	E58C96	化	CJK UNIFIED IDEOGRAPH	W	2
89BC	4EEE	E4BBAE	仮	CJK UNIFIED IDEOGRAPH	W	2
89BD	4F55	E4BD95	何	CJK UNIFIED IDEOGRAPH	W	2
89BE	4F3D	E4BCBD	伽	CJK UNIFIED IDEOGRAPH	W	2
89BF	4FA1	E4BEA1	価	CJK UNIFIED IDEOGRAPH	W	2
89C0	4F73	E4BDB3	佳	CJK UNIFIED IDEOGRAPH	W	2
89C1	52A0	E58AA0	加	CJK UNIFIED IDEOGRAPH	W	2
89C2	53EF	E58FAF	可	CJK UNIFIED IDEOGRAPH	W	2
89C3	5609	E59889	嘉	CJK UNIFIED IDEOGRAPH	W	2
89C4	590F	E5A48F	夏	CJK UNIFIED IDEOGRAPH	W	2
89C5	5AC1	E5AB81	嫁	CJK UNIFIED IDEOGRAPH	W	2
89C6	5BB6	E5AEB6	家	CJK UNIFIED IDEOGRAPH	W	2
89C7	5BE1	E5AFA1	寡	CJK UNIFIED IDEOGRAPH	W	2
89C8	79D1	E7A791	科	CJK UNIFIED IDEOGRAPH	W	2
89C9	6687	E69A87	暇	CJK UNIFIED IDEOGRAPH	W	2
89CA	679C	E69E9C	果	CJK UNIFIED IDEOGRAPH	W	2
89CB	67B6	E69EB6	架	CJK UNIFIED IDEOGRAPH	W	2
89CC	6B4C	E6AD8C	歌	CJK UNIFIED IDEOGRAPH	W	2
89CD	6CB3	E6B2B3	河	CJK UNIFIED IDEOGRAPH	W	2
89CE	706B	E781AB	火	CJK UNIFIED IDEOGRAPH	W	2
89CF	73C2	E78F82	珂	CJK UNIFIED IDEOGRAPH	W	2
89D0	798D	E7A68D	禍	CJK UNIFIED IDEOGRAPH	W	2
89D1	79BE	E7A6BE	禾	CJK UNIFIED IDEOGRAPH	W	2
89D2	7A3C	E7A8BC	稼	CJK UNIFIED IDEOGRAPH	W	2
89D3	7B87	E7AE87	箇	CJK UNIFIED IDEOGRAPH	W	2
89D4	82B1	E88AB1	花	CJK UNIFIED IDEOGRAPH	W	2
89D5	82DB	E88B9B	苛	CJK UNIFIED IDEOGRAPH	W	2
89D6	8304	E88C84	茄	CJK UNIFIED IDEOGRAPH	W	2
89D7	8377	E88DB7	荷	CJK UNIFIED IDEOGRAPH	W	2
89D8	83EF	E88FAF	華	CJK UNIFIED IDEOGRAPH	W	2
89D9	83D3	E88F93	菓	CJK UNIFIED IDEOGRAPH	W	2
89DA	8766	E89DA6	蝦	CJK UNIFIED IDEOGRAPH	W	2
89DB	8AB2	E8AAB2	課	CJK UNIFIED IDEOGRAPH	W	2
89DC	5629	E598A9	嘩	CJK UNIFIED IDEOGRAPH	W	2
89DD	8CA8	E8B2A8	貨	CJK UNIFIED IDEOGRAPH	W	2
89DE	8FE6	E8BFA6	迦	CJK UNIFIED IDEOGRAPH	W	2
89DF	904E	E9818E	過	CJK UNIFIED IDEOGRAPH	W	2
89E0	971E	E99C9E	霞	CJK UNIFIED IDEOGRAPH	W	2
89E1	868A	E89A8A	蚊	CJK UNIFIED IDEOGRAPH	W	2
89E2	4FC4	E4BF84	俄	CJK UNIFIED IDEOGRAPH	W	2
89E3	5CE8	E5B3A8	峨	CJK UNIFIED IDEOGRAPH	W	2
89E4	6211	E68891	我	CJK UNIFIED IDEOGRAPH	W	2
89E5	7259	E78999	牙	CJK UNIFIED IDEOGRAPH	W	2
89E6	753B	E794BB	画	CJK UNIFIED IDEOGRAPH	W	2
89E7	81E5	E887A5	臥	CJK UNIFIED IDEOGRAPH	W	2
89E8	82BD	E88ABD	芽	CJK UNIFIED IDEOGRAPH	W	2
89E9	86FE	E89BBE	蛾	CJK UNIFIED IDEOGRAPH	W	2
89EA	8CC0	E8B380	賀	CJK UNIFIED IDEOGRAPH	W	2
89EB	96C5	E99B85	雅	CJK UNIFIED IDEOGRAPH	W	2
89EC	9913	E9A493	餓	CJK UNIFIED IDEOGRAPH	W	2
89ED	99D5	E9A795	駕	CJK UNIFIED IDEOGRAPH	W	2
89EE	4ECB	E4BB8B	介	CJK UNIFIED IDEOGRAPH	W	2
89EF	4F1A	E4BC9A	会	CJK UNIFIED IDEOGRAPH	W	2
89F0	89E3	E8A7A3	解	CJK UNIFIED IDEOGRAPH	W	2
89F1	56DE	E59B9E	回	CJK UNIFIED IDEOGRAPH	W	2
89F2	584A	E5A18A	塊	CJK UNIFIED IDEOGRAPH	W	2
89F3	58CA	E5A38A	壊	CJK UNIFIED IDEOGRAPH	W	2
89F4	5EFB	E5BBBB	廻	CJK UNIFIED IDEOGRAPH	W	2
89F5	5FEB	E5BFAB	快	CJK UNIFIED IDEOGRAPH	W	2
89F6	602A	E680AA	怪	CJK UNIFIED IDEOGRAPH	W	2
89F7	6094	E68294	悔	CJK UNIFIED IDEOGRAPH	W	2
89F8	6062	E681A2	恢	CJK UNIFIED IDEOGRAPH	W	2
89F9	61D0	E68790	懐	CJK UNIFIED IDEOGRAPH	W	2
89FA	6212	E68892	戒	CJK UNIFIED IDEOGRAPH	W	2
89FB	62D0	E68B90	拐	CJK UNIFIED IDEOGRAPH	W	2
89FC	6539	E694B9	改	CJK UNIFIED IDEOGRAPH	W	2
8A40	9B41	E9AD81	魁	CJK UNIFIED IDEOGRAPH	W	2
8A41	6666	E699A6	晦	CJK UNIFIED IDEOGRAPH	W	2
8A42	68B0	E6A2B0	械	CJK UNIFIED IDEOGRAPH	W	2
8A43	6D77	E6B5B7	海	CJK UNIFIED IDEOGRAPH	W	2
8A44	7070	E781B0	灰	CJK UNIFIED IDEOGRAPH	W	2
8A45	754C	E7958C	界	CJK UNIFIED IDEOGRAPH	W	2
8A46	7686	E79A86	皆	CJK UNIFIED IDEOGRAPH	W	2
8A47	7D75	E7B5B5	絵	CJK UNIFIED IDEOGRAPH	W	2
8A48	82A5	E88AA5	芥	CJK UNIFIED IDEOGRAPH	W	2
8A49	87F9	E89FB9	蟹	CJK UNIFIED IDEOGRAPH	W	2
8A4A	958B	E9968B	開	CJK UNIFIED IDEOGRAPH	W	2
8A4B	968E	E99A8E	階	CJK UNIFIED IDEOGRAPH	W	2
8A4C	8C9D	E8B29D	貝	CJK UNIFIED IDEOGRAPH	W	2
8A4D	51F1	E587B1	凱	CJK UNIFIED IDEOGRAPH	W	2
8A4E	52BE	E58ABE	劾	CJK UNIFIED IDEOGRAPH	W	2
8A4F	5916	E5A496	外	CJK UNIFIED IDEOGRAPH	W	2
8A50	54B3	E592B3	咳	CJK UNIFIED IDEOGRAPH	W	2
8A51	5BB3	E5AEB3	害	CJK UNIFIED IDEOGRAPH	W	2
8A52	5D16	E5B496	崖	CJK UNIFIED IDEOGRAPH	W	2
8A53	6168	E685A8	慨	CJK UNIFIED IDEOGRAPH	W	2
8A54	6982	E6A682	概	CJK UNIFIED IDEOGRAPH	W	2
8A55	6DAF	E6B6AF	涯	CJK UNIFIED IDEOGRAPH	W	2
8A56	788D	E7A28D	碍	CJK UNIFIED IDEOGRAPH	W	2
8A57	84CB	E8938B	蓋	CJK UNIFIED IDEOGRAPH	W	2
8A58	8857	E8A197	街	CJK UNIFIED IDEOGRAPH	W	2
8A59	8A72	E8A9B2	該	CJK UNIFIED IDEOGRAPH	W	2
8A5A	93A7	E98EA7	鎧	CJK UNIFIED IDEOGRAPH	W	2
8A5B	9AB8	E9AAB8	骸	CJK UNIFIED IDEOGRAPH	W	2
8A5C	6D6C	E6B5AC	浬	CJK UNIFIED IDEOGRAPH	W	2
8A5D	99A8	E9A6A8	馨	CJK UNIFIED IDEOGRAPH	W	2
8A5E	86D9	E89B99	蛙	CJK UNIFIED IDEOGRAPH	W	2
8A5F	57A3	E59EA3	垣	CJK UNIFIED IDEOGRAPH	W	2
8A60	67FF	E69FBF	柿	CJK UNIFIED IDEOGRAPH	W	2
8A61	86CE	E89B8E	蛎	CJK UNIFIED IDEOGRAPH	W	2
8A62	920E	E9888E	鈎	CJK UNIFIED IDEOGRAPH	W	2
8A63	5283	E58A83	劃	CJK UNIFIED IDEOGRAPH	W	2
8A64	5687	E59A87	嚇	CJK UNIFIED IDEOGRAPH	W	2
8A65	5404	E59084	各	CJK UNIFIED IDEOGRAPH	W	2
8A66	5ED3	E5BB93	廓	CJK UNIFIED IDEOGRAPH	W	2
8A67	62E1	E68BA1	拡	CJK UNIFIED IDEOGRAPH	W	2
8A68	64B9	E692B9	撹	CJK UNIFIED IDEOGRAPH	W	2
8A69	683C	E6A0BC	格	CJK UNIFIED IDEOGRAPH	W	2
8A6A	6838	E6A0B8	核	CJK UNIFIED IDEOGRAPH	W	2
8A6B	6BBB	E6AEBB	殻	CJK UNIFIED IDEOGRAPH	W	2
8A6C	7372	E78DB2	獲	CJK UNIFIED IDEOGRAPH	W	2
8A6D	78BA	E7A2BA	確	CJK UNIFIED IDEOGRAPH	W	2
8A6E	7A6B	E7A9AB	穫	CJK UNIFIED IDEOGRAPH	W	2
8A6F	899A	E8A69A	覚	CJK UNIFIED IDEOGRAPH	W	2
8A70	89D2	E8A792	角	CJK UNIFIED IDEOGRAPH	W	2
8A71	8D6B	E8B5AB	赫	CJK UNIFIED IDEOGRAPH	W	2
8A72	8F03	E8BC83	較	CJK UNIFIED IDEOGRAPH	W	2
8A73	90ED	E983AD	郭	CJK UNIFIED IDEOGRAPH	W	2
8A74	95A3	E996A3	閣	CJK UNIFIED IDEOGRAPH	W	2
8A75	9694	E99A94	隔	CJK UNIFIED IDEOGRAPH	W	2
8A76	9769	E99DA9	革	CJK UNIFIED IDEOGRAPH	W	2
8A77	5B66	E5ADA6	学	CJK UNIFIED IDEOGRAPH	W	2
8A78	5CB3	E5B2B3	岳	CJK UNIFIED IDEOGRAPH	W	2
8A79	697D	E6A5BD	楽	CJK UNIFIED IDEOGRAPH	W	2
8A7A	984D	E9A18D	額	CJK UNIFIED IDEOGRAPH	W	2
8A7B	984E	E9A18E	顎	CJK UNIFIED IDEOGRAPH	W	2
8A7C	639B	E68E9B	掛	CJK UNIFIED IDEOGRAPH	W	2
8A7D	7B20	E7ACA0	笠	CJK UNIFIED IDEOGRAPH	W	2
8A7E	6A2B	E6A8AB	樫	CJK UNIFIED IDEOGRAPH	W	2
8A80	6A7F	E6A9BF	橿	CJK UNIFIED IDEOGRAPH	W	2
8A81	68B6	E6A2B6	梶	CJK UNIFIED IDEOGRAPH	W	2
8A82	9C0D	E9B08D	鰍	CJK UNIFIED IDEOGRAPH	W	2
8A83	6F5F	E6BD9F	潟	CJK UNIFIED IDEOGRAPH	W	2
8A84	5272	E589B2	割	CJK UNIFIED IDEOGRAPH	W	2
8A85	559D	E5969D	喝	CJK UNIFIED IDEOGRAPH	W	2
8A86	6070	E681B0	恰	CJK UNIFIED IDEOGRAPH	W	2
8A87	62EC	E68BAC	括	CJK UNIFIED IDEOGRAPH	W	2
8A88	6D3B	E6B4BB	活	CJK UNIFIED IDEOGRAPH	W	2
8A89	6E07	E6B887	渇	CJK UNIFIED IDEOGRAPH	W	2
8A8A	6ED1	E6BB91	滑	CJK UNIFIED IDEOGRAPH	W	2
8A8B	845B	E8919B	葛	CJK UNIFIED IDEOGRAPH	W	2
8A8C	8910	E8A490	褐	CJK UNIFIED IDEOGRAPH	W	2
8A8D	8F44	E8BD84	轄	CJK UNIFIED IDEOGRAPH	W	2
8A8E	4E14	E4B894	且	CJK UNIFIED IDEOGRAPH	W	2
8A8F	9C39	E9B0B9	鰹	CJK UNIFIED IDEOGRAPH	W	2
8A90	53F6	E58FB6	叶	CJK UNIFIED IDEOGRAPH	W	2
8A91	691B	E6A49B	椛	CJK UNIFIED IDEOGRAPH	W	2
8A92	6A3A	E6A8BA	樺	CJK UNIFIED IDEOGRAPH	W	2
8A93	9784	E99E84	鞄	CJK UNIFIED IDEOGRAPH	W	2
8A94	682A	E6A0AA	株	CJK UNIFIED IDEOGRAPH	W	2
8A95	515C	E5859C	兜	CJK UNIFIED IDEOGRAPH	W	2
8A96	7AC3	E7AB83	竃	CJK UNIFIED IDEOGRAPH	W	2
8A97	84B2	E892B2	蒲	CJK UNIFIED IDEOGRAPH	W	2
8A98	91DC	E9879C	釜	CJK UNIFIED IDEOGRAPH	W	2
8A99	938C	E98E8C	鎌	CJK UNIFIED IDEOGRAPH	W	2
8A9A	565B	E5999B	噛	CJK UNIFIED IDEOGRAPH	W	2
8A9B	9D28	E9B4A8	鴨	CJK UNIFIED IDEOGRAPH	W	2
8A9C	6822	E6A0A2	栢	CJK UNIFIED IDEOGRAPH	W	2
8A9D	8305	E88C85	茅	CJK UNIFIED IDEOGRAPH	W	2
8A9E	8431	E890B1	萱	CJK UNIFIED IDEOGRAPH	W	2
8A9F	7CA5	E7B2A5	粥	CJK UNIFIED IDEOGRAPH	W	2
8AA0	5208	E58888	刈	CJK UNIFIED IDEOGRAPH	W	2
8AA1	82C5	E88B85	苅	CJK UNIFIED IDEOGRAPH	W	2
8AA2	74E6	E793A6	瓦	CJK UNIFIED IDEOGRAPH	W	2
8AA3	4E7E	E4B9BE	乾	CJK UNIFIED IDEOGRAPH	W	2
8AA4	4F83	E4BE83	侃	CJK UNIFIED IDEOGRAPH	W	2
8AA5	51A0	E586A0	冠	CJK UNIFIED IDEOGRAPH	W	2
8AA6	5BD2	E5AF92	寒	CJK UNIFIED IDEOGRAPH	W	2
8AA7	520A	E5888A	刊	CJK UNIFIED IDEOGRAPH	W	2
8AA8	52D8	E58B98	勘	CJK UNIFIED IDEOGRAPH	W	2
8AA9	52E7	E58BA7	勧	CJK UNIFIED IDEOGRAPH	W	2
8AAA	5DFB	E5B7BB	巻	CJK UNIFIED IDEOGRAPH	W	2
8AAB	559A	E5969A	喚	CJK UNIFIED IDEOGRAPH	W	2
8AAC	582A	E5A0AA	堪	CJK UNIFIED IDEOGRAPH	W	2
8AAD	59E6	E5A7A6	姦	CJK UNIFIED IDEOGRAPH	W	2
8AAE	5B8C	E5AE8C	完	CJK UNIFIED IDEOGRAPH	W	2
8AAF	5B98	E5AE98	官	CJK UNIFIED IDEOGRAPH	W	2
8AB0	5BDB	E5AF9B	寛	CJK UNIFIED IDEOGRAPH	W	2
8AB1	5E72	E5B9B2	干	CJK UNIFIED IDEOGRAPH	W	2
8AB2	5E79	E5B9B9	幹	CJK UNIFIED IDEOGRAPH	W	2
8AB3	60A3	E682A3	患	CJK UNIFIED IDEOGRAPH	W	2
8AB4	611F	E6849F	感	CJK UNIFIED IDEOGRAPH	W	2
8AB5	6163	E685A3	慣	CJK UNIFIED IDEOGRAPH	W	2
8AB6	61BE	E686BE	憾	CJK UNIFIED IDEOGRAPH	W	2
8AB7	63DB	E68F9B	換	CJK UNIFIED IDEOGRAPH	W	2
8AB8	6562	E695A2	敢	CJK UNIFIED IDEOGRAPH	W	2
8AB9	67D1	E69F91	柑	CJK UNIFIED IDEOGRAPH	W	2
8ABA	6853	E6A193	桓	CJK UNIFIED IDEOGRAPH	W	2
8ABB	68FA	E6A3BA	棺	CJK UNIFIED IDEOGRAPH	W	2
8ABC	6B3E	E6ACBE	款	CJK UNIFIED IDEOGRAPH	W	2
8ABD	6B53	E6AD93	歓	CJK UNIFIED IDEOGRAPH	W	2
8ABE	6C57	E6B197	汗	CJK UNIFIED IDEOGRAPH	W	2
8ABF	6F22	E6BCA2	漢	CJK UNIFIED IDEOGRAPH	W	2
8AC0	6F97	E6BE97	澗	CJK UNIFIED IDEOGRAPH	W	2
8AC1	6F45	E6BD85	潅	CJK UNIFIED IDEOGRAPH	W	2
8AC2	74B0	E792B0	環	CJK UNIFIED IDEOGRAPH	W	2
8AC3	7518	E79498	甘	CJK UNIFIED IDEOGRAPH	W	2
8AC4	76E3	E79BA3	監	CJK UNIFIED IDEOGRAPH	W	2
8AC5	770B	E79C8B	看	CJK UNIFIED IDEOGRAPH	W	2
8AC6	7AFF	E7ABBF	竿	CJK UNIFIED IDEOGRAPH	W	2
8AC7	7BA1	E7AEA1	管	CJK UNIFIED IDEOGRAPH	W	2
8AC8	7C21	E7B0A1	簡	CJK UNIFIED IDEOGRAPH	W	2
8AC9	7DE9	E7B7A9	緩	CJK UNIFIED IDEOGRAPH	W	2
8ACA	7F36	E7BCB6	缶	CJK UNIFIED IDEOGRAPH	W	2
8ACB	7FF0	E7BFB0	翰	CJK UNIFIED IDEOGRAPH	W	2
8ACC	809D	E8829D	肝	CJK UNIFIED IDEOGRAPH	W	2
8ACD	8266	E889A6	艦	CJK UNIFIED IDEOGRAPH	W	2
8ACE	839E	E88E9E	莞	CJK UNIFIED IDEOGRAPH	W	2
8ACF	89B3	E8A6B3	観	CJK UNIFIED IDEOGRAPH	W	2
8AD0	8ACC	E8AB8C	諌	CJK UNIFIED IDEOGRAPH	W	2
8AD1	8CAB	E8B2AB	貫	CJK UNIFIED IDEOGRAPH	W	2
8AD2	9084	E98284	還	CJK UNIFIED IDEOGRAPH	W	2
8AD3	9451	E99191	鑑	CJK UNIFIED IDEOGRAPH	W	2
8AD4	9593	E99693	間	CJK UNIFIED IDEOGRAPH	W	2
8AD5	9591	E99691	閑	CJK UNIFIED IDEOGRAPH	W	2
8AD6	95A2	E996A2	関	CJK UNIFIED IDEOGRAPH	W	2
8AD7	9665	E999A5	陥	CJK UNIFIED IDEOGRAPH	W	2
8AD8	97D3	E99F93	韓	CJK UNIFIED IDEOGRAPH	W	2
8AD9	9928	E9A4A8	館	CJK UNIFIED IDEOGRAPH	W	2
8ADA	8218	E88898	舘	CJK UNIFIED IDEOGRAPH	W	2
8ADB	4E38	E4B8B8	丸	CJK UNIFIED IDEOGRAPH	W	2
8ADC	542B	E590AB	含	CJK UNIFIED IDEOGRAPH	W	2
8ADD	5CB8	E5B2B8	岸	CJK UNIFIED IDEOGRAPH	W	2
8ADE	5DCC	E5B78C	巌	CJK UNIFIED IDEOGRAPH	W	2
8ADF	73A9	E78EA9	玩	CJK UNIFIED IDEOGRAPH	W	2
8AE0	764C	E7998C	癌	CJK UNIFIED IDEOGRAPH	W	2
8AE1	773C	E79CBC	眼	CJK UNIFIED IDEOGRAPH	W	2
8AE2	5CA9	E5B2A9	岩	CJK UNIFIED IDEOGRAPH	W	2
8AE3	7FEB	E7BFAB	翫	CJK UNIFIED IDEOGRAPH	W	2
8AE4	8D0B	E8B48B	贋	CJK UNIFIED IDEOGRAPH	W	2
8AE5	96C1	E99B81	雁	CJK UNIFIED IDEOGRAPH	W	2
8AE6	9811	E9A091	頑	CJK UNIFIED IDEOGRAPH	W	2
8AE7	9854	E9A194	顔	CJK UNIFIED IDEOGRAPH	W	2
8AE8	9858	E9A198	願	CJK UNIFIED IDEOGRAPH	W	2
8AE9	4F01	E4BC81	企	CJK UNIFIED IDEOGRAPH	W	2
8AEA	4F0E	E4BC8E	伎	CJK UNIFIED IDEOGRAPH	W	2
8AEB	5371	E58DB1	危	CJK UNIFIED IDEOGRAPH	W	2
8AEC	559C	E5969C	喜	CJK UNIFIED IDEOGRAPH	W	2
8AED	5668	E599A8	器	CJK UNIFIED IDEOGRAPH	W	2
8AEE	57FA	E59FBA	基	CJK UNIFIED IDEOGRAPH	W	2
8AEF	5947	E5A587	奇	CJK UNIFIED IDEOGRAPH	W	2
8AF0	5B09	E5AC89	嬉	CJK UNIFIED IDEOGRAPH	W	2
8AF1	5BC4	E5AF84	寄	CJK UNIFIED IDEOGRAPH	W	2
8AF2	5C90	E5B290	岐	CJK UNIFIED IDEOGRAPH	W	2
8AF3	5E0C	E5B88C	希	CJK UNIFIED IDEOGRAPH	W	2
8AF4	5E7E	E5B9BE	幾	CJK UNIFIED IDEOGRAPH	W	2
8AF5	5FCC	E5BF8C	忌	CJK UNIFIED IDEOGRAPH	W	2
8AF6	63EE	E68FAE	揮	CJK UNIFIED IDEOGRAPH	W	2
8AF7	673A	E69CBA	机	CJK UNIFIED IDEOGRAPH	W	2
8AF8	65D7	E69797	旗	CJK UNIFIED IDEOGRAPH	W	2
8AF9	65E2	E697A2	既	CJK UNIFIED IDEOGRAPH	W	2
8AFA	671F	E69C9F	期	CJK UNIFIED IDEOGRAPH	W	2
8AFB	68CB	E6A38B	棋	CJK UNIFIED IDEOGRAPH	W	2
8AFC	68C4	E6A384	棄	CJK UNIFIED IDEOGRAPH	W	2
8B40	6A5F	E6A99F	機	CJK UNIFIED IDEOGRAPH	W	2
8B41	5E30	E5B8B0	帰	CJK UNIFIED IDEOGRAPH	W	2
8B42	6BC5	E6AF85	毅	CJK UNIFIED IDEOGRAPH	W	2
8B43	6C17	E6B097	気	CJK UNIFIED IDEOGRAPH	W	2
8B44	6C7D	E6B1BD	汽	CJK UNIFIED IDEOGRAPH	W	2
8B45	757F	E795BF	畿	CJK UNIFIED IDEOGRAPH	W	2
8B46	7948	E7A588	祈	CJK UNIFIED IDEOGRAPH	W	2
8B47	5B63	E5ADA3	季	CJK UNIFIED IDEOGRAPH	W	2
8B48	7A00	E7A880	稀	CJK UNIFIED IDEOGRAPH	W	2
8B49	7D00	E7B480	紀	CJK UNIFIED IDEOGRAPH	W	2
8B4A	5FBD	E5BEBD	徽	CJK UNIFIED IDEOGRAPH	W	2
8B4B	898F	E8A68F	規	CJK UNIFIED IDEOGRAPH	W	2
8B4C	8A18	E8A898	記	CJK UNIFIED IDEOGRAPH	W	2
8B4D	8CB4	E8B2B4	貴	CJK UNIFIED IDEOGRAPH	W	2
8B4E	8D77	E8B5B7	起	CJK UNIFIED IDEOGRAPH	W	2
8B4F	8ECC	E8BB8C	軌	CJK UNIFIED IDEOGRAPH	W	2
8B50	8F1D	E8BC9D	輝	CJK UNIFIED IDEOGRAPH	W	2
8B51	98E2	E9A3A2	飢	CJK UNIFIED IDEOGRAPH	W	2
8B52	9A0E	E9A88E	騎	CJK UNIFIED IDEOGRAPH	W	2
8B53	9B3C	E9ACBC	鬼	CJK UNIFIED IDEOGRAPH	W	2
8B54	4E80	E4BA80	亀	CJK UNIFIED IDEOGRAPH	W	2
8B55	507D	E581BD	偽	CJK UNIFIED IDEOGRAPH	W	2
8B56	5100	E58480	儀	CJK UNIFIED IDEOGRAPH	W	2
8B57	5993	E5A693	妓	CJK UNIFIED IDEOGRAPH	W	2
8B58	5B9C	E5AE9C	宜	CJK UNIFIED IDEOGRAPH	W	2
8B59	622F	E688AF	戯	CJK UNIFIED IDEOGRAPH	W	2
8B5A	6280	E68A80	技	CJK UNIFIED IDEOGRAPH	W	2
8B5B	64EC	E693AC	擬	CJK UNIFIED IDEOGRAPH	W	2
8B5C	6B3A	E6ACBA	欺	CJK UNIFIED IDEOGRAPH	W	2
8B5D	72A0	E78AA0	犠	CJK UNIFIED IDEOGRAPH	W	2
8B5E	7591	E79691	疑	CJK UNIFIED IDEOGRAPH	W	2
8B5F	7947	E7A587	祇	CJK UNIFIED IDEOGRAPH	W	2
8B60	7FA9	E7BEA9	義	CJK UNIFIED IDEOGRAPH	W	2
8B61	87FB	E89FBB	蟻	CJK UNIFIED IDEOGRAPH	W	2
8B62	8ABC	E8AABC	誼	CJK UNIFIED IDEOGRAPH	W	2
8B63	8B70	E8ADB0	議	CJK UNIFIED IDEOGRAPH	W	2
8B64	63AC	E68EAC	掬	CJK UNIFIED IDEOGRAPH	W	2
8B65	83CA	E88F8A	菊	CJK UNIFIED IDEOGRAPH	W	2
8B66	97A0	E99EA0	鞠	CJK UNIFIED IDEOGRAPH	W	2
8B67	5409	E59089	吉	CJK UNIFIED IDEOGRAPH	W	2
8B68	5403	E59083	吃	CJK UNIFIED IDEOGRAPH	W	2
8B69	55AB	E596AB	喫	CJK UNIFIED IDEOGRAPH	W	2
8B6A	6854	E6A194	桔	CJK UNIFIED IDEOGRAPH	W	2
8B6B	6A58	E6A998	橘	CJK UNIFIED IDEOGRAPH	W	2
8B6C	8A70	E8A9B0	詰	CJK UNIFIED IDEOGRAPH	W	2
8B6D	7827	E7A0A7	砧	CJK UNIFIED IDEOGRAPH	W	2
8B6E	6775	E69DB5	杵	CJK UNIFIED IDEOGRAPH	W	2
8B6F	9ECD	E9BB8D	黍	CJK UNIFIED IDEOGRAPH	W	2
8B70	5374	E58DB4	却	CJK UNIFIED IDEOGRAPH	W	2
8B71	5BA2	E5AEA2	客	CJK UNIFIED IDEOGRAPH	W	2
8B72	811A	E8849A	脚	CJK UNIFIED IDEOGRAPH	W	2
8B73	8650	E89990	虐	CJK UNIFIED IDEOGRAPH	W	2
8B74	9006	E98086	逆	CJK UNIFIED IDEOGRAPH	W	2
8B75	4E18	E4B898	丘	CJK UNIFIED IDEOGRAPH	W	2
8B76	4E45	E4B985	久	CJK UNIFIED IDEOGRAPH	W	2
8B77	4EC7	E4BB87	仇	CJK UNIFIED IDEOGRAPH	W	2
8B78	4F11	E4BC91	休	CJK UNIFIED IDEOGRAPH	W	2
8B79	53CA	E58F8A	及	CJK UNIFIED IDEOGRAPH	W	2
8B7A	5438	E590B8	吸	CJK UNIFIED IDEOGRAPH	W	2
8B7B	5BAE	E5AEAE	宮	CJK UNIFIED IDEOGRAPH	W	2
8B7C	5F13	E5BC93	弓	CJK UNIFIED IDEOGRAPH	W	2
8B7D	6025	E680A5	急	CJK UNIFIED IDEOGRAPH	W	2
8B7E	6551	E69591	救	CJK UNIFIED IDEOGRAPH	W	2
8B80	673D	E69CBD	朽	CJK UNIFIED IDEOGRAPH	W	2
8B81	6C42	E6B182	求	CJK UNIFIED IDEOGRAPH	W	2
8B82	6C72	E6B1B2	汲	CJK UNIFIED IDEOGRAPH	W	2
8B83	6CE3	E6B3A3	泣	CJK UNIFIED IDEOGRAPH	W	2
8B84	7078	E781B8	灸	CJK UNIFIED IDEOGRAPH	W	2
8B85	7403	E79083	球	CJK UNIFIED IDEOGRAPH	W	2
8B86	7A76	E7A9B6	究	CJK UNIFIED IDEOGRAPH	W	2
8B87	7AAE	E7AAAE	窮	CJK UNIFIED IDEOGRAPH	W	2
8B88	7B08	E7AC88	笈	CJK UNIFIED IDEOGRAPH	W	2
8B89	7D1A	E7B49A	級	CJK UNIFIED IDEOGRAPH	W	2
8B8A	7CFE	E7B3BE	糾	CJK UNIFIED IDEOGRAPH	W	2
8B8B	7D66	E7B5A6	給	CJK UNIFIED IDEOGRAPH	W	2
8B8C	65E7	E697A7	旧	CJK UNIFIED IDEOGRAPH	W	2
8B8D	725B	E7899B	牛	CJK UNIFIED IDEOGRAPH	W	2
8B8E	53BB	E58EBB	去	CJK UNIFIED IDEOGRAPH	W	2
8B8F	5C45	E5B185	居	CJK UNIFIED IDEOGRAPH	W	2
8B90	5DE8	E5B7A8	巨	CJK UNIFIED IDEOGRAPH	W	2
8B91	62D2	E68B92	拒	CJK UNIFIED IDEOGRAPH	W	2
8B92	62E0	E68BA0	拠	CJK UNIFIED IDEOGRAPH	W	2
8B93	6319	E68C99	挙	CJK UNIFIED IDEOGRAPH	W	2
8B94	6E20	E6B8A0	渠	CJK UNIFIED IDEOGRAPH	W	2
8B95	865A	E8999A	虚	CJK UNIFIED IDEOGRAPH	W	2
8B96	8A31	E8A8B1	許	CJK UNIFIED IDEOGRAPH	W	2
8B97	8DDD	E8B79D	距	CJK UNIFIED IDEOGRAPH	W	2
8B98	92F8	E98BB8	鋸	CJK UNIFIED IDEOGRAPH	W	2
8B99	6F01	E6BC81	漁	CJK UNIFIED IDEOGRAPH	W	2
8B9A	79A6	E7A6A6	禦	CJK UNIFIED IDEOGRAPH	W	2
8B9B	9B5A	E9AD9A	魚	CJK UNIFIED IDEOGRAPH	W	2
8B9C	4EA8	E4BAA8	亨	CJK UNIFIED IDEOGRAPH	W	2
8B9D	4EAB	E4BAAB	享	CJK UNIFIED IDEOGRAPH	W	2
8B9E	4EAC	E4BAAC	京	CJK UNIFIED IDEOGRAPH	W	2
8B9F	4F9B	E4BE9B	供	CJK UNIFIED IDEOGRAPH	W	2
8BA0	4FA0	E4BEA0	侠	CJK UNIFIED IDEOGRAPH	W	2
8BA1	50D1	E58391	僑	CJK UNIFIED IDEOGRAPH	W	2
8BA2	5147	E58587	兇	CJK UNIFIED IDEOGRAPH	W	2
8BA3	7AF6	E7ABB6	競	CJK UNIFIED IDEOGRAPH	W	2
8BA4	5171	E585B1	共	CJK UNIFIED IDEOGRAPH	W	2
8BA5	51F6	E587B6	凶	CJK UNIFIED IDEOGRAPH	W	2
8BA6	5354	E58D94	協	CJK UNIFIED IDEOGRAPH	W	2
8BA7	5321	E58CA1	匡	CJK UNIFIED IDEOGRAPH	W	2
8BA8	537F	E58DBF	卿	CJK UNIFIED IDEOGRAPH	W	2
8BA9	53EB	E58FAB	叫	CJK UNIFIED IDEOGRAPH	W	2
8BAA	55AC	E596AC	喬	CJK UNIFIED IDEOGRAPH	W	2
8BAB	5883	E5A283	境	CJK UNIFIED IDEOGRAPH	W	2
8BAC	5CE1	E5B3A1	峡	CJK UNIFIED IDEOGRAPH	W	2
8BAD	5F37	E5BCB7	強	CJK UNIFIED IDEOGRAPH	W	2
8BAE	5F4A	E5BD8A	彊	CJK UNIFIED IDEOGRAPH	W	2
8BAF	602F	E680AF	怯	CJK UNIFIED IDEOGRAPH	W	2
8BB0	6050	E68190	恐	CJK UNIFIED IDEOGRAPH	W	2
8BB1	606D	E681AD	恭	CJK UNIFIED IDEOGRAPH	W	2
8BB2	631F	E68C9F	挟	CJK UNIFIED IDEOGRAPH	W	2
8BB3	6559	E69599	教	CJK UNIFIED IDEOGRAPH	W	2
8BB4	6A4B	E6A98B	橋	CJK UNIFIED IDEOGRAPH	W	2
8BB5	6CC1	E6B381	況	CJK UNIFIED IDEOGRAPH	W	2
8BB6	72C2	E78B82	狂	CJK UNIFIED IDEOGRAPH	W	2
8BB7	72ED	E78BAD	狭	CJK UNIFIED IDEOGRAPH	W	2
8BB8	77EF	E79FAF	矯	CJK UNIFIED IDEOGRAPH	W	2
8BB9	80F8	E883B8	胸	CJK UNIFIED IDEOGRAPH	W	2
8BBA	8105	E88485	脅	CJK UNIFIED IDEOGRAPH	W	2
8BBB	8208	E88888	興	CJK UNIFIED IDEOGRAPH	W	2
8BBC	854E	E8958E	蕎	CJK UNIFIED IDEOGRAPH	W	2
8BBD	90F7	E983B7	郷	CJK UNIFIED IDEOGRAPH	W	2
8BBE	93E1	E98FA1	鏡	CJK UNIFIED IDEOGRAPH	W	2
8BBF	97FF	E99FBF	響	CJK UNIFIED IDEOGRAPH	W	2
8BC0	9957	E9A597	饗	CJK UNIFIED IDEOGRAPH	W	2
8BC1	9A5A	E9A99A	驚	CJK UNIFIED IDEOGRAPH	W	2
8BC2	4EF0	E4BBB0	仰	CJK UNIFIED IDEOGRAPH	W	2
8BC3	51DD	E5879D	凝	CJK UNIFIED IDEOGRAPH	W	2
8BC4	5C2D	E5B0AD	尭	CJK UNIFIED IDEOGRAPH	W	2
8BC5	6681	E69A81	暁	CJK UNIFIED IDEOGRAPH	W	2
8BC6	696D	E6A5AD	業	CJK UNIFIED IDEOGRAPH	W	2
8BC7	5C40	E5B180	局	CJK UNIFIED IDEOGRAPH	W	2
8BC8	66F2	E69BB2	曲	CJK UNIFIED IDEOGRAPH	W	2
8BC9	6975	E6A5B5	極	CJK UNIFIED IDEOGRAPH	W	2
8BCA	7389	E78E89	玉	CJK UNIFIED IDEOGRAPH	W	2
8BCB	6850	E6A190	桐	CJK UNIFIED IDEOGRAPH	W	2
8BCC	7C81	E7B281	粁	CJK UNIFIED IDEOGRAPH	W	2
8BCD	50C5	E58385	僅	CJK UNIFIED IDEOGRAPH	W	2
8BCE	52E4	E58BA4	勤	CJK UNIFIED IDEOGRAPH	W	2
8BCF	5747	E59D87	均	CJK UNIFIED IDEOGRAPH	W	2
8BD0	5DFE	E5B7BE	巾	CJK UNIFIED IDEOGRAPH	W	2
8BD1	9326	E98CA6	錦	CJK UNIFIED IDEOGRAPH	W	2
8BD2	65A4	E696A4	斤	CJK UNIFIED IDEOGRAPH	W	2
8BD3	6B23	E6ACA3	欣	CJK UNIFIED IDEOGRAPH	W	2
8BD4	6B3D	E6ACBD	欽	CJK UNIFIED IDEOGRAPH	W	2
8BD5	7434	E790B4	琴	CJK UNIFIED IDEOGRAPH	W	2
8BD6	7981	E7A681	禁	CJK UNIFIED IDEOGRAPH	W	2
8BD7	79BD	E7A6BD	禽	CJK UNIFIED IDEOGRAPH	W	2
8BD8	7B4B	E7AD8B	筋	CJK UNIFIED IDEOGRAPH	W	2
8BD9	7DCA	E7B78A	緊	CJK UNIFIED IDEOGRAPH	W	2
8BDA	82B9	E88AB9	芹	CJK UNIFIED IDEOGRAPH	W	2
8BDB	83CC	E88F8C	菌	CJK UNIFIED IDEOGRAPH	W	2
8BDC	887F	E8A1BF	衿	CJK UNIFIED IDEOGRAPH	W	2
8BDD	895F	E8A59F	襟	CJK UNIFIED IDEOGRAPH	W	2
8BDE	8B39	E8ACB9	謹	CJK UNIFIED IDEOGRAPH	W	2
8BDF	8FD1	E8BF91	近	CJK UNIFIED IDEOGRAPH	W	2
8BE0	91D1	E98791	金	CJK UNIFIED IDEOGRAPH	W	2
8BE1	541F	E5909F	吟	CJK UNIFIED IDEOGRAPH	W	2
8BE2	9280	E98A80	銀	CJK UNIFIED IDEOGRAPH	W	2
8BE3	4E5D	E4B99D	九	CJK UNIFIED IDEOGRAPH	W	2
8BE4	5036	E580B6	倶	CJK UNIFIED IDEOGRAPH	W	2
8BE5	53E5	E58FA5	句	CJK UNIFIED IDEOGRAPH	W	2
8BE6	533A	E58CBA	区	CJK UNIFIED IDEOGRAPH	W	2
8BE7	72D7	E78B97	狗	CJK UNIFIED IDEOGRAPH	W	2
8BE8	7396	E78E96	玖	CJK UNIFIED IDEOGRAPH	W	2
8BE9	77E9	E79FA9	矩	CJK UNIFIED IDEOGRAPH	W	2
8BEA	82E6	E88BA6	苦	CJK UNIFIED IDEOGRAPH	W	2
8BEB	8EAF	E8BAAF	躯	CJK UNIFIED IDEOGRAPH	W	2
8BEC	99C6	E9A786	駆	CJK UNIFIED IDEOGRAPH	W	2
8BED	99C8	E9A788	駈	CJK UNIFIED IDEOGRAPH	W	2
8BEE	99D2	E9A792	駒	CJK UNIFIED IDEOGRAPH	W	2
8BEF	5177	E585B7	具	CJK UNIFIED IDEOGRAPH	W	2
8BF0	611A	E6849A	愚	CJK UNIFIED IDEOGRAPH	W	2
8BF1	865E	E8999E	虞	CJK UNIFIED IDEOGRAPH	W	2
8BF2	55B0	E596B0	喰	CJK UNIFIED IDEOGRAPH	W	2
8BF3	7A7A	E7A9BA	空	CJK UNIFIED IDEOGRAPH	W	2
8BF4	5076	E581B6	偶	CJK UNIFIED IDEOGRAPH	W	2
8BF5	5BD3	E5AF93	寓	CJK UNIFIED IDEOGRAPH	W	2
8BF6	9047	E98187	遇	CJK UNIFIED IDEOGRAPH	W	2
8BF7	9685	E99A85	隅	CJK UNIFIED IDEOGRAPH	W	2
8BF8	4E32	E4B8B2	串	CJK UNIFIED IDEOGRAPH	W	2
8BF9	6ADB	E6AB9B	櫛	CJK UNIFIED IDEOGRAPH	W	2
8BFA	91E7	E987A7	釧	CJK UNIFIED IDEOGRAPH	W	2
8BFB	5C51	E5B191	屑	CJK UNIFIED IDEOGRAPH	W	2
8BFC	5C48	E5B188	屈	CJK UNIFIED IDEOGRAPH	W	2
8C40	6398	E68E98	掘	CJK UNIFIED IDEOGRAPH	W	2
8C41	7A9F	E7AA9F	窟	CJK UNIFIED IDEOGRAPH	W	2
8C42	6C93	E6B293	沓	CJK UNIFIED IDEOGRAPH	W	2
8C43	9774	E99DB4	靴	CJK UNIFIED IDEOGRAPH	W	2
8C44	8F61	E8BDA1	轡	CJK UNIFIED IDEOGRAPH	W	2
8C45	7AAA	E7AAAA	窪	CJK UNIFIED IDEOGRAPH	W	2
8C46	718A	E7868A	熊	CJK UNIFIED IDEOGRAPH	W	2
8C47	9688	E99A88	隈	CJK UNIFIED IDEOGRAPH	W	2
8C48	7C82	E7B282	粂	CJK UNIFIED IDEOGRAPH	W	2
8C49	6817	E6A097	栗	CJK UNIFIED IDEOGRAPH	W	2
8C4A	7E70	E7B9B0	繰	CJK UNIFIED IDEOGRAPH	W	2
8C4B	6851	E6A191	桑	CJK UNIFIED IDEOGRAPH	W	2
8C4C	936C	E98DAC	鍬	CJK UNIFIED IDEOGRAPH	W	2
8C4D	52F2	E58BB2	勲	CJK UNIFIED IDEOGRAPH	W	2
8C4E	541B	E5909B	君	CJK UNIFIED IDEOGRAPH	W	2
8C4F	85AB	E896AB	薫	CJK UNIFIED IDEOGRAPH	W	2
8C50	8A13	E8A893	訓	CJK UNIFIED IDEOGRAPH	W	2
8C51	7FA4	E7BEA4	群	CJK UNIFIED IDEOGRAPH	W	2
8C52	8ECD	E8BB8D	軍	CJK UNIFIED IDEOGRAPH	W	2
8C53	90E1	E983A1	郡	CJK UNIFIED IDEOGRAPH	W	2
8C54	5366	E58DA6	卦	CJK UNIFIED IDEOGRAPH	W	2
8C55	8888	E8A288	袈	CJK UNIFIED IDEOGRAPH	W	2
8C56	7941	E7A581	祁	CJK UNIFIED IDEOGRAPH	W	2
8C57	4FC2	E4BF82	係	CJK UNIFIED IDEOGRAPH	W	2
8C58	50BE	E582BE	傾	CJK UNIFIED IDEOGRAPH	W	2
8C59	5211	E58891	刑	CJK UNIFIED IDEOGRAPH	W	2
8C5A	5144	E58584	兄	CJK UNIFIED IDEOGRAPH	W	2
8C5B	5553	E59593	啓	CJK UNIFIED IDEOGRAPH	W	2
8C5C	572D	E59CAD	圭	CJK UNIFIED IDEOGRAPH	W	2
8C5D	73EA	E78FAA	珪	CJK UNIFIED IDEOGRAPH	W	2
8C5E	578B	E59E8B	型	CJK UNIFIED IDEOGRAPH	W	2
8C5F	5951	E5A591	契	CJK UNIFIED IDEOGRAPH	W	2
8C60	5F62	E5BDA2	形	CJK UNIFIED IDEOGRAPH	W	2
8C61	5F84	E5BE84	径	CJK UNIFIED IDEOGRAPH	W	2
8C62	6075	E681B5	恵	CJK UNIFIED IDEOGRAPH	W	2
8C63	6176	E685B6	慶	CJK UNIFIED IDEOGRAPH	W	2
8C64	6167	E685A7	慧	CJK UNIFIED IDEOGRAPH	W	2
8C65	61A9	E686A9	憩	CJK UNIFIED IDEOGRAPH	W	2
8C66	63B2	E68EB2	掲	CJK UNIFIED IDEOGRAPH	W	2
8C67	643A	E690BA	携	CJK UNIFIED IDEOGRAPH	W	2
8C68	656C	E695AC	敬	CJK UNIFIED IDEOGRAPH	W	2
8C69	666F	E699AF	景	CJK UNIFIED IDEOGRAPH	W	2
8C6A	6842	E6A182	桂	CJK UNIFIED IDEOGRAPH	W	2
8C6B	6E13	E6B893	渓	CJK UNIFIED IDEOGRAPH	W	2
8C6C	7566	E795A6	畦	CJK UNIFIED IDEOGRAPH	W	2
8C6D	7A3D	E7A8BD	稽	CJK UNIFIED IDEOGRAPH	W	2
8C6E	7CFB	E7B3BB	系	CJK UNIFIED IDEOGRAPH	W	2
8C6F	7D4C	E7B58C	経	CJK UNIFIED IDEOGRAPH	W	2
8C70	7D99	E7B699	継	CJK UNIFIED IDEOGRAPH	W	2
8C71	7E4B	E7B98B	繋	CJK UNIFIED IDEOGRAPH	W	2
8C72	7F6B	E7BDAB	罫	CJK UNIFIED IDEOGRAPH	W	2
8C73	830E	E88C8E	茎	CJK UNIFIED IDEOGRAPH	W	2
8C74	834A	E88D8A	荊	CJK UNIFIED IDEOGRAPH	W	2
8C75	86CD	E89B8D	蛍	CJK UNIFIED IDEOGRAPH	W	2
8C76	8A08	E8A888	計	CJK UNIFIED IDEOGRAPH	W	2
8C77	8A63	E8A9A3	詣	CJK UNIFIED IDEOGRAPH	W	2
8C78	8B66	E8ADA6	警	CJK UNIFIED IDEOGRAPH	W	2
8C79	8EFD	E8BBBD	軽	CJK UNIFIED IDEOGRAPH	W	2
8C7A	981A	E9A09A	頚	CJK UNIFIED IDEOGRAPH	W	2
8C7B	9D8F	E9B68F	鶏	CJK UNIFIED IDEOGRAPH	W	2
8C7C	82B8	E88AB8	芸	CJK UNIFIED IDEOGRAPH	W	2
8C7D	8FCE	E8BF8E	迎	CJK UNIFIED IDEOGRAPH	W	2
8C7E	9BE8	E9AFA8	鯨	CJK UNIFIED IDEOGRAPH	W	2
8C80	5287	E58A87	劇	CJK UNIFIED IDEOGRAPH	W	2
8C81	621F	E6889F	戟	CJK UNIFIED IDEOGRAPH	W	2
8C82	6483	E69283	撃	CJK UNIFIED IDEOGRAPH	W	2
8C83	6FC0	E6BF80	激	CJK UNIFIED IDEOGRAPH	W	2
8C84	9699	E99A99	隙	CJK UNIFIED IDEOGRAPH	W	2
8C85	6841	E6A181	桁	CJK UNIFIED IDEOGRAPH	W	2
8C86	5091	E58291	傑	CJK UNIFIED IDEOGRAPH	W	2
8C87	6B20	E6ACA0	欠	CJK UNIFIED IDEOGRAPH	W	2
8C88	6C7A	E6B1BA	決	CJK UNIFIED IDEOGRAPH	W	2
8C89	6F54	E6BD94	潔	CJK UNIFIED IDEOGRAPH	W	2
8C8A	7A74	E7A9B4	穴	CJK UNIFIED IDEOGRAPH	W	2
8C8B	7D50	E7B590	結	CJK UNIFIED IDEOGRAPH	W	2
8C8C	8840	E8A180	血	CJK UNIFIED IDEOGRAPH	W	2
8C8D	8A23	E8A8A3	訣	CJK UNIFIED IDEOGRAPH	W	2
8C8E	6708	E69C88	月	CJK UNIFIED IDEOGRAPH	W	2
8C8F	4EF6	E4BBB6	件	CJK UNIFIED IDEOGRAPH	W	2
8C90	5039	E580B9	倹	CJK UNIFIED IDEOGRAPH	W	2
8C91	5026	E580A6	倦	CJK UNIFIED IDEOGRAPH	W	2
8C92	5065	E581A5	健	CJK UNIFIED IDEOGRAPH	W	2
8C93	517C	E585BC	兼	CJK UNIFIED IDEOGRAPH	W	2
8C94	5238	E588B8	券	CJK UNIFIED IDEOGRAPH	W	2
8C95	5263	E589A3	剣	CJK UNIFIED IDEOGRAPH	W	2
8C96	55A7	E596A7	喧	CJK UNIFIED IDEOGRAPH	W	2
8C97	570F	E59C8F	圏	CJK UNIFIED IDEOGRAPH	W	2
8C98	5805	E5A085	堅	CJK UNIFIED IDEOGRAPH	W	2
8C99	5ACC	E5AB8C	嫌	CJK UNIFIED IDEOGRAPH	W	2
8C9A	5EFA	E5BBBA	建	CJK UNIFIED IDEOGRAPH	W	2
8C9B	61B2	E686B2	憲	CJK UNIFIED IDEOGRAPH	W	2
8C9C	61F8	E687B8	懸	CJK UNIFIED IDEOGRAPH	W	2
8C9D	62F3	E68BB3	拳	CJK UNIFIED IDEOGRAPH	W	2
8C9E	6372	E68DB2	捲	CJK UNIFIED IDEOGRAPH	W	2
8C9F	691C	E6A49C	検	CJK UNIFIED IDEOGRAPH	W	2
8CA0	6A29	E6A8A9	権	CJK UNIFIED IDEOGRAPH	W	2
8CA1	727D	E789BD	牽	CJK UNIFIED IDEOGRAPH	W	2
8CA2	72AC	E78AAC	犬	CJK UNIFIED IDEOGRAPH	W	2
8CA3	732E	E78CAE	献	CJK UNIFIED IDEOGRAPH	W	2
8CA4	7814	E7A094	研	CJK UNIFIED IDEOGRAPH	W	2
8CA5	786F	E7A1AF	硯	CJK UNIFIED IDEOGRAPH	W	2
8CA6	7D79	E7B5B9	絹	CJK UNIFIED IDEOGRAPH	W	2
8CA7	770C	E79C8C	県	CJK UNIFIED IDEOGRAPH	W	2
8CA8	80A9	E882A9	肩	CJK UNIFIED IDEOGRAPH	W	2
8CA9	898B	E8A68B	見	CJK UNIFIED IDEOGRAPH	W	2
8CAA	8B19	E8AC99	謙	CJK UNIFIED IDEOGRAPH	W	2
8CAB	8CE2	E8B3A2	賢	CJK UNIFIED IDEOGRAPH	W	2
8CAC	8ED2	E8BB92	軒	CJK UNIFIED IDEOGRAPH	W	2
8CAD	9063	E981A3	遣	CJK UNIFIED IDEOGRAPH	W	2
8CAE	9375	E98DB5	鍵	CJK UNIFIED IDEOGRAPH	W	2
8CAF	967A	E999BA	険	CJK UNIFIED IDEOGRAPH	W	2
8CB0	9855	E9A195	顕	CJK UNIFIED IDEOGRAPH	W	2
8CB1	9A13	E9A893	験	CJK UNIFIED IDEOGRAPH	W	2
8CB2	9E78	E9B9B8	鹸	CJK UNIFIED IDEOGRAPH	W	2
8CB3	5143	E58583	元	CJK UNIFIED IDEOGRAPH	W	2
8CB4	539F	E58E9F	原	CJK UNIFIED IDEOGRAPH	W	2
8CB5	53B3	E58EB3	厳	CJK UNIFIED IDEOGRAPH	W	2
8CB6	5E7B	E5B9BB	幻	CJK UNIFIED IDEOGRAPH	W	2
8CB7	5F26	E5BCA6	弦	CJK UNIFIED IDEOGRAPH	W	2
8CB8	6E1B	E6B89B	減	CJK UNIFIED IDEOGRAPH	W	2
8CB9	6E90	E6BA90	源	CJK UNIFIED IDEOGRAPH	W	2
8CBA	7384	E78E84	玄	CJK UNIFIED IDEOGRAPH	W	2
8CBB	73FE	E78FBE	現	CJK UNIFIED IDEOGRAPH	W	2
8CBC	7D43	E7B583	絃	CJK UNIFIED IDEOGRAPH	W	2
8CBD	8237	E888B7	舷	CJK UNIFIED IDEOGRAPH	W	2
8CBE	8A00	E8A880	言	CJK UNIFIED IDEOGRAPH	W	2
8CBF	8AFA	E8ABBA	諺	CJK UNIFIED IDEOGRAPH	W	2
8CC0	9650	E99990	限	CJK UNIFIED IDEOGRAPH	W	2
8CC1	4E4E	E4B98E	乎	CJK UNIFIED IDEOGRAPH	W	2
8CC2	500B	E5808B	個	CJK UNIFIED IDEOGRAPH	W	2
8CC3	53E4	E58FA4	古	CJK UNIFIED IDEOGRAPH	W	2
8CC4	547C	E591BC	呼	CJK UNIFIED IDEOGRAPH	W	2
8CC5	56FA	E59BBA	固	CJK UNIFIED IDEOGRAPH	W	2
8CC6	59D1	E5A791	姑	CJK UNIFIED IDEOGRAPH	W	2
8CC7	5B64	E5ADA4	孤	CJK UNIFIED IDEOGRAPH	W	2
8CC8	5DF1	E5B7B1	己	CJK UNIFIED IDEOGRAPH	W	2
8CC9	5EAB	E5BAAB	庫	CJK UNIFIED IDEOGRAPH	W	2
8CCA	5F27	E5BCA7	弧	CJK UNIFIED IDEOGRAPH	W	2
8CCB	6238	E688B8	戸	CJK UNIFIED IDEOGRAPH	W	2
8CCC	6545	E69585	故	CJK UNIFIED IDEOGRAPH	W	2
8CCD	67AF	E69EAF	枯	CJK UNIFIED IDEOGRAPH	W	2
8CCE	6E56	E6B996	湖	CJK UNIFIED IDEOGRAPH	W	2
8CCF	72D0	E78B90	狐	CJK UNIFIED IDEOGRAPH	W	2
8CD0	7CCA	E7B38A	糊	CJK UNIFIED IDEOGRAPH	W	2
8CD1	88B4	E8A2B4	袴	CJK UNIFIED IDEOGRAPH	W	2
8CD2	80A1	E882A1	股	CJK UNIFIED IDEOGRAPH	W	2
8CD3	80E1	E883A1	胡	CJK UNIFIED IDEOGRAPH	W	2
8CD4	83F0	E88FB0	菰	CJK UNIFIED IDEOGRAPH	W	2
8CD5	864E	E8998E	虎	CJK UNIFIED IDEOGRAPH	W	2
8CD6	8A87	E8AA87	誇	CJK UNIFIED IDEOGRAPH	W	2
8CD7	8DE8	E8B7A8	跨	CJK UNIFIED IDEOGRAPH	W	2
8CD8	9237	E988B7	鈷	CJK UNIFIED IDEOGRAPH	W	2
8CD9	96C7	E99B87	雇	CJK UNIFIED IDEOGRAPH	W	2
8CDA	9867	E9A1A7	顧	CJK UNIFIED IDEOGRAPH	W	2
8CDB	9F13	E9BC93	鼓	CJK UNIFIED IDEOGRAPH	W	2
8CDC	4E94	E4BA94	五	CJK UNIFIED IDEOGRAPH	W	2
8CDD	4E92	E4BA92	互	CJK UNIFIED IDEOGRAPH	W	2
8CDE	4F0D	E4BC8D	伍	CJK UNIFIED IDEOGRAPH	W	2
8CDF	5348	E58D88	午	CJK UNIFIED IDEOGRAPH	W	2
8CE0	5449	E59189	呉	CJK UNIFIED IDEOGRAPH	W	2
8CE1	543E	E590BE	吾	CJK UNIFIED IDEOGRAPH	W	2
8CE2	5A2F	E5A8AF	娯	CJK UNIFIED IDEOGRAPH	W	2
8CE3	5F8C	E5BE8C	後	CJK UNIFIED IDEOGRAPH	W	2
8CE4	5FA1	E5BEA1	御	CJK UNIFIED IDEOGRAPH	W	2
8CE5	609F	E6829F	悟	CJK UNIFIED IDEOGRAPH	W	2
8CE6	68A7	E6A2A7	梧	CJK UNIFIED IDEOGRAPH	W	2
8CE7	6A8E	E6AA8E	檎	CJK UNIFIED IDEOGRAPH	W	2
8CE8	745A	E7919A	瑚	CJK UNIFIED IDEOGRAPH	W	2
8CE9	7881	E7A281	碁	CJK UNIFIED IDEOGRAPH	W	2
8CEA	8A9E	E8AA9E	語	CJK UNIFIED IDEOGRAPH	W	2
8CEB	8AA4	E8AAA4	誤	CJK UNIFIED IDEOGRAPH	W	2
8CEC	8B77	E8ADB7	護	CJK UNIFIED IDEOGRAPH	W	2
8CED	9190	E98690	醐	CJK UNIFIED IDEOGRAPH	W	2
8CEE	4E5E	E4B99E	乞	CJK UNIFIED IDEOGRAPH	W	2
8CEF	9BC9	E9AF89	鯉	CJK UNIFIED IDEOGRAPH	W	2
8CF0	4EA4	E4BAA4	交	CJK UNIFIED IDEOGRAPH	W	2
8CF1	4F7C	E4BDBC	佼	CJK UNIFIED IDEOGRAPH	W	2
8CF2	4FAF	E4BEAF	侯	CJK UNIFIED IDEOGRAPH	W	2
8CF3	5019	E58099	候	CJK UNIFIED IDEOGRAPH	W	2
8CF4	5016	E58096	倖	CJK UNIFIED IDEOGRAPH	W	2
8CF5	5149	E58589	光	CJK UNIFIED IDEOGRAPH	W	2
8CF6	516C	E585AC	公	CJK UNIFIED IDEOGRAPH	W	2
8CF7	529F	E58A9F	功	CJK UNIFIED IDEOGRAPH	W	2
8CF8	52B9	E58AB9	効	CJK UNIFIED IDEOGRAPH	W	2
8CF9	52FE	E58BBE	勾	CJK UNIFIED IDEOGRAPH	W	2
8CFA	539A	E58E9A	厚	CJK UNIFIED IDEOGRAPH	W	2
8CFB	53E3	E58FA3	口	CJK UNIFIED IDEOGRAPH	W	2
8CFC	5411	E59091	向	CJK UNIFIED IDEOGRAPH	W	2
8D40	540E	E5908E	后	CJK UNIFIED IDEOGRAPH	W	2
8D41	5589	E59689	喉	CJK UNIFIED IDEOGRAPH	W	2
8D42	5751	E59D91	坑	CJK UNIFIED IDEOGRAPH	W	2
8D43	57A2	E59EA2	垢	CJK UNIFIED IDEOGRAPH	W	2
8D44	597D	E5A5BD	好	CJK UNIFIED IDEOGRAPH	W	2
8D45	5B54	E5AD94	孔	CJK UNIFIED IDEOGRAPH	W	2
8D46	5B5D	E5AD9D	孝	CJK UNIFIED IDEOGRAPH	W	2
8D47	5B8F	E5AE8F	宏	CJK UNIFIED IDEOGRAPH	W	2
8D48	5DE5	E5B7A5	工	CJK UNIFIED IDEOGRAPH	W	2
8D49	5DE7	E5B7A7	巧	CJK UNIFIED IDEOGRAPH	W	2
8D4A	5DF7	E5B7B7	巷	CJK UNIFIED IDEOGRAPH	W	2
8D4B	5E78	E5B9B8	幸	CJK UNIFIED IDEOGRAPH	W	2
8D4C	5E83	E5BA83	広	CJK UNIFIED IDEOGRAPH	W	2
8D4D	5E9A	E5BA9A	庚	CJK UNIFIED IDEOGRAPH	W	2
8D4E	5EB7	E5BAB7	康	CJK UNIFIED IDEOGRAPH	W	2
8D4F	5F18	E5BC98	弘	CJK UNIFIED IDEOGRAPH	W	2
8D50	6052	E68192	恒	CJK UNIFIED IDEOGRAPH	W	2
8D51	614C	E6858C	慌	CJK UNIFIED IDEOGRAPH	W	2
8D52	6297	E68A97	抗	CJK UNIFIED IDEOGRAPH	W	2
8D53	62D8	E68B98	拘	CJK UNIFIED IDEOGRAPH	W	2
8D54	63A7	E68EA7	控	CJK UNIFIED IDEOGRAPH	W	2
8D55	653B	E694BB	攻	CJK UNIFIED IDEOGRAPH	W	2
8D56	6602	E69882	昂	CJK UNIFIED IDEOGRAPH	W	2
8D57	6643	E69983	晃	CJK UNIFIED IDEOGRAPH	W	2
8D58	66F4	E69BB4	更	CJK UNIFIED IDEOGRAPH	W	2
8D59	676D	E69DAD	杭	CJK UNIFIED IDEOGRAPH	W	2
8D5A	6821	E6A0A1	校	CJK UNIFIED IDEOGRAPH	W	2
8D5B	6897	E6A297	梗	CJK UNIFIED IDEOGRAPH	W	2
8D5C	69CB	E6A78B	構	CJK UNIFIED IDEOGRAPH	W	2
8D5D	6C5F	E6B19F	江	CJK UNIFIED IDEOGRAPH	W	2
8D5E	6D2A	E6B4AA	洪	CJK UNIFIED IDEOGRAPH	W	2
8D5F	6D69	E6B5A9	浩	CJK UNIFIED IDEOGRAPH	W	2
8D60	6E2F	E6B8AF	港	CJK UNIFIED IDEOGRAPH	W	2
8D61	6E9D	E6BA9D	溝	CJK UNIFIED IDEOGRAPH	W	2
8D62	7532	E794B2	甲	CJK UNIFIED IDEOGRAPH	W	2
8D63	7687	E79A87	皇	CJK UNIFIED IDEOGRAPH	W	2
8D64	786C	E7A1AC	硬	CJK UNIFIED IDEOGRAPH	W	2
8D65	7A3F	E7A8BF	稿	CJK UNIFIED IDEOGRAPH	W	2
8D66	7CE0	E7B3A0	糠	CJK UNIFIED IDEOGRAPH	W	2
8D67	7D05	E7B485	紅	CJK UNIFIED IDEOGRAPH	W	2
8D68	7D18	E7B498	紘	CJK UNIFIED IDEOGRAPH	W	2
8D69	7D5E	E7B59E	絞	CJK UNIFIED IDEOGRAPH	W	2
8D6A	7DB1	E7B6B1	綱	CJK UNIFIED IDEOGRAPH	W	2
8D6B	8015	E88095	耕	CJK UNIFIED IDEOGRAPH	W	2
8D6C	8003	E88083	考	CJK UNIFIED IDEOGRAPH	W	2
8D6D	80AF	E882AF	肯	CJK UNIFIED IDEOGRAPH	W	2
8D6E	80B1	E882B1	肱	CJK UNIFIED IDEOGRAPH	W	2
8D6F	8154	E88594	腔	CJK UNIFIED IDEOGRAPH	W	2
8D70	818F	E8868F	膏	CJK UNIFIED IDEOGRAPH	W	2
8D71	822A	E888AA	航	CJK UNIFIED IDEOGRAPH	W	2
8D72	8352	E88D92	荒	CJK UNIFIED IDEOGRAPH	W	2
8D73	884C	E8A18C	行	CJK UNIFIED IDEOGRAPH	W	2
8D74	8861	E8A1A1	衡	CJK UNIFIED IDEOGRAPH	W	2
8D75	8B1B	E8AC9B	講	CJK UNIFIED IDEOGRAPH	W	2
8D76	8CA2	E8B2A2	貢	CJK UNIFIED IDEOGRAPH	W	2
8D77	8CFC	E8B3BC	購	CJK UNIFIED IDEOGRAPH	W	2
8D78	90CA	E9838A	郊	CJK UNIFIED IDEOGRAPH	W	2
8D79	9175	E985B5	酵	CJK UNIFIED IDEOGRAPH	W	2
8D7A	9271	E989B1	鉱	CJK UNIFIED IDEOGRAPH	W	2
8D7B	783F	E7A0BF	砿	CJK UNIFIED IDEOGRAPH	W	2
8D7C	92FC	E98BBC	鋼	CJK UNIFIED IDEOGRAPH	W	2
8D7D	95A4	E996A4	閤	CJK UNIFIED IDEOGRAPH	W	2
8D7E	964D	E9998D	降	CJK UNIFIED IDEOGRAPH	W	2
8D80	9805	E9A085	項	CJK UNIFIED IDEOGRAPH	W	2
8D81	9999	E9A699	香	CJK UNIFIED IDEOGRAPH	W	2
8D82	9AD8	E9AB98	高	CJK UNIFIED IDEOGRAPH	W	2
8D83	9D3B	E9B4BB	鴻	CJK UNIFIED IDEOGRAPH	W	2
8D84	525B	E5899B	剛	CJK UNIFIED IDEOGRAPH	W	2
8D85	52AB	E58AAB	劫	CJK UNIFIED IDEOGRAPH	W	2
8D86	53F7	E58FB7	号	CJK UNIFIED IDEOGRAPH	W	2
8D87	5408	E59088	合	CJK UNIFIED IDEOGRAPH	W	2
8D88	58D5	E5A395	壕	CJK UNIFIED IDEOGRAPH	W	2
8D89	62F7	E68BB7	拷	CJK UNIFIED IDEOGRAPH	W	2
8D8A	6FE0	E6BFA0	濠	CJK UNIFIED IDEOGRAPH	W	2
8D8B	8C6A	E8B1AA	豪	CJK UNIFIED IDEOGRAPH	W	2
8D8C	8F5F	E8BD9F	轟	CJK UNIFIED IDEOGRAPH	W	2
8D8D	9EB9	E9BAB9	麹	CJK UNIFIED IDEOGRAPH	W	2
8D8E	514B	E5858B	克	CJK UNIFIED IDEOGRAPH	W	2
8D8F	523B	E588BB	刻	CJK UNIFIED IDEOGRAPH	W	2
8D90	544A	E5918A	告	CJK UNIFIED IDEOGRAPH	W	2
8D91	56FD	E59BBD	国	CJK UNIFIED IDEOGRAPH	W	2
8D92	7A40	E7A980	穀	CJK UNIFIED IDEOGRAPH	W	2
8D93	9177	E985B7	酷	CJK UNIFIED IDEOGRAPH	W	2
8D94	9D60	E9B5A0	鵠	CJK UNIFIED IDEOGRAPH	W	2
8D95	9ED2	E9BB92	黒	CJK UNIFIED IDEOGRAPH	W	2
8D96	7344	E78D84	獄	CJK UNIFIED IDEOGRAPH	W	2
8D97	6F09	E6BC89	漉	CJK UNIFIED IDEOGRAPH	W	2
8D98	8170	E885B0	腰	CJK UNIFIED IDEOGRAPH	W	2
8D99	7511	E79491	甑	CJK UNIFIED IDEOGRAPH	W	2
8D9A	5FFD	E5BFBD	忽	CJK UNIFIED IDEOGRAPH	W	2
8D9B	60DA	E6839A	惚	CJK UNIFIED IDEOGRAPH	W	2
8D9C	9AA8	E9AAA8	骨	CJK UNIFIED IDEOGRAPH	W	2
8D9D	72DB	E78B9B	狛	CJK UNIFIED IDEOGRAPH	W	2
8D9E	8FBC	E8BEBC	込	CJK UNIFIED IDEOGRAPH	W	2
8D9F	6B64	E6ADA4	此	CJK UNIFIED IDEOGRAPH	W	2
8DA0	9803	E9A083	頃	CJK UNIFIED IDEOGRAPH	W	2
8DA1	4ECA	E4BB8A	今	CJK UNIFIED IDEOGRAPH	W	2
8DA2	56F0	E59BB0	困	CJK UNIFIED IDEOGRAPH	W	2
8DA3	5764	E59DA4	坤	CJK UNIFIED IDEOGRAPH	W	2
8DA4	58BE	E5A2BE	墾	CJK UNIFIED IDEOGRAPH	W	2
8DA5	5A5A	E5A99A	婚	CJK UNIFIED IDEOGRAPH	W	2
8DA6	6068	E681A8	恨	CJK UNIFIED IDEOGRAPH	W	2
8DA7	61C7	E68787	懇	CJK UNIFIED IDEOGRAPH	W	2
8DA8	660F	E6988F	昏	CJK UNIFIED IDEOGRAPH	W	2
8DA9	6606	E69886	昆	CJK UNIFIED IDEOGRAPH	W	2
8DAA	6839	E6A0B9	根	CJK UNIFIED IDEOGRAPH	W	2
8DAB	68B1	E6A2B1	梱	CJK UNIFIED IDEOGRAPH	W	2
8DAC	6DF7	E6B7B7	混	CJK UNIFIED IDEOGRAPH	W	2
8DAD	75D5	E79795	痕	CJK UNIFIED IDEOGRAPH	W	2
8DAE	7D3A	E7B4BA	紺	CJK UNIFIED IDEOGRAPH	W	2
8DAF	826E	E889AE	艮	CJK UNIFIED IDEOGRAPH	W	2
8DB0	9B42	E9AD82	魂	CJK UNIFIED IDEOGRAPH	W	2
8DB1	4E9B	E4BA9B	些	CJK UNIFIED IDEOGRAPH	W	2
8DB2	4F50	E4BD90	佐	CJK UNIFIED IDEOGRAPH	W	2
8DB3	53C9	E58F89	叉	CJK UNIFIED IDEOGRAPH	W	2
8DB4	5506	E59486	唆	CJK UNIFIED IDEOGRAPH	W	2
8DB5	5D6F	E5B5AF	嵯	CJK UNIFIED IDEOGRAPH	W	2
8DB6	5DE6	E5B7A6	左	CJK UNIFIED IDEOGRAPH	W	2
8DB7	5DEE	E5B7AE	差	CJK UNIFIED IDEOGRAPH	W	2
8DB8	67FB	E69FBB	査	CJK UNIFIED IDEOGRAPH	W	2
8DB9	6C99	E6B299	沙	CJK UNIFIED IDEOGRAPH	W	2
8DBA	7473	E791B3	瑳	CJK UNIFIED IDEOGRAPH	W	2
8DBB	7802	E7A082	砂	CJK UNIFIED IDEOGRAPH	W	2
8DBC	8A50	E8A990	詐	CJK UNIFIED IDEOGRAPH	W	2
8DBD	9396	E98E96	鎖	CJK UNIFIED IDEOGRAPH	W	2
8DBE	88DF	E8A39F	裟	CJK UNIFIED IDEOGRAPH	W	2
8DBF	5750	E59D90	坐	CJK UNIFIED IDEOGRAPH	W	2
8DC0	5EA7	E5BAA7	座	CJK UNIFIED IDEOGRAPH	W	2
8DC1	632B	E68CAB	挫	CJK UNIFIED IDEOGRAPH	W	2
8DC2	50B5	E582B5	債	CJK UNIFIED IDEOGRAPH	W	2
8DC3	50AC	E582AC	催	CJK UNIFIED IDEOGRAPH	W	2
8DC4	518D	E5868D	再	CJK UNIFIED IDEOGRAPH	W	2
8DC5	6700	E69C80	最	CJK UNIFIED IDEOGRAPH	W	2
8DC6	54C9	E59389	哉	CJK UNIFIED IDEOGRAPH	W	2
8DC7	585E	E5A19E	塞	CJK UNIFIED IDEOGRAPH	W	2
8DC8	59BB	E5A6BB	妻	CJK UNIFIED IDEOGRAPH	W	2
8DC9	5BB0	E5AEB0	宰	CJK UNIFIED IDEOGRAPH	W	2
8DCA	5F69	E5BDA9	彩	CJK UNIFIED IDEOGRAPH	W	2
8DCB	624D	E6898D	才	CJK UNIFIED IDEOGRAPH	W	2
8DCC	63A1	E68EA1	採	CJK UNIFIED IDEOGRAPH	W	2
8DCD	683D	E6A0BD	栽	CJK UNIFIED IDEOGRAPH	W	2
8DCE	6B73	E6ADB3	歳	CJK UNIFIED IDEOGRAPH	W	2
8DCF	6E08	E6B888	済	CJK UNIFIED IDEOGRAPH	W	2
8DD0	707D	E781BD	災	CJK UNIFIED IDEOGRAPH	W	2
8DD1	91C7	E98787	采	CJK UNIFIED IDEOGRAPH	W	2
8DD2	7280	E78A80	犀	CJK UNIFIED IDEOGRAPH	W	2
8DD3	7815	E7A095	砕	CJK UNIFIED IDEOGRAPH	W	2
8DD4	7826	E7A0A6	砦	CJK UNIFIED IDEOGRAPH	W	2
8DD5	796D	E7A5AD	祭	CJK UNIFIED IDEOGRAPH	W	2
8DD6	658E	E6968E	斎	CJK UNIFIED IDEOGRAPH	W	2
8DD7	7D30	E7B4B0	細	CJK UNIFIED IDEOGRAPH	W	2
8DD8	83DC	E88F9C	菜	CJK UNIFIED IDEOGRAPH	W	2
8DD9	88C1	E8A381	裁	CJK UNIFIED IDEOGRAPH	W	2
8DDA	8F09	E8BC89	載	CJK UNIFIED IDEOGRAPH	W	2
8DDB	969B	E99A9B	際	CJK UNIFIED IDEOGRAPH	W	2
8DDC	5264	E589A4	剤	CJK UNIFIED IDEOGRAPH	W	2
8DDD	5728	E59CA8	在	CJK UNIFIED IDEOGRAPH	W	2
8DDE	6750	E69D90	材	CJK UNIFIED IDEOGRAPH	W	2
8DDF	7F6A	E7BDAA	罪	CJK UNIFIED IDEOGRAPH	W	2
8DE0	8CA1	E8B2A1	財	CJK UNIFIED IDEOGRAPH	W	2
8DE1	51B4	E586B4	冴	CJK UNIFIED IDEOGRAPH	W	2
8DE2	5742	E59D82	坂	CJK UNIFIED IDEOGRAPH	W	2
8DE3	962A	E998AA	阪	CJK UNIFIED IDEOGRAPH	W	2
8DE4	583A	E5A0BA	堺	CJK UNIFIED IDEOGRAPH	W	2
8DE5	698A	E6A68A	榊	CJK UNIFIED IDEOGRAPH	W	2
8DE6	80B4	E882B4	肴	CJK UNIFIED IDEOGRAPH	W	2
8DE7	54B2	E592B2	咲	CJK UNIFIED IDEOGRAPH	W	2
8DE8	5D0E	E5B48E	崎	CJK UNIFIED IDEOGRAPH	W	2
8DE9	57FC	E59FBC	埼	CJK UNIFIED IDEOGRAPH	W	2
8DEA	7895	E7A295	碕	CJK UNIFIED IDEOGRAPH	W	2
8DEB	9DFA	E9B7BA	鷺	CJK UNIFIED IDEOGRAPH	W	2
8DEC	4F5C	E4BD9C	作	CJK UNIFIED IDEOGRAPH	W	2
8DED	524A	E5898A	削	CJK UNIFIED IDEOGRAPH	W	2
8DEE	548B	E5928B	咋	CJK UNIFIED IDEOGRAPH	W	2
8DEF	643E	E690BE	搾	CJK UNIFIED IDEOGRAPH	W	2
8DF0	6628	E698A8	昨	CJK UNIFIED IDEOGRAPH	W	2
8DF1	6714	E69C94	朔	CJK UNIFIED IDEOGRAPH	W	2
8DF2	67F5	E69FB5	柵	CJK UNIFIED IDEOGRAPH	W	2
8DF3	7A84	E7AA84	窄	CJK UNIFIED IDEOGRAPH	W	2
8DF4	7B56	E7AD96	策	CJK UNIFIED IDEOGRAPH	W	2
8DF5	7D22	E7B4A2	索	CJK UNIFIED IDEOGRAPH	W	2
8DF6	932F	E98CAF	錯	CJK UNIFIED IDEOGRAPH	W	2
8DF7	685C	E6A19C	桜	CJK UNIFIED IDEOGRAPH	W	2
8DF8	9BAD	E9AEAD	鮭	CJK UNIFIED IDEOGRAPH	W	2
8DF9	7B39	E7ACB9	笹	CJK UNIFIED IDEOGRAPH	W	2
8DFA	5319	E58C99	匙	CJK UNIFIED IDEOGRAPH	W	2
8DFB	518A	E5868A	冊	CJK UNIFIED IDEOGRAPH	W	2
8DFC	5237	E588B7	刷	CJK UNIFIED IDEOGRAPH	W	2
8E40	5BDF	E5AF9F	察	CJK UNIFIED IDEOGRAPH	W	2
8E41	62F6	E68BB6	拶	CJK UNIFIED IDEOGRAPH	W	2
8E42	64AE	E692AE	撮	CJK UNIFIED IDEOGRAPH	W	2
8E43	64E6	E693A6	擦	CJK UNIFIED IDEOGRAPH	W	2
8E44	672D	E69CAD	札	CJK UNIFIED IDEOGRAPH	W	2
8E45	6BBA	E6AEBA	殺	CJK UNIFIED IDEOGRAPH	W	2
8E46	85A9	E896A9	薩	CJK UNIFIED IDEOGRAPH	W	2
8E47	96D1	E99B91	雑	CJK UNIFIED IDEOGRAPH	W	2
8E48	7690	E79A90	皐	CJK UNIFIED IDEOGRAPH	W	2
8E49	9BD6	E9AF96	鯖	CJK UNIFIED IDEOGRAPH	W	2
8E4A	634C	E68D8C	捌	CJK UNIFIED IDEOGRAPH	W	2
8E4B	9306	E98C86	錆	CJK UNIFIED IDEOGRAPH	W	2
8E4C	9BAB	E9AEAB	鮫	CJK UNIFIED IDEOGRAPH	W	2
8E4D	76BF	E79ABF	皿	CJK UNIFIED IDEOGRAPH	W	2
8E4E	6652	E69992	晒	CJK UNIFIED IDEOGRAPH	W	2
8E4F	4E09	E4B889	三	CJK UNIFIED IDEOGRAPH	W	2
8E50	5098	E58298	傘	CJK UNIFIED IDEOGRAPH	W	2
8E51	53C2	E58F82	参	CJK UNIFIED IDEOGRAPH	W	2
8E52	5C71	E5B1B1	山	CJK UNIFIED IDEOGRAPH	W	2
8E53	60E8	E683A8	惨	CJK UNIFIED IDEOGRAPH	W	2
8E54	6492	E69292	撒	CJK UNIFIED IDEOGRAPH	W	2
8E55	6563	E695A3	散	CJK UNIFIED IDEOGRAPH	W	2
8E56	685F	E6A19F	桟	CJK UNIFIED IDEOGRAPH	W	2
8E57	71E6	E787A6	燦	CJK UNIFIED IDEOGRAPH	W	2
8E58	73CA	E78F8A	珊	CJK UNIFIED IDEOGRAPH	W	2
8E59	7523	E794A3	産	CJK UNIFIED IDEOGRAPH	W	2
8E5A	7B97	E7AE97	算	CJK UNIFIED IDEOGRAPH	W	2
8E5B	7E82	E7BA82	纂	CJK UNIFIED IDEOGRAPH	W	2
8E5C	8695	E89A95	蚕	CJK UNIFIED IDEOGRAPH	W	2
8E5D	8B83	E8AE83	讃	CJK UNIFIED IDEOGRAPH	W	2
8E5E	8CDB	E8B39B	賛	CJK UNIFIED IDEOGRAPH	W	2
8E5F	9178	E985B8	酸	CJK UNIFIED IDEOGRAPH	W	2
8E60	9910	E9A490	餐	CJK UNIFIED IDEOGRAPH	W	2
8E61	65AC	E696AC	斬	CJK UNIFIED IDEOGRAPH	W	2
8E62	66AB	E69AAB	暫	CJK UNIFIED IDEOGRAPH	W	2
8E63	6B8B	E6AE8B	残	CJK UNIFIED IDEOGRAPH	W	2
8E64	4ED5	E4BB95	仕	CJK UNIFIED IDEOGRAPH	W	2
8E65	4ED4	E4BB94	仔	CJK UNIFIED IDEOGRAPH	W	2
8E66	4F3A	E4BCBA	伺	CJK UNIFIED IDEOGRAPH	W	2
8E67	4F7F	E4BDBF	使	CJK UNIFIED IDEOGRAPH	W	2
8E68	523A	E588BA	刺	CJK UNIFIED IDEOGRAPH	W	2
8E69	53F8	E58FB8	司	CJK UNIFIED IDEOGRAPH	W	2
8E6A	53F2	E58FB2	史	CJK UNIFIED IDEOGRAPH	W	2
8E6B	55E3	E597A3	嗣	CJK UNIFIED IDEOGRAPH	W	2
8E6C	56DB	E59B9B	四	CJK UNIFIED IDEOGRAPH	W	2
8E6D	58EB	E5A3AB	士	CJK UNIFIED IDEOGRAPH	W	2
8E6E	59CB	E5A78B	始	CJK UNIFIED IDEOGRAPH	W	2
8E6F	59C9	E5A789	姉	CJK UNIFIED IDEOGRAPH	W	2
8E70	59FF	E5A7BF	姿	CJK UNIFIED IDEOGRAPH	W	2
8E71	5B50	E5AD90	子	CJK UNIFIED IDEOGRAPH	W	2
8E72	5C4D	E5B18D	屍	CJK UNIFIED IDEOGRAPH	W	2
8E73	5E02	E5B882	市	CJK UNIFIED IDEOGRAPH	W	2
8E74	5E2B	E5B8AB	師	CJK UNIFIED IDEOGRAPH	W	2
8E75	5FD7	E5BF97	志	CJK UNIFIED IDEOGRAPH	W	2
8E76	601D	E6809D	思	CJK UNIFIED IDEOGRAPH	W	2
8E77	6307	E68C87	指	CJK UNIFIED IDEOGRAPH	W	2
8E78	652F	E694AF	支	CJK UNIFIED IDEOGRAPH	W	2
8E79	5B5C	E5AD9C	孜	CJK UNIFIED IDEOGRAPH	W	2
8E7A	65AF	E696AF	斯	CJK UNIFIED IDEOGRAPH	W	2
8E7B	65BD	E696BD	施	CJK UNIFIED IDEOGRAPH	W	2
8E7C	65E8	E697A8	旨	CJK UNIFIED IDEOGRAPH	W	2
8E7D	679D	E69E9D	枝	CJK UNIFIED IDEOGRAPH	W	2
8E7E	6B62	E6ADA2	止	CJK UNIFIED IDEOGRAPH	W	2
8E80	6B7B	E6ADBB	死	CJK UNIFIED IDEOGRAPH	W	2
8E81	6C0F	E6B08F	氏	CJK UNIFIED IDEOGRAPH	W	2
8E82	7345	E78D85	獅	CJK UNIFIED IDEOGRAPH	W	2
8E83	7949	E7A589	祉	CJK UNIFIED IDEOGRAPH	W	2
8E84	79C1	E7A781	私	CJK UNIFIED IDEOGRAPH	W	2
8E85	7CF8	E7B3B8	糸	CJK UNIFIED IDEOGRAPH	W	2
8E86	7D19	E7B499	紙	CJK UNIFIED IDEOGRAPH	W	2
8E87	7D2B	E7B4AB	紫	CJK UNIFIED IDEOGRAPH	W	2
8E88	80A2	E882A2	肢	CJK UNIFIED IDEOGRAPH	W	2
8E89	8102	E88482	脂	CJK UNIFIED IDEOGRAPH	W	2
8E8A	81F3	E887B3	至	CJK UNIFIED IDEOGRAPH	W	2
8E8B	8996	E8A696	視	CJK UNIFIED IDEOGRAPH	W	2
8E8C	8A5E	E8A99E	詞	CJK UNIFIED IDEOGRAPH	W	2
8E8D	8A69	E8A9A9	詩	CJK UNIFIED IDEOGRAPH	W	2
8E8E	8A66	E8A9A6	試	CJK UNIFIED IDEOGRAPH	W	2
8E8F	8A8C	E8AA8C	誌	CJK UNIFIED IDEOGRAPH	W	2
8E90	8AEE	E8ABAE	諮	CJK UNIFIED IDEOGRAPH	W	2
8E91	8CC7	E8B387	資	CJK UNIFIED IDEOGRAPH	W	2
8E92	8CDC	E8B39C	賜	CJK UNIFIED IDEOGRAPH	W	2
8E93	96CC	E99B8C	雌	CJK UNIFIED IDEOGRAPH	W	2
8E94	98FC	E9A3BC	飼	CJK UNIFIED IDEOGRAPH	W	2
8E95	6B6F	E6ADAF	歯	CJK UNIFIED IDEOGRAPH	W	2
8E96	4E8B	E4BA8B	事	CJK UNIFIED IDEOGRAPH	W	2
8E97	4F3C	E4BCBC	似	CJK UNIFIED IDEOGRAPH	W	2
8E98	4F8D	E4BE8D	侍	CJK UNIFIED IDEOGRAPH	W	2
8E99	5150	E58590	児	CJK UNIFIED IDEOGRAPH	W	2
8E9A	5B57	E5AD97	字	CJK UNIFIED IDEOGRAPH	W	2
8E9B	5BFA	E5AFBA	寺	CJK UNIFIED IDEOGRAPH	W	2
8E9C	6148	E68588	慈	CJK UNIFIED IDEOGRAPH	W	2
8E9D	6301	E68C81	持	CJK UNIFIED IDEOGRAPH	W	2
8E9E	6642	E69982	時	CJK UNIFIED IDEOGRAPH	W	2
8E9F	6B21	E6ACA1	次	CJK UNIFIED IDEOGRAPH	W	2
8EA0	6ECB	E6BB8B	滋	CJK UNIFIED IDEOGRAPH	W	2
8EA1	6CBB	E6B2BB	治	CJK UNIFIED IDEOGRAPH	W	2
8EA2	723E	E788BE	爾	CJK UNIFIED IDEOGRAPH	W	2
8EA3	74BD	E792BD	璽	CJK UNIFIED IDEOGRAPH	W	2
8EA4	75D4	E79794	痔	CJK UNIFIED IDEOGRAPH	W	2
8EA5	78C1	E7A381	磁	CJK UNIFIED IDEOGRAPH	W	2
8EA6	793A	E7A4BA	示	CJK UNIFIED IDEOGRAPH	W	2
8EA7	800C	E8808C	而	CJK UNIFIED IDEOGRAPH	W	2
8EA8	8033	E880B3	耳	CJK UNIFIED IDEOGRAPH	W	2
8EA9	81EA	E887AA	自	CJK UNIFIED IDEOGRAPH	W	2
8EAA	8494	E89294	蒔	CJK UNIFIED IDEOGRAPH	W	2
8EAB	8F9E	E8BE9E	辞	CJK UNIFIED IDEOGRAPH	W	2
8EAC	6C50	E6B190	汐	CJK UNIFIED IDEOGRAPH	W	2
8EAD	9E7F	E9B9BF	鹿	CJK UNIFIED IDEOGRAPH	W	2
8EAE	5F0F	E5BC8F	式	CJK UNIFIED IDEOGRAPH	W	2
8EAF	8B58	E8AD98	識	CJK UNIFIED IDEOGRAPH	W	2
8EB0	9D2B	E9B4AB	鴫	CJK UNIFIED IDEOGRAPH	W	2
8EB1	7AFA	E7ABBA	竺	CJK UNIFIED IDEOGRAPH	W	2
8EB2	8EF8	E8BBB8	軸	CJK UNIFIED IDEOGRAPH	W	2
8EB3	5B8D	E5AE8D	宍	CJK UNIFIED IDEOGRAPH	W	2
8EB4	96EB	E99BAB	雫	CJK UNIFIED IDEOGRAPH	W	2
8EB5	4E03	E4B883	七	CJK UNIFIED IDEOGRAPH	W	2
8EB6	53F1	E58FB1	叱	CJK UNIFIED IDEOGRAPH	W	2
8EB7	57F7	E59FB7	執	CJK UNIFIED IDEOGRAPH	W	2
8EB8	5931	E5A4B1	失	CJK UNIFIED IDEOGRAPH	W	2
8EB9	5AC9	E5AB89	嫉	CJK UNIFIED IDEOGRAPH	W	2
8EBA	5BA4	E5AEA4	室	CJK UNIFIED IDEOGRAPH	W	2
8EBB	6089	E68289	悉	CJK UNIFIED IDEOGRAPH	W	2
8EBC	6E7F	E6B9BF	湿	CJK UNIFIED IDEOGRAPH	W	2
8EBD	6F06	E6BC86	漆	CJK UNIFIED IDEOGRAPH	W	2
8EBE	75BE	E796BE	疾	CJK UNIFIED IDEOGRAPH	W	2
8EBF	8CEA	E8B3AA	質	CJK UNIFIED IDEOGRAPH	W	2
8EC0	5B9F	E5AE9F	実	CJK UNIFIED IDEOGRAPH	W	2
8EC1	8500	E89480	蔀	CJK UNIFIED IDEOGRAPH	W	2
8EC2	7BE0	E7AFA0	篠	CJK UNIFIED IDEOGRAPH	W	2
8EC3	5072	E581B2	偲	CJK UNIFIED IDEOGRAPH	W	2
8EC4	67F4	E69FB4	柴	CJK UNIFIED IDEOGRAPH	W	2
8EC5	829D	E88A9D	芝	CJK UNIFIED IDEOGRAPH	W	2
8EC6	5C61	E5B1A1	屡	CJK UNIFIED IDEOGRAPH	W	2
8EC7	854A	E8958A	蕊	CJK UNIFIED IDEOGRAPH	W	2
8EC8	7E1E	E7B89E	縞	CJK UNIFIED IDEOGRAPH	W	2
8EC9	820E	E8888E	舎	CJK UNIFIED IDEOGRAPH	W	2
8ECA	5199	E58699	写	CJK UNIFIED IDEOGRAPH	W	2
8ECB	5C04	E5B084	射	CJK UNIFIED IDEOGRAPH	W	2
8ECC	6368	E68DA8	捨	CJK UNIFIED IDEOGRAPH	W	2
8ECD	8D66	E8B5A6	赦	CJK UNIFIED IDEOGRAPH	W	2
8ECE	659C	E6969C	斜	CJK UNIFIED IDEOGRAPH	W	2
8ECF	716E	E785AE	煮	CJK UNIFIED IDEOGRAPH	W	2
8ED0	793E	E7A4BE	社	CJK UNIFIED IDEOGRAPH	W	2
8ED1	7D17	E7B497	紗	CJK UNIFIED IDEOGRAPH	W	2
8ED2	8005	E88085	者	CJK UNIFIED IDEOGRAPH	W	2
8ED3	8B1D	E8AC9D	謝	CJK UNIFIED IDEOGRAPH	W	2
8ED4	8ECA	E8BB8A	車	CJK UNIFIED IDEOGRAPH	W	2
8ED5	906E	E981AE	遮	CJK UNIFIED IDEOGRAPH	W	2
8ED6	86C7	E89B87	蛇	CJK UNIFIED IDEOGRAPH	W	2
8ED7	90AA	E982AA	邪	CJK UNIFIED IDEOGRAPH	W	2
8ED8	501F	E5809F	借	CJK UNIFIED IDEOGRAPH	W	2
8ED9	52FA	E58BBA	勺	CJK UNIFIED IDEOGRAPH	W	2
8EDA	5C3A	E5B0BA	尺	CJK UNIFIED IDEOGRAPH	W	2
8EDB	6753	E69D93	杓	CJK UNIFIED IDEOGRAPH	W	2
8EDC	707C	E781BC	灼	CJK UNIFIED IDEOGRAPH	W	2
8EDD	7235	E788B5	爵	CJK UNIFIED IDEOGRAPH	W	2
8EDE	914C	E9858C	酌	CJK UNIFIED IDEOGRAPH	W	2
8EDF	91C8	E98788	釈	CJK UNIFIED IDEOGRAPH	W	2
8EE0	932B	E98CAB	錫	CJK UNIFIED IDEOGRAPH	W	2
8EE1	82E5	E88BA5	若	CJK UNIFIED IDEOGRAPH	W	2
8EE2	5BC2	E5AF82	寂	CJK UNIFIED IDEOGRAPH	W	2
8EE3	5F31	E5BCB1	弱	CJK UNIFIED IDEOGRAPH	W	2
8EE4	60F9	E683B9	惹	CJK UNIFIED IDEOGRAPH	W	2
8EE5	4E3B	E4B8BB	主	CJK UNIFIED IDEOGRAPH	W	2
8EE6	53D6	E58F96	取	CJK UNIFIED IDEOGRAPH	W	2
8EE7	5B88	E5AE88	守	CJK UNIFIED IDEOGRAPH	W	2
8EE8	624B	E6898B	手	CJK UNIFIED IDEOGRAPH	W	2
8EE9	6731	E69CB1	朱	CJK UNIFIED IDEOGRAPH	W	2
8EEA	6B8A	E6AE8A	殊	CJK UNIFIED IDEOGRAPH	W	2
8EEB	72E9	E78BA9	狩	CJK UNIFIED IDEOGRAPH	W	2
8EEC	73E0	E78FA0	珠	CJK UNIFIED IDEOGRAPH	W	2
8EED	7A2E	E7A8AE	種	CJK UNIFIED IDEOGRAPH	W	2
8EEE	816B	E885AB	腫	CJK UNIFIED IDEOGRAPH	W	2
8EEF	8DA3	E8B6A3	趣	CJK UNIFIED IDEOGRAPH	W	2
8EF0	9152	E98592	酒	CJK UNIFIED IDEOGRAPH	W	2
8EF1	9996	E9A696	首	CJK UNIFIED IDEOGRAPH	W	2
8EF2	5112	E58492	儒	CJK UNIFIED IDEOGRAPH	W	2
8EF3	53D7	E58F97	受	CJK UNIFIED IDEOGRAPH	W	2
8EF4	546A	E591AA	呪	CJK UNIFIED IDEOGRAPH	W	2
8EF5	5BFF	E5AFBF	寿	CJK UNIFIED IDEOGRAPH	W	2
8EF6	6388	E68E88	授	CJK UNIFIED IDEOGRAPH	W	2
8EF7	6A39	E6A8B9	樹	CJK UNIFIED IDEOGRAPH	W	2
8EF8	7DAC	E7B6AC	綬	CJK UNIFIED IDEOGRAPH	W	2
8EF9	9700	E99C80	需	CJK UNIFIED IDEOGRAPH	W	2
8EFA	56DA	E59B9A	囚	CJK UNIFIED IDEOGRAPH	W	2
8EFB	53CE	E58F8E	収	CJK UNIFIED IDEOGRAPH	W	2
8EFC	5468	E591A8	周	CJK UNIFIED IDEOGRAPH	W	2
8F40	5B97	E5AE97	宗	CJK UNIFIED IDEOGRAPH	W	2
8F41	5C31	E5B0B1	就	CJK UNIFIED IDEOGRAPH	W	2
8F42	5DDE	E5B79E	州	CJK UNIFIED IDEOGRAPH	W	2
8F43	4FEE	E4BFAE	修	CJK UNIFIED IDEOGRAPH	W	2
8F44	6101	E68481	愁	CJK UNIFIED IDEOGRAPH	W	2
8F45	62FE	E68BBE	拾	CJK UNIFIED IDEOGRAPH	W	2
8F46	6D32	E6B4B2	洲	CJK UNIFIED IDEOGRAPH	W	2
8F47	79C0	E7A780	秀	CJK UNIFIED IDEOGRAPH	W	2
8F48	79CB	E7A78B	秋	CJK UNIFIED IDEOGRAPH	W	2
8F49	7D42	E7B582	終	CJK UNIFIED IDEOGRAPH	W	2
8F4A	7E4D	E7B98D	繍	CJK UNIFIED IDEOGRAPH	W	2
8F4B	7FD2	E7BF92	習	CJK UNIFIED IDEOGRAPH	W	2
8F4C	81ED	E887AD	臭	CJK UNIFIED IDEOGRAPH	W	2
8F4D	821F	E8889F	舟	CJK UNIFIED IDEOGRAPH	W	2
8F4E	8490	E89290	蒐	CJK UNIFIED IDEOGRAPH	W	2
8F4F	8846	E8A186	衆	CJK UNIFIED IDEOGRAPH	W	2
8F50	8972	E8A5B2	襲	CJK UNIFIED IDEOGRAPH	W	2
8F51	8B90	E8AE90	讐	CJK UNIFIED IDEOGRAPH	W	2
8F52	8E74	E8B9B4	蹴	CJK UNIFIED IDEOGRAPH	W	2
8F53	8F2F	E8BCAF	輯	CJK UNIFIED IDEOGRAPH	W	2
8F54	9031	E980B1	週	CJK UNIFIED IDEOGRAPH	W	2
8F55	914B	E9858B	酋	CJK UNIFIED IDEOGRAPH	W	2
8F56	916C	E985AC	酬	CJK UNIFIED IDEOGRAPH	W	2
8F57	96C6	E99B86	集	CJK UNIFIED IDEOGRAPH	W	2
8F58	919C	E9869C	醜	CJK UNIFIED IDEOGRAPH	W	2
8F59	4EC0	E4BB80	什	CJK UNIFIED IDEOGRAPH	W	2
8F5A	4F4F	E4BD8F	住	CJK UNIFIED IDEOGRAPH	W	2
8F5B	5145	E58585	充	CJK UNIFIED IDEOGRAPH	W	2
8F5C	5341	E58D81	十	CJK UNIFIED IDEOGRAPH	W	2
8F5D	5F93	E5BE93	従	CJK UNIFIED IDEOGRAPH	W	2
8F5E	620E	E6888E	戎	CJK UNIFIED IDEOGRAPH	W	2
8F5F	67D4	E69F94	柔	CJK UNIFIED IDEOGRAPH	W	2
8F60	6C41	E6B181	汁	CJK UNIFIED IDEOGRAPH	W	2
8F61	6E0B	E6B88B	渋	CJK UNIFIED IDEOGRAPH	W	2
8F62	7363	E78DA3	獣	CJK UNIFIED IDEOGRAPH	W	2
8F63	7E26	E7B8A6	縦	CJK UNIFIED IDEOGRAPH	W	2
8F64	91CD	E9878D	重	CJK UNIFIED IDEOGRAPH	W	2
8F65	9283	E98A83	銃	CJK UNIFIED IDEOGRAPH	W	2
8F66	53D4	E58F94	叔	CJK UNIFIED IDEOGRAPH	W	2
8F67	5919	E5A499	夙	CJK UNIFIED IDEOGRAPH	W	2
8F68	5BBF	E5AEBF	宿	CJK UNIFIED IDEOGRAPH	W	2
8F69	6DD1	E6B791	淑	CJK UNIFIED IDEOGRAPH	W	2
8F6A	795D	E7A59D	祝	CJK UNIFIED IDEOGRAPH	W	2
8F6B	7E2E	E7B8AE	縮	CJK UNIFIED IDEOGRAPH	W	2
8F6C	7C9B	E7B29B	粛	CJK UNIFIED IDEOGRAPH	W	2
8F6D	587E	E5A1BE	塾	CJK UNIFIED IDEOGRAPH	W	2
8F6E	719F	E7869F	熟	CJK UNIFIED IDEOGRAPH	W	2
8F6F	51FA	E587BA	出	CJK UNIFIED IDEOGRAPH	W	2
8F70	8853	E8A193	術	CJK UNIFIED IDEOGRAPH	W	2
8F71	8FF0	E8BFB0	述	CJK UNIFIED IDEOGRAPH	W	2
8F72	4FCA	E4BF8A	俊	CJK UNIFIED IDEOGRAPH	W	2
8F73	5CFB	E5B3BB	峻	CJK UNIFIED IDEOGRAPH	W	2
8F74	6625	E698A5	春	CJK UNIFIED IDEOGRAPH	W	2
8F75	77AC	E79EAC	瞬	CJK UNIFIED IDEOGRAPH	W	2
8F76	7AE3	E7ABA3	竣	CJK UNIFIED IDEOGRAPH	W	2
8F77	821C	E8889C	舜	CJK UNIFIED IDEOGRAPH	W	2
8F78	99FF	E9A7BF	駿	CJK UNIFIED IDEOGRAPH	W	2
8F79	51C6	E58786	准	CJK UNIFIED IDEOGRAPH	W	2
8F7A	5FAA	E5BEAA	循	CJK UNIFIED IDEOGRAPH	W	2
8F7B	65EC	E697AC	旬	CJK UNIFIED IDEOGRAPH	W	2
8F7C	696F	E6A5AF	楯	CJK UNIFIED IDEOGRAPH	W	2
8F7D	6B89	E6AE89	殉	CJK UNIFIED IDEOGRAPH	W	2
8F7E	6DF3	E6B7B3	淳	CJK UNIFIED IDEOGRAPH	W	2
8F80	6E96	E6BA96	準	CJK UNIFIED IDEOGRAPH	W	2
8F81	6F64	E6BDA4	潤	CJK UNIFIED IDEOGRAPH	W	2
8F82	76FE	E79BBE	盾	CJK UNIFIED IDEOGRAPH	W	2
8F83	7D14	E7B494	純	CJK UNIFIED IDEOGRAPH	W	2
8F84	5DE1	E5B7A1	巡	CJK UNIFIED IDEOGRAPH	W	2
8F85	9075	E981B5	遵	CJK UNIFIED IDEOGRAPH	W	2
8F86	9187	E98687	醇	CJK UNIFIED IDEOGRAPH	W	2
8F87	9806	E9A086	順	CJK UNIFIED IDEOGRAPH	W	2
8F88	51E6	E587A6	処	CJK UNIFIED IDEOGRAPH	W	2
8F89	521D	E5889D	初	CJK UNIFIED IDEOGRAPH	W	2
8F8A	6240	E68980	所	CJK UNIFIED IDEOGRAPH	W	2
8F8B	6691	E69A91	暑	CJK UNIFIED IDEOGRAPH	W	2
8F8C	66D9	E69B99	曙	CJK UNIFIED IDEOGRAPH	W	2
8F8D	6E1A	E6B89A	渚	CJK UNIFIED IDEOGRAPH	W	2
8F8E	5EB6	E5BAB6	庶	CJK UNIFIED IDEOGRAPH	W	2
8F8F	7DD2	E7B792	緒	CJK UNIFIED IDEOGRAPH	W	2
8F90	7F72	E7BDB2	署	CJK UNIFIED IDEOGRAPH	W	2
8F91	66F8	E69BB8	書	CJK UNIFIED IDEOGRAPH	W	2
8F92	85AF	E896AF	薯	CJK UNIFIED IDEOGRAPH	W	2
8F93	85F7	E897B7	藷	CJK UNIFIED IDEOGRAPH	W	2
8F94	8AF8	E8ABB8	諸	CJK UNIFIED IDEOGRAPH	W	2
8F95	52A9	E58AA9	助	CJK UNIFIED IDEOGRAPH	W	2
8F96	53D9	E58F99	叙	CJK UNIFIED IDEOGRAPH	W	2
8F97	5973	E5A5B3	女	CJK UNIFIED IDEOGRAPH	W	2
8F98	5E8F	E5BA8F	序	CJK UNIFIED IDEOGRAPH	W	2
8F99	5F90	E5BE90	徐	CJK UNIFIED IDEOGRAPH	W	2
8F9A	6055	E68195	恕	CJK UNIFIED IDEOGRAPH	W	2
8F9B	92E4	E98BA4	鋤	CJK UNIFIED IDEOGRAPH	W	2
8F9C	9664	E999A4	除	CJK UNIFIED IDEOGRAPH	W	2
8F9D	50B7	E582B7	傷	CJK UNIFIED IDEOGRAPH	W	2
8F9E	511F	E5849F	償	CJK UNIFIED IDEOGRAPH	W	2
8F9F	52DD	E58B9D	勝	CJK UNIFIED IDEOGRAPH	W	2
8FA0	5320	E58CA0	匠	CJK UNIFIED IDEOGRAPH	W	2
8FA1	5347	E58D87	升	CJK UNIFIED IDEOGRAPH	W	2
8FA2	53EC	E58FAC	召	CJK UNIFIED IDEOGRAPH	W	2
8FA3	54E8	E593A8	哨	CJK UNIFIED IDEOGRAPH	W	2
8FA4	5546	E59586	商	CJK UNIFIED IDEOGRAPH	W	2
8FA5	5531	E594B1	唱	CJK UNIFIED IDEOGRAPH	W	2
8FA6	5617	E59897	嘗	CJK UNIFIED IDEOGRAPH	W	2
8FA7	5968	E5A5A8	奨	CJK UNIFIED IDEOGRAPH	W	2
8FA8	59BE	E5A6BE	妾	CJK UNIFIED IDEOGRAPH	W	2
8FA9	5A3C	E5A8BC	娼	CJK UNIFIED IDEOGRAPH	W	2
8FAA	5BB5	E5AEB5	宵	CJK UNIFIED IDEOGRAPH	W	2
8FAB	5C06	E5B086	将	CJK UNIFIED IDEOGRAPH	W	2
8FAC	5C0F	E5B08F	小	CJK UNIFIED IDEOGRAPH	W	2
8FAD	5C11	E5B091	少	CJK UNIFIED IDEOGRAPH	W	2
8FAE	5C1A	E5B09A	尚	CJK UNIFIED IDEOGRAPH	W	2
8FAF	5E84	E5BA84	庄	CJK UNIFIED IDEOGRAPH	W	2
8FB0	5E8A	E5BA8A	床	CJK UNIFIED IDEOGRAPH	W	2
8FB1	5EE0	E5BBA0	廠	CJK UNIFIED IDEOGRAPH	W	2
8FB2	5F70	E5BDB0	彰	CJK UNIFIED IDEOGRAPH	W	2
8FB3	627F	E689BF	承	CJK UNIFIED IDEOGRAPH	W	2
8FB4	6284	E68A84	抄	CJK UNIFIED IDEOGRAPH	W	2
8FB5	62DB	E68B9B	招	CJK UNIFIED IDEOGRAPH	W	2
8FB6	638C	E68E8C	掌	CJK UNIFIED IDEOGRAPH	W	2
8FB7	6377	E68DB7	捷	CJK UNIFIED IDEOGRAPH	W	2
8FB8	6607	E69887	昇	CJK UNIFIED IDEOGRAPH	W	2
8FB9	660C	E6988C	昌	CJK UNIFIED IDEOGRAPH	W	2
8FBA	662D	E698AD	昭	CJK UNIFIED IDEOGRAPH	W	2
8FBB	6676	E699B6	晶	CJK UNIFIED IDEOGRAPH	W	2
8FBC	677E	E69DBE	松	CJK UNIFIED IDEOGRAPH	W	2
8FBD	68A2	E6A2A2	梢	CJK UNIFIED IDEOGRAPH	W	2
8FBE	6A1F	E6A89F	樟	CJK UNIFIED IDEOGRAPH	W	2
8FBF	6A35	E6A8B5	樵	CJK UNIFIED IDEOGRAPH	W	2
8FC0	6CBC	E6B2BC	沼	CJK UNIFIED IDEOGRAPH	W	2
8FC1	6D88	E6B688	消	CJK UNIFIED IDEOGRAPH	W	2
8FC2	6E09	E6B889	渉	CJK UNIFIED IDEOGRAPH	W	2
8FC3	6E58	E6B998	湘	CJK UNIFIED IDEOGRAPH	W	2
8FC4	713C	E784BC	焼	CJK UNIFIED IDEOGRAPH	W	2
8FC5	7126	E784A6	焦	CJK UNIFIED IDEOGRAPH	W	2
8FC6	7167	E785A7	照	CJK UNIFIED IDEOGRAPH	W	2
8FC7	75C7	E79787	症	CJK UNIFIED IDEOGRAPH	W	2
8FC8	7701	E79C81	省	CJK UNIFIED IDEOGRAPH	W	2
8FC9	785D	E7A19D	硝	CJK UNIFIED IDEOGRAPH	W	2
8FCA	7901	E7A481	礁	CJK UNIFIED IDEOGRAPH	W	2
8FCB	7965	E7A5A5	祥	CJK UNIFIED IDEOGRAPH	W	2
8FCC	79F0	E7A7B0	称	CJK UNIFIED IDEOGRAPH	W	2
8FCD	7AE0	E7ABA0	章	CJK UNIFIED IDEOGRAPH	W	2
8FCE	7B11	E7AC91	笑	CJK UNIFIED IDEOGRAPH	W	2
8FCF	7CA7	E7B2A7	粧	CJK UNIFIED IDEOGRAPH	W	2
8FD0	7D39	E7B4B9	紹	CJK UNIFIED IDEOGRAPH	W	2
8FD1	8096	E88296	肖	CJK UNIFIED IDEOGRAPH	W	2
8FD2	83D6	E88F96	菖	CJK UNIFIED IDEOGRAPH	W	2
8FD3	848B	E8928B	蒋	CJK UNIFIED IDEOGRAPH	W	2
8FD4	8549	E89589	蕉	CJK UNIFIED IDEOGRAPH	W	2
8FD5	885D	E8A19D	衝	CJK UNIFIED IDEOGRAPH	W	2
8FD6	88F3	E8A3B3	裳	CJK UNIFIED IDEOGRAPH	W	2
8FD7	8A1F	E8A89F	訟	CJK UNIFIED IDEOGRAPH	W	2
8FD8	8A3C	E8A8BC	証	CJK UNIFIED IDEOGRAPH	W	2
8FD9	8A54	E8A994	詔	CJK UNIFIED IDEOGRAPH	W	2
8FDA	8A73	E8A9B3	詳	CJK UNIFIED IDEOGRAPH	W	2
8FDB	8C61	E8B1A1	象	CJK UNIFIED IDEOGRAPH	W	2
8FDC	8CDE	E8B39E	賞	CJK UNIFIED IDEOGRAPH	W	2
8FDD	91A4	E986A4	醤	CJK UNIFIED IDEOGRAPH	W	2
8FDE	9266	E989A6	鉦	CJK UNIFIED IDEOGRAPH	W	2
8FDF	937E	E98DBE	鍾	CJK UNIFIED IDEOGRAPH	W	2
8FE0	9418	E99098	鐘	CJK UNIFIED IDEOGRAPH	W	2
8FE1	969C	E99A9C	障	CJK UNIFIED IDEOGRAPH	W	2
8FE2	9798	E99E98	鞘	CJK UNIFIED IDEOGRAPH	W	2
8FE3	4E0A	E4B88A	上	CJK UNIFIED IDEOGRAPH	W	2
8FE4	4E08	E4B888	丈	CJK UNIFIED IDEOGRAPH	W	2
8FE5	4E1E	E4B89E	丞	CJK UNIFIED IDEOGRAPH	W	2
8FE6	4E57	E4B997	乗	CJK UNIFIED IDEOGRAPH	W	2
8FE7	5197	E58697	冗	CJK UNIFIED IDEOGRAPH	W	2
8FE8	5270	E589B0	剰	CJK UNIFIED IDEOGRAPH	W	2
8FE9	57CE	E59F8E	城	CJK UNIFIED IDEOGRAPH	W	2
8FEA	5834	E5A0B4	場	CJK UNIFIED IDEOGRAPH	W	2
8FEB	58CC	E5A38C	壌	CJK UNIFIED IDEOGRAPH	W	2
8FEC	5B22	E5ACA2	嬢	CJK UNIFIED IDEOGRAPH	W	2
8FED	5E38	E5B8B8	常	CJK UNIFIED IDEOGRAPH	W	2
8FEE	60C5	E68385	情	CJK UNIFIED IDEOGRAPH	W	2
8FEF	64FE	E693BE	擾	CJK UNIFIED IDEOGRAPH	W	2
8FF0	6761	E69DA1	条	CJK UNIFIED IDEOGRAPH	W	2
8FF1	6756	E69D96	杖	CJK UNIFIED IDEOGRAPH	W	2
8FF2	6D44	E6B584	浄	CJK UNIFIED IDEOGRAPH	W	2
8FF3	72B6	E78AB6	状	CJK UNIFIED IDEOGRAPH	W	2
8FF4	7573	E795B3	畳	CJK UNIFIED IDEOGRAPH	W	2
8FF5	7A63	E7A9A3	穣	CJK UNIFIED IDEOGRAPH	W	2
8FF6	84B8	E892B8	蒸	CJK UNIFIED IDEOGRAPH	W	2
8FF7	8B72	E8ADB2	譲	CJK UNIFIED IDEOGRAPH	W	2
8FF8	91B8	E986B8	醸	CJK UNIFIED IDEOGRAPH	W	2
8FF9	9320	E98CA0	錠	CJK UNIFIED IDEOGRAPH	W	2
8FFA	5631	E598B1	嘱	CJK UNIFIED IDEOGRAPH	W	2
8FFB	57F4	E59FB4	埴	CJK UNIFIED IDEOGRAPH	W	2
8FFC	98FE	E9A3BE	飾	CJK UNIFIED IDEOGRAPH	W	2
9040	62ED	E68BAD	拭	CJK UNIFIED IDEOGRAPH	W	2
9041	690D	E6A48D	植	CJK UNIFIED IDEOGRAPH	W	2
9042	6B96	E6AE96	殖	CJK UNIFIED IDEOGRAPH	W	2
9043	71ED	E787AD	燭	CJK UNIFIED IDEOGRAPH	W	2
9044	7E54	E7B994	織	CJK UNIFIED IDEOGRAPH	W	2
9045	8077	E881B7	職	CJK UNIFIED IDEOGRAPH	W	2
9046	8272	E889B2	色	CJK UNIFIED IDEOGRAPH	W	2
9047	89E6	E8A7A6	触	CJK UNIFIED IDEOGRAPH	W	2
9048	98DF	E9A39F	食	CJK UNIFIED IDEOGRAPH	W	2
9049	8755	E89D95	蝕	CJK UNIFIED IDEOGRAPH	W	2
904A	8FB1	E8BEB1	辱	CJK UNIFIED IDEOGRAPH	W	2
904B	5C3B	E5B0BB	尻	CJK UNIFIED IDEOGRAPH	W	2
904C	4F38	E4BCB8	伸	CJK UNIFIED IDEOGRAPH	W	2
904D	4FE1	E4BFA1	信	CJK UNIFIED IDEOGRAPH	W	2
904E	4FB5	E4BEB5	侵	CJK UNIFIED IDEOGRAPH	W	2
904F	5507	E59487	唇	CJK UNIFIED IDEOGRAPH	W	2
9050	5A20	E5A8A0	娠	CJK UNIFIED IDEOGRAPH	W	2
9051	5BDD	E5AF9D	寝	CJK UNIFIED IDEOGRAPH	W	2
9052	5BE9	E5AFA9	審	CJK UNIFIED IDEOGRAPH	W	2
9053	5FC3	E5BF83	心	CJK UNIFIED IDEOGRAPH	W	2
9054	614E	E6858E	慎	CJK UNIFIED IDEOGRAPH	W	2
9055	632F	E68CAF	振	CJK UNIFIED IDEOGRAPH	W	2
9056	65B0	E696B0	新	CJK UNIFIED IDEOGRAPH	W	2
9057	664B	E6998B	晋	CJK UNIFIED IDEOGRAPH	W	2
9058	68EE	E6A3AE	森	CJK UNIFIED IDEOGRAPH	W	2
9059	699B	E6A69B	榛	CJK UNIFIED IDEOGRAPH	W	2
905A	6D78	E6B5B8	浸	CJK UNIFIED IDEOGRAPH	W	2
905B	6DF1	E6B7B1	深	CJK UNIFIED IDEOGRAPH	W	2
905C	7533	E794B3	申	CJK UNIFIED IDEOGRAPH	W	2
905D	75B9	E796B9	疹	CJK UNIFIED IDEOGRAPH	W	2
905E	771F	E79C9F	真	CJK UNIFIED IDEOGRAPH	W	2
905F	795E	E7A59E	神	CJK UNIFIED IDEOGRAPH	W	2
9060	79E6	E7A7A6	秦	CJK UNIFIED IDEOGRAPH	W	2
9061	7D33	E7B4B3	紳	CJK UNIFIED IDEOGRAPH	W	2
9062	81E3	E887A3	臣	CJK UNIFIED IDEOGRAPH	W	2
9063	82AF	E88AAF	芯	CJK UNIFIED IDEOGRAPH	W	2
9064	85AA	E896AA	薪	CJK UNIFIED IDEOGRAPH	W	2
9065	89AA	E8A6AA	親	CJK UNIFIED IDEOGRAPH	W	2
9066	8A3A	E8A8BA	診	CJK UNIFIED IDEOGRAPH	W	2
9067	8EAB	E8BAAB	身	CJK UNIFIED IDEOGRAPH	W	2
9068	8F9B	E8BE9B	辛	CJK UNIFIED IDEOGRAPH	W	2
9069	9032	E980B2	進	CJK UNIFIED IDEOGRAPH	W	2
906A	91DD	E9879D	針	CJK UNIFIED IDEOGRAPH	W	2
906B	9707	E99C87	震	CJK UNIFIED IDEOGRAPH	W	2
906C	4EBA	E4BABA	人	CJK UNIFIED IDEOGRAPH	W	2
906D	4EC1	E4BB81	仁	CJK UNIFIED IDEOGRAPH	W	2
906E	5203	E58883	刃	CJK UNIFIED IDEOGRAPH	W	2
906F	5875	E5A1B5	塵	CJK UNIFIED IDEOGRAPH	W	2
9070	58EC	E5A3AC	壬	CJK UNIFIED IDEOGRAPH	W	2
9071	5C0B	E5B08B	尋	CJK UNIFIED IDEOGRAPH	W	2
9072	751A	E7949A	甚	CJK UNIFIED IDEOGRAPH	W	2
9073	5C3D	E5B0BD	尽	CJK UNIFIED IDEOGRAPH	W	2
9074	814E	E8858E	腎	CJK UNIFIED IDEOGRAPH	W	2
9075	8A0A	E8A88A	訊	CJK UNIFIED IDEOGRAPH	W	2
9076	8FC5	E8BF85	迅	CJK UNIFIED IDEOGRAPH	W	2
9077	9663	E999A3	陣	CJK UNIFIED IDEOGRAPH	W	2
9078	976D	E99DAD	靭	CJK UNIFIED IDEOGRAPH	W	2
9079	7B25	E7ACA5	笥	CJK UNIFIED IDEOGRAPH	W	2
907A	8ACF	E8AB8F	諏	CJK UNIFIED IDEOGRAPH	W	2
907B	9808	E9A088	須	CJK UNIFIED IDEOGRAPH	W	2
907C	9162	E985A2	酢	CJK UNIFIED IDEOGRAPH	W	2
907D	56F3	E59BB3	図	CJK UNIFIED IDEOGRAPH	W	2
907E	53A8	E58EA8	厨	CJK UNIFIED IDEOGRAPH	W	2
9080	9017	E98097	逗	CJK UNIFIED IDEOGRAPH	W	2
9081	5439	E590B9	吹	CJK UNIFIED IDEOGRAPH	W	2
9082	5782	E59E82	垂	CJK UNIFIED IDEOGRAPH	W	2
9083	5E25	E5B8A5	帥	CJK UNIFIED IDEOGRAPH	W	2
9084	63A8	E68EA8	推	CJK UNIFIED IDEOGRAPH	W	2
9085	6C34	E6B0B4	水	CJK UNIFIED IDEOGRAPH	W	2
9086	708A	E7828A	炊	CJK UNIFIED IDEOGRAPH	W	2
9087	7761	E79DA1	睡	CJK UNIFIED IDEOGRAPH	W	2
9088	7C8B	E7B28B	粋	CJK UNIFIED IDEOGRAPH	W	2
9089	7FE0	E7BFA0	翠	CJK UNIFIED IDEOGRAPH	W	2
908A	8870	E8A1B0	衰	CJK UNIFIED IDEOGRAPH	W	2
908B	9042	E98182	遂	CJK UNIFIED IDEOGRAPH	W	2
908C	9154	E98594	酔	CJK UNIFIED IDEOGRAPH	W	2
908D	9310	E98C90	錐	CJK UNIFIED IDEOGRAPH	W	2
908E	9318	E98C98	錘	CJK UNIFIED IDEOGRAPH	W	2
908F	968F	E99A8F	随	CJK UNIFIED IDEOGRAPH	W	2
9090	745E	E7919E	瑞	CJK UNIFIED IDEOGRAPH	W	2
9091	9AC4	E9AB84	髄	CJK UNIFIED IDEOGRAPH	W	2
9092	5D07	E5B487	崇	CJK UNIFIED IDEOGRAPH	W	2
9093	5D69	E5B5A9	嵩	CJK UNIFIED IDEOGRAPH	W	2
9094	6570	E695B0	数	CJK UNIFIED IDEOGRAPH	W	2
9095	67A2	E69EA2	枢	CJK UNIFIED IDEOGRAPH	W	2
9096	8DA8	E8B6A8	趨	CJK UNIFIED IDEOGRAPH	W	2
9097	96DB	E99B9B	雛	CJK UNIFIED IDEOGRAPH	W	2
9098	636E	E68DAE	据	CJK UNIFIED IDEOGRAPH	W	2
9099	6749	E69D89	杉	CJK UNIFIED IDEOGRAPH	W	2
909A	6919	E6A499	椙	CJK UNIFIED IDEOGRAPH	W	2
909B	83C5	E88F85	菅	CJK UNIFIED IDEOGRAPH	W	2
909C	9817	E9A097	頗	CJK UNIFIED IDEOGRAPH	W	2
909D	96C0	E99B80	雀	CJK UNIFIED IDEOGRAPH	W	2
909E	88FE	E8A3BE	裾	CJK UNIFIED IDEOGRAPH	W	2
909F	6F84	E6BE84	澄	CJK UNIFIED IDEOGRAPH	W	2
90A0	647A	E691BA	摺	CJK UNIFIED IDEOGRAPH	W	2
90A1	5BF8	E5AFB8	寸	CJK UNIFIED IDEOGRAPH	W	2
90A2	4E16	E4B896	世	CJK UNIFIED IDEOGRAPH	W	2
90A3	702C	E780AC	瀬	CJK UNIFIED IDEOGRAPH	W	2
90A4	755D	E7959D	畝	CJK UNIFIED IDEOGRAPH	W	2
90A5	662F	E698AF	是	CJK UNIFIED IDEOGRAPH	W	2
90A6	51C4	E58784	凄	CJK UNIFIED IDEOGRAPH	W	2
90A7	5236	E588B6	制	CJK UNIFIED IDEOGRAPH	W	2
90A8	52E2	E58BA2	勢	CJK UNIFIED IDEOGRAPH	W	2
90A9	59D3	E5A793	姓	CJK UNIFIED IDEOGRAPH	W	2
90AA	5F81	E5BE81	征	CJK UNIFIED IDEOGRAPH	W	2
90AB	6027	E680A7	性	CJK UNIFIED IDEOGRAPH	W	2
90AC	6210	E68890	成	CJK UNIFIED IDEOGRAPH	W	2
90AD	653F	E694BF	政	CJK UNIFIED IDEOGRAPH	W	2
90AE	6574	E695B4	整	CJK UNIFIED IDEOGRAPH	W	2
90AF	661F	E6989F	星	CJK UNIFIED IDEOGRAPH	W	2
90B0	6674	E699B4	晴	CJK UNIFIED IDEOGRAPH	W	2
90B1	68F2	E6A3B2	棲	CJK UNIFIED IDEOGRAPH	W	2
90B2	6816	E6A096	栖	CJK UNIFIED IDEOGRAPH	W	2
90B3	6B63	E6ADA3	正	CJK UNIFIED IDEOGRAPH	W	2
90B4	6E05	E6B885	清	CJK UNIFIED IDEOGRAPH	W	2
90B5	7272	E789B2	牲	CJK UNIFIED IDEOGRAPH	W	2
90B6	751F	E7949F	生	CJK UNIFIED IDEOGRAPH	W	2
90B7	76DB	E79B9B	盛	CJK UNIFIED IDEOGRAPH	W	2
90B8	7CBE	E7B2BE	精	CJK UNIFIED IDEOGRAPH	W	2
90B9	8056	E88196	聖	CJK UNIFIED IDEOGRAPH	W	2
90BA	58F0	E5A3B0	声	CJK UNIFIED IDEOGRAPH	W	2
90BB	88FD	E8A3BD	製	CJK UNIFIED IDEOGRAPH	W	2
90BC	897F	E8A5BF	西	CJK UNIFIED IDEOGRAPH	W	2
90BD	8AA0	E8AAA0	誠	CJK UNIFIED IDEOGRAPH	W	2
90BE	8A93	E8AA93	誓	CJK UNIFIED IDEOGRAPH	W	2
90BF	8ACB	E8AB8B	請	CJK UNIFIED IDEOGRAPH	W	2
90C0	901D	E9809D	逝	CJK UNIFIED IDEOGRAPH	W	2
90C1	9192	E98692	醒	CJK UNIFIED IDEOGRAPH	W	2
90C2	9752	E99D92	青	CJK UNIFIED IDEOGRAPH	W	2
90C3	9759	E99D99	静	CJK UNIFIED IDEOGRAPH	W	2
90C4	6589	E69689	斉	CJK UNIFIED IDEOGRAPH	W	2
90C5	7A0E	E7A88E	税	CJK UNIFIED IDEOGRAPH	W	2
90C6	8106	E88486	脆	CJK UNIFIED IDEOGRAPH	W	2
90C7	96BB	E99ABB	隻	CJK UNIFIED IDEOGRAPH	W	2
90C8	5E2D	E5B8AD	席	CJK UNIFIED IDEOGRAPH	W	2
90C9	60DC	E6839C	惜	CJK UNIFIED IDEOGRAPH	W	2
90CA	621A	E6889A	戚	CJK UNIFIED IDEOGRAPH	W	2
90CB	65A5	E696A5	斥	CJK UNIFIED IDEOGRAPH	W	2
90CC	6614	E69894	昔	CJK UNIFIED IDEOGRAPH	W	2
90CD	6790	E69E90	析	CJK UNIFIED IDEOGRAPH	W	2
90CE	77F3	E79FB3	石	CJK UNIFIED IDEOGRAPH	W	2
90CF	7A4D	E7A98D	積	CJK UNIFIED IDEOGRAPH	W	2
90D0	7C4D	E7B18D	籍	CJK UNIFIED IDEOGRAPH	W	2
90D1	7E3E	E7B8BE	績	CJK UNIFIED IDEOGRAPH	W	2
90D2	810A	E8848A	脊	CJK UNIFIED IDEOGRAPH	W	2
90D3	8CAC	E8B2AC	責	CJK UNIFIED IDEOGRAPH	W	2
90D4	8D64	E8B5A4	赤	CJK UNIFIED IDEOGRAPH	W	2
90D5	8DE1	E8B7A1	跡	CJK UNIFIED IDEOGRAPH	W	2
90D6	8E5F	E8B99F	蹟	CJK UNIFIED IDEOGRAPH	W	2
90D7	78A9	E7A2A9	碩	CJK UNIFIED IDEOGRAPH	W	2
90D8	5207	E58887	切	CJK UNIFIED IDEOGRAPH	W	2
90D9	62D9	E68B99	拙	CJK UNIFIED IDEOGRAPH	W	2
90DA	63A5	E68EA5	接	CJK UNIFIED IDEOGRAPH	W	2
90DB	6442	E69182	摂	CJK UNIFIED IDEOGRAPH	W	2
90DC	6298	E68A98	折	CJK UNIFIED IDEOGRAPH	W	2
90DD	8A2D	E8A8AD	設	CJK UNIFIED IDEOGRAPH	W	2
90DE	7A83	E7AA83	窃	CJK UNIFIED IDEOGRAPH	W	2
90DF	7BC0	E7AF80	節	CJK UNIFIED IDEOGRAPH	W	2
90E0	8AAC	E8AAAC	説	CJK UNIFIED IDEOGRAPH	W	2
90E1	96EA	E99BAA	雪	CJK UNIFIED IDEOGRAPH	W	2
90E2	7D76	E7B5B6	絶	CJK UNIFIED IDEOGRAPH	W	2
90E3	820C	E8888C	舌	CJK UNIFIED IDEOGRAPH	W	2
90E4	8749	E89D89	蝉	CJK UNIFIED IDEOGRAPH	W	2
90E5	4ED9	E4BB99	仙	CJK UNIFIED IDEOGRAPH	W	2
90E6	5148	E58588	先	CJK UNIFIED IDEOGRAPH	W	2
90E7	5343	E58D83	千	CJK UNIFIED IDEOGRAPH	W	2
90E8	5360	E58DA0	占	CJK UNIFIED IDEOGRAPH	W	2
90E9	5BA3	E5AEA3	宣	CJK UNIFIED IDEOGRAPH	W	2
90EA	5C02	E5B082	専	CJK UNIFIED IDEOGRAPH	W	2
90EB	5C16	E5B096	尖	CJK UNIFIED IDEOGRAPH	W	2
90EC	5DDD	E5B79D	川	CJK UNIFIED IDEOGRAPH	W	2
90ED	6226	E688A6	戦	CJK UNIFIED IDEOGRAPH	W	2
90EE	6247	E68987	扇	CJK UNIFIED IDEOGRAPH	W	2
90EF	64B0	E692B0	撰	CJK UNIFIED IDEOGRAPH	W	2
90F0	6813	E6A093	栓	CJK UNIFIED IDEOGRAPH	W	2
90F1	6834	E6A0B4	栴	CJK UNIFIED IDEOGRAPH	W	2
90F2	6CC9	E6B389	泉	CJK UNIFIED IDEOGRAPH	W	2
90F3	6D45	E6B585	浅	CJK UNIFIED IDEOGRAPH	W	2
90F4	6D17	E6B497	洗	CJK UNIFIED IDEOGRAPH	W	2
90F5	67D3	E69F93	染	CJK UNIFIED IDEOGRAPH	W	2
90F6	6F5C	E6BD9C	潜	CJK UNIFIED IDEOGRAPH	W	2
90F7	714E	E7858E	煎	CJK UNIFIED IDEOGRAPH	W	2
90F8	717D	E785BD	煽	CJK UNIFIED IDEOGRAPH	W	2
90F9	65CB	E6978B	旋	CJK UNIFIED IDEOGRAPH	W	2
90FA	7A7F	E7A9BF	穿	CJK UNIFIED IDEOGRAPH	W	2
90FB	7BAD	E7AEAD	箭	CJK UNIFIED IDEOGRAPH	W	2
90FC	7DDA	E7B79A	線	CJK UNIFIED IDEOGRAPH	W	2
9140	7E4A	E7B98A	繊	CJK UNIFIED IDEOGRAPH	W	2
9141	7FA8	E7BEA8	羨	CJK UNIFIED IDEOGRAPH	W	2
9142	817A	E885BA	腺	CJK UNIFIED IDEOGRAPH	W	2
9143	821B	E8889B	舛	CJK UNIFIED IDEOGRAPH	W	2
9144	8239	E888B9	船	CJK UNIFIED IDEOGRAPH	W	2
9145	85A6	E896A6	薦	CJK UNIFIED IDEOGRAPH	W	2
9146	8A6E	E8A9AE	詮	CJK UNIFIED IDEOGRAPH	W	2
9147	8CCE	E8B38E	賎	CJK UNIFIED IDEOGRAPH	W	2
9148	8DF5	E8B7B5	践	CJK UNIFIED IDEOGRAPH	W	2
9149	9078	E981B8	選	CJK UNIFIED IDEOGRAPH	W	2
914A	9077	E981B7	遷	CJK UNIFIED IDEOGRAPH	W	2
914B	92AD	E98AAD	銭	CJK UNIFIED IDEOGRAPH	W	2
914C	9291	E98A91	銑	CJK UNIFIED IDEOGRAPH	W	2
914D	9583	E99683	閃	CJK UNIFIED IDEOGRAPH	W	2
914E	9BAE	E9AEAE	鮮	CJK UNIFIED IDEOGRAPH	W	2
914F	524D	E5898D	前	CJK UNIFIED IDEOGRAPH	W	2
9150	5584	E59684	善	CJK UNIFIED IDEOGRAPH	W	2
9151	6F38	E6BCB8	漸	CJK UNIFIED IDEOGRAPH	W	2
9152	7136	E784B6	然	CJK UNIFIED IDEOGRAPH	W	2
9153	5168	E585A8	全	CJK UNIFIED IDEOGRAPH	W	2
9154	7985	E7A685	禅	CJK UNIFIED IDEOGRAPH	W	2
9155	7E55	E7B995	繕	CJK UNIFIED IDEOGRAPH	W	2
9156	81B3	E886B3	膳	CJK UNIFIED IDEOGRAPH	W	2
9157	7CCE	E7B38E	糎	CJK UNIFIED IDEOGRAPH	W	2
9158	564C	E5998C	噌	CJK UNIFIED IDEOGRAPH	W	2
9159	5851	E5A191	塑	CJK UNIFIED IDEOGRAPH	W	2
915A	5CA8	E5B2A8	岨	CJK UNIFIED IDEOGRAPH	W	2
915B	63AA	E68EAA	措	CJK UNIFIED IDEOGRAPH	W	2
915C	66FE	E69BBE	曾	CJK UNIFIED IDEOGRAPH	W	2
915D	66FD	E69BBD	曽	CJK UNIFIED IDEOGRAPH	W	2
915E	695A	E6A59A	楚	CJK UNIFIED IDEOGRAPH	W	2
915F	72D9	E78B99	狙	CJK UNIFIED IDEOGRAPH	W	2
9160	758F	E7968F	疏	CJK UNIFIED IDEOGRAPH	W	2
9161	758E	E7968E	疎	CJK UNIFIED IDEOGRAPH	W	2
9162	790E	E7A48E	礎	CJK UNIFIED IDEOGRAPH	W	2
9163	7956	E7A596	祖	CJK UNIFIED IDEOGRAPH	W	2
9164	79DF	E7A79F	租	CJK UNIFIED IDEOGRAPH	W	2
9165	7C97	E7B297	粗	CJK UNIFIED IDEOGRAPH	W	2
9166	7D20	E7B4A0	素	CJK UNIFIED IDEOGRAPH	W	2
9167	7D44	E7B584	組	CJK UNIFIED IDEOGRAPH	W	2
9168	8607	E89887	蘇	CJK UNIFIED IDEOGRAPH	W	2
9169	8A34	E8A8B4	訴	CJK UNIFIED IDEOGRAPH	W	2
916A	963B	E998BB	阻	CJK UNIFIED IDEOGRAPH	W	2
916B	9061	E981A1	遡	CJK UNIFIED IDEOGRAPH	W	2
916C	9F20	E9BCA0	鼠	CJK UNIFIED IDEOGRAPH	W	2
916D	50E7	E583A7	僧	CJK UNIFIED IDEOGRAPH	W	2
916E	5275	E589B5	創	CJK UNIFIED IDEOGRAPH	W	2
916F	53CC	E58F8C	双	CJK UNIFIED IDEOGRAPH	W	2
9170	53E2	E58FA2	叢	CJK UNIFIED IDEOGRAPH	W	2
9171	5009	E58089	倉	CJK UNIFIED IDEOGRAPH	W	2
9172	55AA	E596AA	喪	CJK UNIFIED IDEOGRAPH	W	2
9173	58EE	E5A3AE	壮	CJK UNIFIED IDEOGRAPH	W	2
9174	594F	E5A58F	奏	CJK UNIFIED IDEOGRAPH	W	2
9175	723D	E788BD	爽	CJK UNIFIED IDEOGRAPH	W	2
9176	5B8B	E5AE8B	宋	CJK UNIFIED IDEOGRAPH	W	2
9177	5C64	E5B1A4	層	CJK UNIFIED IDEOGRAPH	W	2
9178	531D	E58C9D	匝	CJK UNIFIED IDEOGRAPH	W	2
9179	60E3	E683A3	惣	CJK UNIFIED IDEOGRAPH	W	2
917A	60F3	E683B3	想	CJK UNIFIED IDEOGRAPH	W	2
917B	635C	E68D9C	捜	CJK UNIFIED IDEOGRAPH	W	2
917C	6383	E68E83	掃	CJK UNIFIED IDEOGRAPH	W	2
917D	633F	E68CBF	挿	CJK UNIFIED IDEOGRAPH	W	2
917E	63BB	E68EBB	掻	CJK UNIFIED IDEOGRAPH	W	2
9180	64CD	E6938D	操	CJK UNIFIED IDEOGRAPH	W	2
9181	65E9	E697A9	早	CJK UNIFIED IDEOGRAPH	W	2
9182	66F9	E69BB9	曹	CJK UNIFIED IDEOGRAPH	W	2
9183	5DE3	E5B7A3	巣	CJK UNIFIED IDEOGRAPH	W	2
9184	69CD	E6A78D	槍	CJK UNIFIED IDEOGRAPH	W	2
9185	69FD	E6A7BD	槽	CJK UNIFIED IDEOGRAPH	W	2
9186	6F15	E6BC95	漕	CJK UNIFIED IDEOGRAPH	W	2
9187	71E5	E787A5	燥	CJK UNIFIED IDEOGRAPH	W	2
9188	4E89	E4BA89	争	CJK UNIFIED IDEOGRAPH	W	2
9189	75E9	E797A9	痩	CJK UNIFIED IDEOGRAPH	W	2
918A	76F8	E79BB8	相	CJK UNIFIED IDEOGRAPH	W	2
918B	7A93	E7AA93	窓	CJK UNIFIED IDEOGRAPH	W	2
918C	7CDF	E7B39F	糟	CJK UNIFIED IDEOGRAPH	W	2
918D	7DCF	E7B78F	総	CJK UNIFIED IDEOGRAPH	W	2
918E	7D9C	E7B69C	綜	CJK UNIFIED IDEOGRAPH	W	2
918F	8061	E881A1	聡	CJK UNIFIED IDEOGRAPH	W	2
9190	8349	E88D89	草	CJK UNIFIED IDEOGRAPH	W	2
9191	8358	E88D98	荘	CJK UNIFIED IDEOGRAPH	W	2
9192	846C	E891AC	葬	CJK UNIFIED IDEOGRAPH	W	2
9193	84BC	E892BC	蒼	CJK UNIFIED IDEOGRAPH	W	2
9194	85FB	E897BB	藻	CJK UNIFIED IDEOGRAPH	W	2
9195	88C5	E8A385	装	CJK UNIFIED IDEOGRAPH	W	2
9196	8D70	E8B5B0	走	CJK UNIFIED IDEOGRAPH	W	2
9197	9001	E98081	送	CJK UNIFIED IDEOGRAPH	W	2
9198	906D	E981AD	遭	CJK UNIFIED IDEOGRAPH	W	2
9199	9397	E98E97	鎗	CJK UNIFIED IDEOGRAPH	W	2
919A	971C	E99C9C	霜	CJK UNIFIED IDEOGRAPH	W	2
919B	9A12	E9A892	騒	CJK UNIFIED IDEOGRAPH	W	2
919C	50CF	E5838F	像	CJK UNIFIED IDEOGRAPH	W	2
919D	5897	E5A297	増	CJK UNIFIED IDEOGRAPH	W	2
919E	618E	E6868E	憎	CJK UNIFIED IDEOGRAPH	W	2
919F	81D3	E88793	臓	CJK UNIFIED IDEOGRAPH	W	2
91A0	8535	E894B5	蔵	CJK UNIFIED IDEOGRAPH	W	2
91A1	8D08	E8B488	贈	CJK UNIFIED IDEOGRAPH	W	2
91A2	9020	E980A0	造	CJK UNIFIED IDEOGRAPH	W	2
91A3	4FC3	E4BF83	促	CJK UNIFIED IDEOGRAPH	W	2
91A4	5074	E581B4	側	CJK UNIFIED IDEOGRAPH	W	2
91A5	5247	E58987	則	CJK UNIFIED IDEOGRAPH	W	2
91A6	5373	E58DB3	即	CJK UNIFIED IDEOGRAPH	W	2
91A7	606F	E681AF	息	CJK UNIFIED IDEOGRAPH	W	2
91A8	6349	E68D89	捉	CJK UNIFIED IDEOGRAPH	W	2
91A9	675F	E69D9F	束	CJK UNIFIED IDEOGRAPH	W	2
91AA	6E2C	E6B8AC	測	CJK UNIFIED IDEOGRAPH	W	2
91AB	8DB3	E8B6B3	足	CJK UNIFIED IDEOGRAPH	W	2
91AC	901F	E9809F	速	CJK UNIFIED IDEOGRAPH	W	2
91AD	4FD7	E4BF97	俗	CJK UNIFIED IDEOGRAPH	W	2
91AE	5C5E	E5B19E	属	CJK UNIFIED IDEOGRAPH	W	2
91AF	8CCA	E8B38A	賊	CJK UNIFIED IDEOGRAPH	W	2
91B0	65CF	E6978F	族	CJK UNIFIED IDEOGRAPH	W	2
91B1	7D9A	E7B69A	続	CJK UNIFIED IDEOGRAPH	W	2
91B2	5352	E58D92	卒	CJK UNIFIED IDEOGRAPH	W	2
91B3	8896	E8A296	袖	CJK UNIFIED IDEOGRAPH	W	2
91B4	5176	E585B6	其	CJK UNIFIED IDEOGRAPH	W	2
91B5	63C3	E68F83	揃	CJK UNIFIED IDEOGRAPH	W	2
91B6	5B58	E5AD98	存	CJK UNIFIED IDEOGRAPH	W	2
91B7	5B6B	E5ADAB	孫	CJK UNIFIED IDEOGRAPH	W	2
91B8	5C0A	E5B08A	尊	CJK UNIFIED IDEOGRAPH	W	2
91B9	640D	E6908D	損	CJK UNIFIED IDEOGRAPH	W	2
91BA	6751	E69D91	村	CJK UNIFIED IDEOGRAPH	W	2
91BB	905C	E9819C	遜	CJK UNIFIED IDEOGRAPH	W	2
91BC	4ED6	E4BB96	他	CJK UNIFIED IDEOGRAPH	W	2
91BD	591A	E5A49A	多	CJK UNIFIED IDEOGRAPH	W	2
91BE	592A	E5A4AA	太	CJK UNIFIED IDEOGRAPH	W	2
91BF	6C70	E6B1B0	汰	CJK UNIFIED IDEOGRAPH	W	2
91C0	8A51	E8A991	詑	CJK UNIFIED IDEOGRAPH	W	2
91C1	553E	E594BE	唾	CJK UNIFIED IDEOGRAPH	W	2
91C2	5815	E5A095	堕	CJK UNIFIED IDEOGRAPH	W	2
91C3	59A5	E5A6A5	妥	CJK UNIFIED IDEOGRAPH	W	2
91C4	60F0	E683B0	惰	CJK UNIFIED IDEOGRAPH	W	2
91C5	6253	E68993	打	CJK UNIFIED IDEOGRAPH	W	2
91C6	67C1	E69F81	柁	CJK UNIFIED IDEOGRAPH	W	2
91C7	8235	E888B5	舵	CJK UNIFIED IDEOGRAPH	W	2
91C8	6955	E6A595	楕	CJK UNIFIED IDEOGRAPH	W	2
91C9	9640	E99980	陀	CJK UNIFIED IDEOGRAPH	W	2
91CA	99C4	E9A784	駄	CJK UNIFIED IDEOGRAPH	W	2
91CB	9A28	E9A8A8	騨	CJK UNIFIED IDEOGRAPH	W	2
91CC	4F53	E4BD93	体	CJK UNIFIED IDEOGRAPH	W	2
91CD	5806	E5A086	堆	CJK UNIFIED IDEOGRAPH	W	2
91CE	5BFE	E5AFBE	対	CJK UNIFIED IDEOGRAPH	W	2
91CF	8010	E88090	耐	CJK UNIFIED IDEOGRAPH	W	2
91D0	5CB1	E5B2B1	岱	CJK UNIFIED IDEOGRAPH	W	2
91D1	5E2F	E5B8AF	帯	CJK UNIFIED IDEOGRAPH	W	2
91D2	5F85	E5BE85	待	CJK UNIFIED IDEOGRAPH	W	2
91D3	6020	E680A0	怠	CJK UNIFIED IDEOGRAPH	W	2
91D4	614B	E6858B	態	CJK UNIFIED IDEOGRAPH	W	2
91D5	6234	E688B4	戴	CJK UNIFIED IDEOGRAPH	W	2
91D6	66FF	E69BBF	替	CJK UNIFIED IDEOGRAPH	W	2
91D7	6CF0	E6B3B0	泰	CJK UNIFIED IDEOGRAPH	W	2
91D8	6EDE	E6BB9E	滞	CJK UNIFIED IDEOGRAPH	W	2
91D9	80CE	E8838E	胎	CJK UNIFIED IDEOGRAPH	W	2
91DA	817F	E885BF	腿	CJK UNIFIED IDEOGRAPH	W	2
91DB	82D4	E88B94	苔	CJK UNIFIED IDEOGRAPH	W	2
91DC	888B	E8A28B	袋	CJK UNIFIED IDEOGRAPH	W	2
91DD	8CB8	E8B2B8	貸	CJK UNIFIED IDEOGRAPH	W	2
91DE	9000	E98080	退	CJK UNIFIED IDEOGRAPH	W	2
91DF	902E	E980AE	逮	CJK UNIFIED IDEOGRAPH	W	2
91E0	968A	E99A8A	隊	CJK UNIFIED IDEOGRAPH	W	2
91E1	9EDB	E9BB9B	黛	CJK UNIFIED IDEOGRAPH	W	2
91E2	9BDB	E9AF9B	鯛	CJK UNIFIED IDEOGRAPH	W	2
91E3	4EE3	E4BBA3	代	CJK UNIFIED IDEOGRAPH	W	2
91E4	53F0	E58FB0	台	CJK UNIFIED IDEOGRAPH	W	2
91E5	5927	E5A4A7	大	CJK UNIFIED IDEOGRAPH	W	2
91E6	7B2C	E7ACAC	第	CJK UNIFIED IDEOGRAPH	W	2
91E7	918D	E9868D	醍	CJK UNIFIED IDEOGRAPH	W	2
91E8	984C	E9A18C	題	CJK UNIFIED IDEOGRAPH	W	2
91E9	9DF9	E9B7B9	鷹	CJK UNIFIED IDEOGRAPH	W	2
91EA	6EDD	E6BB9D	滝	CJK UNIFIED IDEOGRAPH	W	2
91EB	7027	E780A7	瀧	CJK UNIFIED IDEOGRAPH	W	2
91EC	5353	E58D93	卓	CJK UNIFIED IDEOGRAPH	W	2
91ED	5544	E59584	啄	CJK UNIFIED IDEOGRAPH	W	2
91EE	5B85	E5AE85	宅	CJK UNIFIED IDEOGRAPH	W	2
91EF	6258	E68998	托	CJK UNIFIED IDEOGRAPH	W	2
91F0	629E	E68A9E	択	CJK UNIFIED IDEOGRAPH	W	2
91F1	62D3	E68B93	拓	CJK UNIFIED IDEOGRAPH	W	2
91F2	6CA2	E6B2A2	沢	CJK UNIFIED IDEOGRAPH	W	2
91F3	6FEF	E6BFAF	濯	CJK UNIFIED IDEOGRAPH	W	2
91F4	7422	E790A2	琢	CJK UNIFIED IDEOGRAPH	W	2
91F5	8A17	E8A897	託	CJK UNIFIED IDEOGRAPH	W	2
91F6	9438	E990B8	鐸	CJK UNIFIED IDEOGRAPH	W	2
91F7	6FC1	E6BF81	濁	CJK UNIFIED IDEOGRAPH	W	2
91F8	8AFE	E8ABBE	諾	CJK UNIFIED IDEOGRAPH	W	2
91F9	8338	E88CB8	茸	CJK UNIFIED IDEOGRAPH	W	2
91FA	51E7	E587A7	凧	CJK UNIFIED IDEOGRAPH	W	2
91FB	86F8	E89BB8	蛸	CJK UNIFIED IDEOGRAPH	W	2
91FC	53EA	E58FAA	只	CJK UNIFIED IDEOGRAPH	W	2
9240	53E9	E58FA9	叩	CJK UNIFIED IDEOGRAPH	W	2
9241	4F46	E4BD86	但	CJK UNIFIED IDEOGRAPH	W	2
9242	9054	E98194	達	CJK UNIFIED IDEOGRAPH	W	2
9243	8FB0	E8BEB0	辰	CJK UNIFIED IDEOGRAPH	W	2
9244	596A	E5A5AA	奪	CJK UNIFIED IDEOGRAPH	W	2
9245	8131	E884B1	脱	CJK UNIFIED IDEOGRAPH	W	2
9246	5DFD	E5B7BD	巽	CJK UNIFIED IDEOGRAPH	W	2
9247	7AEA	E7ABAA	竪	CJK UNIFIED IDEOGRAPH	W	2
9248	8FBF	E8BEBF	辿	CJK UNIFIED IDEOGRAPH	W	2
9249	68DA	E6A39A	棚	CJK UNIFIED IDEOGRAPH	W	2
924A	8C37	E8B0B7	谷	CJK UNIFIED IDEOGRAPH	W	2
924B	72F8	E78BB8	狸	CJK UNIFIED IDEOGRAPH	W	2
924C	9C48	E9B188	鱈	CJK UNIFIED IDEOGRAPH	W	2
924D	6A3D	E6A8BD	樽	CJK UNIFIED IDEOGRAPH	W	2
924E	8AB0	E8AAB0	誰	CJK UNIFIED IDEOGRAPH	W	2
924F	4E39	E4B8B9	丹	CJK UNIFIED IDEOGRAPH	W	2
9250	5358	E58D98	単	CJK UNIFIED IDEOGRAPH	W	2
9251	5606	E59886	嘆	CJK UNIFIED IDEOGRAPH	W	2
9252	5766	E59DA6	坦	CJK UNIFIED IDEOGRAPH	W	2
9253	62C5	E68B85	担	CJK UNIFIED IDEOGRAPH	W	2
9254	63A2	E68EA2	探	CJK UNIFIED IDEOGRAPH	W	2
9255	65E6	E697A6	旦	CJK UNIFIED IDEOGRAPH	W	2
9256	6B4E	E6AD8E	歎	CJK UNIFIED IDEOGRAPH	W	2
9257	6DE1	E6B7A1	淡	CJK UNIFIED IDEOGRAPH	W	2
9258	6E5B	E6B99B	湛	CJK UNIFIED IDEOGRAPH	W	2
9259	70AD	E782AD	炭	CJK UNIFIED IDEOGRAPH	W	2
925A	77ED	E79FAD	短	CJK UNIFIED IDEOGRAPH	W	2
925B	7AEF	E7ABAF	端	CJK UNIFIED IDEOGRAPH	W	2
925C	7BAA	E7AEAA	箪	CJK UNIFIED IDEOGRAPH	W	2
925D	7DBB	E7B6BB	綻	CJK UNIFIED IDEOGRAPH	W	2
925E	803D	E880BD	耽	CJK UNIFIED IDEOGRAPH	W	2
925F	80C6	E88386	胆	CJK UNIFIED IDEOGRAPH	W	2
9260	86CB	E89B8B	蛋	CJK UNIFIED IDEOGRAPH	W	2
9261	8A95	E8AA95	誕	CJK UNIFIED IDEOGRAPH	W	2
9262	935B	E98D9B	鍛	CJK UNIFIED IDEOGRAPH	W	2
9263	56E3	E59BA3	団	CJK UNIFIED IDEOGRAPH	W	2
9264	58C7	E5A387	壇	CJK UNIFIED IDEOGRAPH	W	2
9265	5F3E	E5BCBE	弾	CJK UNIFIED IDEOGRAPH	W	2
9266	65AD	E696AD	断	CJK UNIFIED IDEOGRAPH	W	2
9267	6696	E69A96	暖	CJK UNIFIED IDEOGRAPH	W	2
9268	6A80	E6AA80	檀	CJK UNIFIED IDEOGRAPH	W	2
9269	6BB5	E6AEB5	段	CJK UNIFIED IDEOGRAPH	W	2
926A	7537	E794B7	男	CJK UNIFIED IDEOGRAPH	W	2
926B	8AC7	E8AB87	談	CJK UNIFIED IDEOGRAPH	W	2
926C	5024	E580A4	値	CJK UNIFIED IDEOGRAPH	W	2
926D	77E5	E79FA5	知	CJK UNIFIED IDEOGRAPH	W	2
926E	5730	E59CB0	地	CJK UNIFIED IDEOGRAPH	W	2
926F	5F1B	E5BC9B	弛	CJK UNIFIED IDEOGRAPH	W	2
9270	6065	E681A5	恥	CJK UNIFIED IDEOGRAPH	W	2
9271	667A	E699BA	智	CJK UNIFIED IDEOGRAPH	W	2
9272	6C60	E6B1A0	池	CJK UNIFIED IDEOGRAPH	W	2
9273	75F4	E797B4	痴	CJK UNIFIED IDEOGRAPH	W	2
9274	7A1A	E7A89A	稚	CJK UNIFIED IDEOGRAPH	W	2
9275	7F6E	E7BDAE	置	CJK UNIFIED IDEOGRAPH	W	2
9276	81F4	E887B4	致	CJK UNIFIED IDEOGRAPH	W	2
9277	8718	E89C98	蜘	CJK UNIFIED IDEOGRAPH	W	2
9278	9045	E98185	遅	CJK UNIFIED IDEOGRAPH	W	2
9279	99B3	E9A6B3	馳	CJK UNIFIED IDEOGRAPH	W	2
927A	7BC9	E7AF89	築	CJK UNIFIED IDEOGRAPH	W	2
927B	755C	E7959C	畜	CJK UNIFIED IDEOGRAPH	W	2
927C	7AF9	E7ABB9	竹	CJK UNIFIED IDEOGRAPH	W	2
927D	7B51	E7AD91	筑	CJK UNIFIED IDEOGRAPH	W	2
927E	84C4	E89384	蓄	CJK UNIFIED IDEOGRAPH	W	2
9280	9010	E98090	逐	CJK UNIFIED IDEOGRAPH	W	2
9281	79E9	E7A7A9	秩	CJK UNIFIED IDEOGRAPH	W	2
9282	7A92	E7AA92	窒	CJK UNIFIED IDEOGRAPH	W	2
9283	8336	E88CB6	茶	CJK UNIFIED IDEOGRAPH	W	2
9284	5AE1	E5ABA1	嫡	CJK UNIFIED IDEOGRAPH	W	2
9285	7740	E79D80	着	CJK UNIFIED IDEOGRAPH	W	2
9286	4E2D	E4B8AD	中	CJK UNIFIED IDEOGRAPH	W	2
9287	4EF2	E4BBB2	仲	CJK UNIFIED IDEOGRAPH	W	2
9288	5B99	E5AE99	宙	CJK UNIFIED IDEOGRAPH	W	2
9289	5FE0	E5BFA0	忠	CJK UNIFIED IDEOGRAPH	W	2
928A	62BD	E68ABD	抽	CJK UNIFIED IDEOGRAPH	W	2
928B	663C	E698BC	昼	CJK UNIFIED IDEOGRAPH	W	2
928C	67F1	E69FB1	柱	CJK UNIFIED IDEOGRAPH	W	2
928D	6CE8	E6B3A8	注	CJK UNIFIED IDEOGRAPH	W	2
928E	866B	E899AB	虫	CJK UNIFIED IDEOGRAPH	W	2
928F	8877	E8A1B7	衷	CJK UNIFIED IDEOGRAPH	W	2
9290	8A3B	E8A8BB	註	CJK UNIFIED IDEOGRAPH	W	2
9291	914E	E9858E	酎	CJK UNIFIED IDEOGRAPH	W	2
9292	92F3	E98BB3	鋳	CJK UNIFIED IDEOGRAPH	W	2
9293	99D0	E9A790	駐	CJK UNIFIED IDEOGRAPH	W	2
9294	6A17	E6A897	樗	CJK UNIFIED IDEOGRAPH	W	2
9295	7026	E780A6	瀦	CJK UNIFIED IDEOGRAPH	W	2
9296	732A	E78CAA	猪	CJK UNIFIED IDEOGRAPH	W	2
9297	82E7	E88BA7	苧	CJK UNIFIED IDEOGRAPH	W	2
9298	8457	E89197	著	CJK UNIFIED IDEOGRAPH	W	2
9299	8CAF	E8B2AF	貯	CJK UNIFIED IDEOGRAPH	W	2
929A	4E01	E4B881	丁	CJK UNIFIED IDEOGRAPH	W	2
929B	5146	E58586	兆	CJK UNIFIED IDEOGRAPH	W	2
929C	51CB	E5878B	凋	CJK UNIFIED IDEOGRAPH	W	2
929D	558B	E5968B	喋	CJK UNIFIED IDEOGRAPH	W	2
929E	5BF5	E5AFB5	寵	CJK UNIFIED IDEOGRAPH	W	2
929F	5E16	E5B896	帖	CJK UNIFIED IDEOGRAPH	W	2
92A0	5E33	E5B8B3	帳	CJK UNIFIED IDEOGRAPH	W	2
92A1	5E81	E5BA81	庁	CJK UNIFIED IDEOGRAPH	W	2
92A2	5F14	E5BC94	弔	CJK UNIFIED IDEOGRAPH	W	2
92A3	5F35	E5BCB5	張	CJK UNIFIED IDEOGRAPH	W	2
92A4	5F6B	E5BDAB	彫	CJK UNIFIED IDEOGRAPH	W	2
92A5	5FB4	E5BEB4	徴	CJK UNIFIED IDEOGRAPH	W	2
92A6	61F2	E687B2	懲	CJK UNIFIED IDEOGRAPH	W	2
92A7	6311	E68C91	挑	CJK UNIFIED IDEOGRAPH	W	2
92A8	66A2	E69AA2	暢	CJK UNIFIED IDEOGRAPH	W	2
92A9	671D	E69C9D	朝	CJK UNIFIED IDEOGRAPH	W	2
92AA	6F6E	E6BDAE	潮	CJK UNIFIED IDEOGRAPH	W	2
92AB	7252	E78992	牒	CJK UNIFIED IDEOGRAPH	W	2
92AC	753A	E794BA	町	CJK UNIFIED IDEOGRAPH	W	2
92AD	773A	E79CBA	眺	CJK UNIFIED IDEOGRAPH	W	2
92AE	8074	E881B4	聴	CJK UNIFIED IDEOGRAPH	W	2
92AF	8139	E884B9	脹	CJK UNIFIED IDEOGRAPH	W	2
92B0	8178	E885B8	腸	CJK UNIFIED IDEOGRAPH	W	2
92B1	8776	E89DB6	蝶	CJK UNIFIED IDEOGRAPH	W	2
92B2	8ABF	E8AABF	調	CJK UNIFIED IDEOGRAPH	W	2
92B3	8ADC	E8AB9C	諜	CJK UNIFIED IDEOGRAPH	W	2
92B4	8D85	E8B685	超	CJK UNIFIED IDEOGRAPH	W	2
92B5	8DF3	E8B7B3	跳	CJK UNIFIED IDEOGRAPH	W	2
92B6	929A	E98A9A	銚	CJK UNIFIED IDEOGRAPH	W	2
92B7	9577	E995B7	長	CJK UNIFIED IDEOGRAPH	W	2
92B8	9802	E9A082	頂	CJK UNIFIED IDEOGRAPH	W	2
92B9	9CE5	E9B3A5	鳥	CJK UNIFIED IDEOGRAPH	W	2
92BA	52C5	E58B85	勅	CJK UNIFIED IDEOGRAPH	W	2
92BB	6357	E68D97	捗	CJK UNIFIED IDEOGRAPH	W	2
92BC	76F4	E79BB4	直	CJK UNIFIED IDEOGRAPH	W	2
92BD	6715	E69C95	朕	CJK UNIFIED IDEOGRAPH	W	2
92BE	6C88	E6B288	沈	CJK UNIFIED IDEOGRAPH	W	2
92BF	73CD	E78F8D	珍	CJK UNIFIED IDEOGRAPH	W	2
92C0	8CC3	E8B383	賃	CJK UNIFIED IDEOGRAPH	W	2
92C1	93AE	E98EAE	鎮	CJK UNIFIED IDEOGRAPH	W	2
92C2	9673	E999B3	陳	CJK UNIFIED IDEOGRAPH	W	2
92C3	6D25	E6B4A5	津	CJK UNIFIED IDEOGRAPH	W	2
92C4	589C	E5A29C	墜	CJK UNIFIED IDEOGRAPH	W	2
92C5	690E	E6A48E	椎	CJK UNIFIED IDEOGRAPH	W	2
92C6	69CC	E6A78C	槌	CJK UNIFIED IDEOGRAPH	W	2
92C7	8FFD	E8BFBD	追	CJK UNIFIED IDEOGRAPH	W	2
92C8	939A	E98E9A	鎚	CJK UNIFIED IDEOGRAPH	W	2
92C9	75DB	E7979B	痛	CJK UNIFIED IDEOGRAPH	W	2
92CA	901A	E9809A	通	CJK UNIFIED IDEOGRAPH	W	2
92CB	585A	E5A19A	塚	CJK UNIFIED IDEOGRAPH	W	2
92CC	6802	E6A082	栂	CJK UNIFIED IDEOGRAPH	W	2
92CD	63B4	E68EB4	掴	CJK UNIFIED IDEOGRAPH	W	2
92CE	69FB	E6A7BB	槻	CJK UNIFIED IDEOGRAPH	W	2
92CF	4F43	E4BD83	佃	CJK UNIFIED IDEOGRAPH	W	2
92D0	6F2C	E6BCAC	漬	CJK UNIFIED IDEOGRAPH	W	2
92D1	67D8	E69F98	柘	CJK UNIFIED IDEOGRAPH	W	2
92D2	8FBB	E8BEBB	辻	CJK UNIFIED IDEOGRAPH	W	2
92D3	8526	E894A6	蔦	CJK UNIFIED IDEOGRAPH	W	2
92D4	7DB4	E7B6B4	綴	CJK UNIFIED IDEOGRAPH	W	2
92D5	9354	E98D94	鍔	CJK UNIFIED IDEOGRAPH	W	2
92D6	693F	E6A4BF	椿	CJK UNIFIED IDEOGRAPH	W	2
92D7	6F70	E6BDB0	潰	CJK UNIFIED IDEOGRAPH	W	2
92D8	576A	E59DAA	坪	CJK UNIFIED IDEOGRAPH	W	2
92D9	58F7	E5A3B7	壷	CJK UNIFIED IDEOGRAPH	W	2
92DA	5B2C	E5ACAC	嬬	CJK UNIFIED IDEOGRAPH	W	2
92DB	7D2C	E7B4AC	紬	CJK UNIFIED IDEOGRAPH	W	2
92DC	722A	E788AA	爪	CJK UNIFIED IDEOGRAPH	W	2
92DD	540A	E5908A	吊	CJK UNIFIED IDEOGRAPH	W	2
92DE	91E3	E987A3	釣	CJK UNIFIED IDEOGRAPH	W	2
92DF	9DB4	E9B6B4	鶴	CJK UNIFIED IDEOGRAPH	W	2
92E0	4EAD	E4BAAD	亭	CJK UNIFIED IDEOGRAPH	W	2
92E1	4F4E	E4BD8E	低	CJK UNIFIED IDEOGRAPH	W	2
92E2	505C	E5819C	停	CJK UNIFIED IDEOGRAPH	W	2
92E3	5075	E581B5	偵	CJK UNIFIED IDEOGRAPH	W	2
92E4	5243	E58983	剃	CJK UNIFIED IDEOGRAPH	W	2
92E5	8C9E	E8B29E	貞	CJK UNIFIED IDEOGRAPH	W	2
92E6	5448	E59188	呈	CJK UNIFIED IDEOGRAPH	W	2
92E7	5824	E5A0A4	堤	CJK UNIFIED IDEOGRAPH	W	2
92E8	5B9A	E5AE9A	定	CJK UNIFIED IDEOGRAPH	W	2
92E9	5E1D	E5B89D	帝	CJK UNIFIED IDEOGRAPH	W	2
92EA	5E95	E5BA95	底	CJK UNIFIED IDEOGRAPH	W	2
92EB	5EAD	E5BAAD	庭	CJK UNIFIED IDEOGRAPH	W	2
92EC	5EF7	E5BBB7	廷	CJK UNIFIED IDEOGRAPH	W	2
92ED	5F1F	E5BC9F	弟	CJK UNIFIED IDEOGRAPH	W	2
92EE	608C	E6828C	悌	CJK UNIFIED IDEOGRAPH	W	2
92EF	62B5	E68AB5	抵	CJK UNIFIED IDEOGRAPH	W	2
92F0	633A	E68CBA	挺	CJK UNIFIED IDEOGRAPH	W	2
92F1	63D0	E68F90	提	CJK UNIFIED IDEOGRAPH	W	2
92F2	68AF	E6A2AF	梯	CJK UNIFIED IDEOGRAPH	W	2
92F3	6C40	E6B180	汀	CJK UNIFIED IDEOGRAPH	W	2
92F4	7887	E7A287	碇	CJK UNIFIED IDEOGRAPH	W	2
92F5	798E	E7A68E	禎	CJK UNIFIED IDEOGRAPH	W	2
92F6	7A0B	E7A88B	程	CJK UNIFIED IDEOGRAPH	W	2
92F7	7DE0	E7B7A0	締	CJK UNIFIED IDEOGRAPH	W	2
92F8	8247	E88987	艇	CJK UNIFIED IDEOGRAPH	W	2
92F9	8A02	E8A882	訂	CJK UNIFIED IDEOGRAPH	W	2
92FA	8AE6	E8ABA6	諦	CJK UNIFIED IDEOGRAPH	W	2
92FB	8E44	E8B984	蹄	CJK UNIFIED IDEOGRAPH	W	2
92FC	9013	E98093	逓	CJK UNIFIED IDEOGRAPH	W	2
9340	90B8	E982B8	邸	CJK UNIFIED IDEOGRAPH	W	2
9341	912D	E984AD	鄭	CJK UNIFIED IDEOGRAPH	W	2
9342	91D8	E98798	釘	CJK UNIFIED IDEOGRAPH	W	2
9343	9F0E	E9BC8E	鼎	CJK UNIFIED IDEOGRAPH	W	2
9344	6CE5	E6B3A5	泥	CJK UNIFIED IDEOGRAPH	W	2
9345	6458	E69198	摘	CJK UNIFIED IDEOGRAPH	W	2
9346	64E2	E693A2	擢	CJK UNIFIED IDEOGRAPH	W	2
9347	6575	E695B5	敵	CJK UNIFIED IDEOGRAPH	W	2
9348	6EF4	E6BBB4	滴	CJK UNIFIED IDEOGRAPH	W	2
9349	7684	E79A84	的	CJK UNIFIED IDEOGRAPH	W	2
934A	7B1B	E7AC9B	笛	CJK UNIFIED IDEOGRAPH	W	2
934B	9069	E981A9	適	CJK UNIFIED IDEOGRAPH	W	2
934C	93D1	E98F91	鏑	CJK UNIFIED IDEOGRAPH	W	2
934D	6EBA	E6BABA	溺	CJK UNIFIED IDEOGRAPH	W	2
934E	54F2	E593B2	哲	CJK UNIFIED IDEOGRAPH	W	2
934F	5FB9	E5BEB9	徹	CJK UNIFIED IDEOGRAPH	W	2
9350	64A4	E692A4	撤	CJK UNIFIED IDEOGRAPH	W	2
9351	8F4D	E8BD8D	轍	CJK UNIFIED IDEOGRAPH	W	2
9352	8FED	E8BFAD	迭	CJK UNIFIED IDEOGRAPH	W	2
9353	9244	E98984	鉄	CJK UNIFIED IDEOGRAPH	W	2
9354	5178	E585B8	典	CJK UNIFIED IDEOGRAPH	W	2
9355	586B	E5A1AB	填	CJK UNIFIED IDEOGRAPH	W	2
9356	5929	E5A4A9	天	CJK UNIFIED IDEOGRAPH	W	2
9357	5C55	E5B195	展	CJK UNIFIED IDEOGRAPH	W	2
9358	5E97	E5BA97	店	CJK UNIFIED IDEOGRAPH	W	2
9359	6DFB	E6B7BB	添	CJK UNIFIED IDEOGRAPH	W	2
935A	7E8F	E7BA8F	纏	CJK UNIFIED IDEOGRAPH	W	2
935B	751C	E7949C	甜	CJK UNIFIED IDEOGRAPH	W	2
935C	8CBC	E8B2BC	貼	CJK UNIFIED IDEOGRAPH	W	2
935D	8EE2	E8BBA2	転	CJK UNIFIED IDEOGRAPH	W	2
935E	985B	E9A19B	顛	CJK UNIFIED IDEOGRAPH	W	2
935F	70B9	E782B9	点	CJK UNIFIED IDEOGRAPH	W	2
9360	4F1D	E4BC9D	伝	CJK UNIFIED IDEOGRAPH	W	2
9361	6BBF	E6AEBF	殿	CJK UNIFIED IDEOGRAPH	W	2
9362	6FB1	E6BEB1	澱	CJK UNIFIED IDEOGRAPH	W	2
9363	7530	E794B0	田	CJK UNIFIED IDEOGRAPH	W	2
9364	96FB	E99BBB	電	CJK UNIFIED IDEOGRAPH	W	2
9365	514E	E5858E	兎	CJK UNIFIED IDEOGRAPH	W	2
9366	5410	E59090	吐	CJK UNIFIED IDEOGRAPH	W	2
9367	5835	E5A0B5	堵	CJK UNIFIED IDEOGRAPH	W	2
9368	5857	E5A197	塗	CJK UNIFIED IDEOGRAPH	W	2
9369	59AC	E5A6AC	妬	CJK UNIFIED IDEOGRAPH	W	2
936A	5C60	E5B1A0	屠	CJK UNIFIED IDEOGRAPH	W	2
936B	5F92	E5BE92	徒	CJK UNIFIED IDEOGRAPH	W	2
936C	6597	E69697	斗	CJK UNIFIED IDEOGRAPH	W	2
936D	675C	E69D9C	杜	CJK UNIFIED IDEOGRAPH	W	2
936E	6E21	E6B8A1	渡	CJK UNIFIED IDEOGRAPH	W	2
936F	767B	E799BB	登	CJK UNIFIED IDEOGRAPH	W	2
9370	83DF	E88F9F	菟	CJK UNIFIED IDEOGRAPH	W	2
9371	8CED	E8B3AD	賭	CJK UNIFIED IDEOGRAPH	W	2
9372	9014	E98094	途	CJK UNIFIED IDEOGRAPH	W	2
9373	90FD	E983BD	都	CJK UNIFIED IDEOGRAPH	W	2
9374	934D	E98D8D	鍍	CJK UNIFIED IDEOGRAPH	W	2
9375	7825	E7A0A5	砥	CJK UNIFIED IDEOGRAPH	W	2
9376	783A	E7A0BA	砺	CJK UNIFIED IDEOGRAPH	W	2
9377	52AA	E58AAA	努	CJK UNIFIED IDEOGRAPH	W	2
9378	5EA6	E5BAA6	度	CJK UNIFIED IDEOGRAPH	W	2
9379	571F	E59C9F	土	CJK UNIFIED IDEOGRAPH	W	2
937A	5974	E5A5B4	奴	CJK UNIFIED IDEOGRAPH	W	2
937B	6012	E68092	怒	CJK UNIFIED IDEOGRAPH	W	2
937C	5012	E58092	倒	CJK UNIFIED IDEOGRAPH	W	2
937D	515A	E5859A	党	CJK UNIFIED IDEOGRAPH	W	2
937E	51AC	E586AC	冬	CJK UNIFIED IDEOGRAPH	W	2
9380	51CD	E5878D	凍	CJK UNIFIED IDEOGRAPH	W	2
9381	5200	E58880	刀	CJK UNIFIED IDEOGRAPH	W	2
9382	5510	E59490	唐	CJK UNIFIED IDEOGRAPH	W	2
9383	5854	E5A194	塔	CJK UNIFIED IDEOGRAPH	W	2
9384	5858	E5A198	塘	CJK UNIFIED IDEOGRAPH	W	2
9385	5957	E5A597	套	CJK UNIFIED IDEOGRAPH	W	2
9386	5B95	E5AE95	宕	CJK UNIFIED IDEOGRAPH	W	2
9387	5CF6	E5B3B6	島	CJK UNIFIED IDEOGRAPH	W	2
9388	5D8B	E5B68B	嶋	CJK UNIFIED IDEOGRAPH	W	2
9389	60BC	E682BC	悼	CJK UNIFIED IDEOGRAPH	W	2
938A	6295	E68A95	投	CJK UNIFIED IDEOGRAPH	W	2
938B	642D	E690AD	搭	CJK UNIFIED IDEOGRAPH	W	2
938C	6771	E69DB1	東	CJK UNIFIED IDEOGRAPH	W	2
938D	6843	E6A183	桃	CJK UNIFIED IDEOGRAPH	W	2
938E	68BC	E6A2BC	梼	CJK UNIFIED IDEOGRAPH	W	2
938F	68DF	E6A39F	棟	CJK UNIFIED IDEOGRAPH	W	2
9390	76D7	E79B97	盗	CJK UNIFIED IDEOGRAPH	W	2
9391	6DD8	E6B798	淘	CJK UNIFIED IDEOGRAPH	W	2
9392	6E6F	E6B9AF	湯	CJK UNIFIED IDEOGRAPH	W	2
9393	6D9B	E6B69B	涛	CJK UNIFIED IDEOGRAPH	W	2
9394	706F	E781AF	灯	CJK UNIFIED IDEOGRAPH	W	2
9395	71C8	E78788	燈	CJK UNIFIED IDEOGRAPH	W	2
9396	5F53	E5BD93	当	CJK UNIFIED IDEOGRAPH	W	2
9397	75D8	E79798	痘	CJK UNIFIED IDEOGRAPH	W	2
9398	7977	E7A5B7	祷	CJK UNIFIED IDEOGRAPH	W	2
9399	7B49	E7AD89	等	CJK UNIFIED IDEOGRAPH	W	2
939A	7B54	E7AD94	答	CJK UNIFIED IDEOGRAPH	W	2
939B	7B52	E7AD92	筒	CJK UNIFIED IDEOGRAPH	W	2
939C	7CD6	E7B396	糖	CJK UNIFIED IDEOGRAPH	W	2
939D	7D71	E7B5B1	統	CJK UNIFIED IDEOGRAPH	W	2
939E	5230	E588B0	到	CJK UNIFIED IDEOGRAPH	W	2
939F	8463	E891A3	董	CJK UNIFIED IDEOGRAPH	W	2
93A0	8569	E895A9	蕩	CJK UNIFIED IDEOGRAPH	W	2
93A1	85E4	E897A4	藤	CJK UNIFIED IDEOGRAPH	W	2
93A2	8A0E	E8A88E	討	CJK UNIFIED IDEOGRAPH	W	2
93A3	8B04	E8AC84	謄	CJK UNIFIED IDEOGRAPH	W	2
93A4	8C46	E8B186	豆	CJK UNIFIED IDEOGRAPH	W	2
93A5	8E0F	E8B88F	踏	CJK UNIFIED IDEOGRAPH	W	2
93A6	9003	E98083	逃	CJK UNIFIED IDEOGRAPH	W	2
93A7	900F	E9808F	透	CJK UNIFIED IDEOGRAPH	W	2
93A8	9419	E99099	鐙	CJK UNIFIED IDEOGRAPH	W	2
93A9	9676	E999B6	陶	CJK UNIFIED IDEOGRAPH	W	2
93AA	982D	E9A0AD	頭	CJK UNIFIED IDEOGRAPH	W	2
93AB	9A30	E9A8B0	騰	CJK UNIFIED IDEOGRAPH	W	2
93AC	95D8	E99798	闘	CJK UNIFIED IDEOGRAPH	W	2
93AD	50CD	E5838D	働	CJK UNIFIED IDEOGRAPH	W	2
93AE	52D5	E58B95	動	CJK UNIFIED IDEOGRAPH	W	2
93AF	540C	E5908C	同	CJK UNIFIED IDEOGRAPH	W	2
93B0	5802	E5A082	堂	CJK UNIFIED IDEOGRAPH	W	2
93B1	5C0E	E5B08E	導	CJK UNIFIED IDEOGRAPH	W	2
93B2	61A7	E686A7	憧	CJK UNIFIED IDEOGRAPH	W	2
93B3	649E	E6929E	撞	CJK UNIFIED IDEOGRAPH	W	2
93B4	6D1E	E6B49E	洞	CJK UNIFIED IDEOGRAPH	W	2
93B5	77B3	E79EB3	瞳	CJK UNIFIED IDEOGRAPH	W	2
93B6	7AE5	E7ABA5	童	CJK UNIFIED IDEOGRAPH	W	2
93B7	80F4	E883B4	胴	CJK UNIFIED IDEOGRAPH	W	2
93B8	8404	E89084	萄	CJK UNIFIED IDEOGRAPH	W	2
93B9	9053	E98193	道	CJK UNIFIED IDEOGRAPH	W	2
93BA	9285	E98A85	銅	CJK UNIFIED IDEOGRAPH	W	2
93BB	5CE0	E5B3A0	峠	CJK UNIFIED IDEOGRAPH	W	2
93BC	9D07	E9B487	鴇	CJK UNIFIED IDEOGRAPH	W	2
93BD	533F	E58CBF	匿	CJK UNIFIED IDEOGRAPH	W	2
93BE	5F97	E5BE97	得	CJK UNIFIED IDEOGRAPH	W	2
93BF	5FB3	E5BEB3	徳	CJK UNIFIED IDEOGRAPH	W	2
93C0	6D9C	E6B69C	涜	CJK UNIFIED IDEOGRAPH	W	2
93C1	7279	E789B9	特	CJK UNIFIED IDEOGRAPH	W	2
93C2	7763	E79DA3	督	CJK UNIFIED IDEOGRAPH	W	2
93C3	79BF	E7A6BF	禿	CJK UNIFIED IDEOGRAPH	W	2
93C4	7BE4	E7AFA4	篤	CJK UNIFIED IDEOGRAPH	W	2
93C5	6BD2	E6AF92	毒	CJK UNIFIED IDEOGRAPH	W	2
93C6	72EC	E78BAC	独	CJK UNIFIED IDEOGRAPH	W	2
93C7	8AAD	E8AAAD	読	CJK UNIFIED IDEOGRAPH	W	2
93C8	6803	E6A083	栃	CJK UNIFIED IDEOGRAPH	W	2
93C9	6A61	E6A9A1	橡	CJK UNIFIED IDEOGRAPH	W	2
93CA	51F8	E587B8	凸	CJK UNIFIED IDEOGRAPH	W	2
93CB	7A81	E7AA81	突	CJK UNIFIED IDEOGRAPH	W	2
93CC	6934	E6A4B4	椴	CJK UNIFIED IDEOGRAPH	W	2
93CD	5C4A	E5B18A	届	CJK UNIFIED IDEOGRAPH	W	2
93CE	9CF6	E9B3B6	鳶	CJK UNIFIED IDEOGRAPH	W	2
93CF	82EB	E88BAB	苫	CJK UNIFIED IDEOGRAPH	W	2
93D0	5BC5	E5AF85	寅	CJK UNIFIED IDEOGRAPH	W	2
93D1	9149	E98589	酉	CJK UNIFIED IDEOGRAPH	W	2
93D2	701E	E7809E	瀞	CJK UNIFIED IDEOGRAPH	W	2
93D3	5678	E599B8	噸	CJK UNIFIED IDEOGRAPH	W	2
93D4	5C6F	E5B1AF	屯	CJK UNIFIED IDEOGRAPH	W	2
93D5	60C7	E68387	惇	CJK UNIFIED IDEOGRAPH	W	2
93D6	6566	E695A6	敦	CJK UNIFIED IDEOGRAPH	W	2
93D7	6C8C	E6B28C	沌	CJK UNIFIED IDEOGRAPH	W	2
93D8	8C5A	E8B19A	豚	CJK UNIFIED IDEOGRAPH	W	2
93D9	9041	E98181	遁	CJK UNIFIED IDEOGRAPH	W	2
93DA	9813	E9A093	頓	CJK UNIFIED IDEOGRAPH	W	2
93DB	5451	E59191	呑	CJK UNIFIED IDEOGRAPH	W	2
93DC	66C7	E69B87	曇	CJK UNIFIED IDEOGRAPH	W	2
93DD	920D	E9888D	鈍	CJK UNIFIED IDEOGRAPH	W	2
93DE	5948	E5A588	奈	CJK UNIFIED IDEOGRAPH	W	2
93DF	90A3	E982A3	那	CJK UNIFIED IDEOGRAPH	W	2
93E0	5185	E58685	内	CJK UNIFIED IDEOGRAPH	W	2
93E1	4E4D	E4B98D	乍	CJK UNIFIED IDEOGRAPH	W	2
93E2	51EA	E587AA	凪	CJK UNIFIED IDEOGRAPH	W	2
93E3	8599	E89699	薙	CJK UNIFIED IDEOGRAPH	W	2
93E4	8B0E	E8AC8E	謎	CJK UNIFIED IDEOGRAPH	W	2
93E5	7058	E78198	灘	CJK UNIFIED IDEOGRAPH	W	2
93E6	637A	E68DBA	捺	CJK UNIFIED IDEOGRAPH	W	2
93E7	934B	E98D8B	鍋	CJK UNIFIED IDEOGRAPH	W	2
93E8	6962	E6A5A2	楢	CJK UNIFIED IDEOGRAPH	W	2
93E9	99B4	E9A6B4	馴	CJK UNIFIED IDEOGRAPH	W	2
93EA	7E04	E7B884	縄	CJK UNIFIED IDEOGRAPH	W	2
93EB	7577	E795B7	畷	CJK UNIFIED IDEOGRAPH	W	2
93EC	5357	E58D97	南	CJK UNIFIED IDEOGRAPH	W	2
93ED	6960	E6A5A0	楠	CJK UNIFIED IDEOGRAPH	W	2
93EE	8EDF	E8BB9F	軟	CJK UNIFIED IDEOGRAPH	W	2
93EF	96E3	E99BA3	難	CJK UNIFIED IDEOGRAPH	W	2
93F0	6C5D	E6B19D	汝	CJK UNIFIED IDEOGRAPH	W	2
93F1	4E8C	E4BA8C	二	CJK UNIFIED IDEOGRAPH	W	2
93F2	5C3C	E5B0BC	尼	CJK UNIFIED IDEOGRAPH	W	2
93F3	5F10	E5BC90	弐	CJK UNIFIED IDEOGRAPH	W	2
93F4	8FE9	E8BFA9	迩	CJK UNIFIED IDEOGRAPH	W	2
93F5	5302	E58C82	匂	CJK UNIFIED IDEOGRAPH	W	2
93F6	8CD1	E8B391	賑	CJK UNIFIED IDEOGRAPH	W	2
93F7	8089	E88289	肉	CJK UNIFIED IDEOGRAPH	W	2
93F8	8679	E899B9	虹	CJK UNIFIED IDEOGRAPH	W	2
93F9	5EFF	E5BBBF	廿	CJK UNIFIED IDEOGRAPH	W	2
93FA	65E5	E697A5	日	CJK UNIFIED IDEOGRAPH	W	2
93FB	4E73	E4B9B3	乳	CJK UNIFIED IDEOGRAPH	W	2
93FC	5165	E585A5	入	CJK UNIFIED IDEOGRAPH	W	2
9440	5982	E5A682	如	CJK UNIFIED IDEOGRAPH	W	2
9441	5C3F	E5B0BF	尿	CJK UNIFIED IDEOGRAPH	W	2
9442	97EE	E99FAE	韮	CJK UNIFIED IDEOGRAPH	W	2
9443	4EFB	E4BBBB	任	CJK UNIFIED IDEOGRAPH	W	2
9444	598A	E5A68A	妊	CJK UNIFIED IDEOGRAPH	W	2
9445	5FCD	E5BF8D	忍	CJK UNIFIED IDEOGRAPH	W	2
9446	8A8D	E8AA8D	認	CJK UNIFIED IDEOGRAPH	W	2
9447	6FE1	E6BFA1	濡	CJK UNIFIED IDEOGRAPH	W	2
9448	79B0	E7A6B0	禰	CJK UNIFIED IDEOGRAPH	W	2
9449	7962	E7A5A2	祢	CJK UNIFIED IDEOGRAPH	W	2
944A	5BE7	E5AFA7	寧	CJK UNIFIED IDEOGRAPH	W	2
944B	8471	E891B1	葱	CJK UNIFIED IDEOGRAPH	W	2
944C	732B	E78CAB	猫	CJK UNIFIED IDEOGRAPH	W	2
944D	71B1	E786B1	熱	CJK UNIFIED IDEOGRAPH	W	2
944E	5E74	E5B9B4	年	CJK UNIFIED IDEOGRAPH	W	2
944F	5FF5	E5BFB5	念	CJK UNIFIED IDEOGRAPH	W	2
9450	637B	E68DBB	捻	CJK UNIFIED IDEOGRAPH	W	2
9451	649A	E6929A	撚	CJK UNIFIED IDEOGRAPH	W	2
9452	71C3	E78783	燃	CJK UNIFIED IDEOGRAPH	W	2
9453	7C98	E7B298	粘	CJK UNIFIED IDEOGRAPH	W	2
9454	4E43	E4B983	乃	CJK UNIFIED IDEOGRAPH	W	2
9455	5EFC	E5BBBC	廼	CJK UNIFIED IDEOGRAPH	W	2
9456	4E4B	E4B98B	之	CJK UNIFIED IDEOGRAPH	W	2
9457	57DC	E59F9C	埜	CJK UNIFIED IDEOGRAPH	W	2
9458	56A2	E59AA2	嚢	CJK UNIFIED IDEOGRAPH	W	2
9459	60A9	E682A9	悩	CJK UNIFIED IDEOGRAPH	W	2
945A	6FC3	E6BF83	濃	CJK UNIFIED IDEOGRAPH	W	2
945B	7D0D	E7B48D	納	CJK UNIFIED IDEOGRAPH	W	2
945C	80FD	E883BD	能	CJK UNIFIED IDEOGRAPH	W	2
945D	8133	E884B3	脳	CJK UNIFIED IDEOGRAPH	W	2
945E	81BF	E886BF	膿	CJK UNIFIED IDEOGRAPH	W	2
945F	8FB2	E8BEB2	農	CJK UNIFIED IDEOGRAPH	W	2
9460	8997	E8A697	覗	CJK UNIFIED IDEOGRAPH	W	2
9461	86A4	E89AA4	蚤	CJK UNIFIED IDEOGRAPH	W	2
9462	5DF4	E5B7B4	巴	CJK UNIFIED IDEOGRAPH	W	2
9463	628A	E68A8A	把	CJK UNIFIED IDEOGRAPH	W	2
9464	64AD	E692AD	播	CJK UNIFIED IDEOGRAPH	W	2
9465	8987	E8A687	覇	CJK UNIFIED IDEOGRAPH	W	2
9466	6777	E69DB7	杷	CJK UNIFIED IDEOGRAPH	W	2
9467	6CE2	E6B3A2	波	CJK UNIFIED IDEOGRAPH	W	2
9468	6D3E	E6B4BE	派	CJK UNIFIED IDEOGRAPH	W	2
9469	7436	E790B6	琶	CJK UNIFIED IDEOGRAPH	W	2
946A	7834	E7A0B4	破	CJK UNIFIED IDEOGRAPH	W	2
946B	5A46	E5A986	婆	CJK UNIFIED IDEOGRAPH	W	2
946C	7F75	E7BDB5	罵	CJK UNIFIED IDEOGRAPH	W	2
946D	82AD	E88AAD	芭	CJK UNIFIED IDEOGRAPH	W	2
946E	99AC	E9A6AC	馬	CJK UNIFIED IDEOGRAPH	W	2
946F	4FF3	E4BFB3	俳	CJK UNIFIED IDEOGRAPH	W	2
9470	5EC3	E5BB83	廃	CJK UNIFIED IDEOGRAPH	W	2
9471	62DD	E68B9D	拝	CJK UNIFIED IDEOGRAPH	W	2
9472	6392	E68E92	排	CJK UNIFIED IDEOGRAPH	W	2
9473	6557	E69597	敗	CJK UNIFIED IDEOGRAPH	W	2
9474	676F	E69DAF	杯	CJK UNIFIED IDEOGRAPH	W	2
9475	76C3	E79B83	盃	CJK UNIFIED IDEOGRAPH	W	2
9476	724C	E7898C	牌	CJK UNIFIED IDEOGRAPH	W	2
9477	80CC	E8838C	背	CJK UNIFIED IDEOGRAPH	W	2
9478	80BA	E882BA	肺	CJK UNIFIED IDEOGRAPH	W	2
9479	8F29	E8BCA9	輩	CJK UNIFIED IDEOGRAPH	W	2
947A	914D	E9858D	配	CJK UNIFIED IDEOGRAPH	W	2
947B	500D	E5808D	倍	CJK UNIFIED IDEOGRAPH	W	2
947C	57F9	E59FB9	培	CJK UNIFIED IDEOGRAPH	W	2
947D	5A92	E5AA92	媒	CJK UNIFIED IDEOGRAPH	W	2
947E	6885	E6A285	梅	CJK UNIFIED IDEOGRAPH	W	2
9480	6973	E6A5B3	楳	CJK UNIFIED IDEOGRAPH	W	2
9481	7164	E785A4	煤	CJK UNIFIED IDEOGRAPH	W	2
9482	72FD	E78BBD	狽	CJK UNIFIED IDEOGRAPH	W	2
9483	8CB7	E8B2B7	買	CJK UNIFIED IDEOGRAPH	W	2
9484	58F2	E5A3B2	売	CJK UNIFIED IDEOGRAPH	W	2
9485	8CE0	E8B3A0	賠	CJK UNIFIED IDEOGRAPH	W	2
9486	966A	E999AA	陪	CJK UNIFIED IDEOGRAPH	W	2
9487	9019	E98099	這	CJK UNIFIED IDEOGRAPH	W	2
9488	877F	E89DBF	蝿	CJK UNIFIED IDEOGRAPH	W	2
9489	79E4	E7A7A4	秤	CJK UNIFIED IDEOGRAPH	W	2
948A	77E7	E79FA7	矧	CJK UNIFIED IDEOGRAPH	W	2
948B	8429	E890A9	萩	CJK UNIFIED IDEOGRAPH	W	2
948C	4F2F	E4BCAF	伯	CJK UNIFIED IDEOGRAPH	W	2
948D	5265	E589A5	剥	CJK UNIFIED IDEOGRAPH	W	2
948E	535A	E58D9A	博	CJK UNIFIED IDEOGRAPH	W	2
948F	62CD	E68B8D	拍	CJK UNIFIED IDEOGRAPH	W	2
9490	67CF	E69F8F	柏	CJK UNIFIED IDEOGRAPH	W	2
9491	6CCA	E6B38A	泊	CJK UNIFIED IDEOGRAPH	W	2
9492	767D	E799BD	白	CJK UNIFIED IDEOGRAPH	W	2
9493	7B94	E7AE94	箔	CJK UNIFIED IDEOGRAPH	W	2
9494	7C95	E7B295	粕	CJK UNIFIED IDEOGRAPH	W	2
9495	8236	E888B6	舶	CJK UNIFIED IDEOGRAPH	W	2
9496	8584	E89684	薄	CJK UNIFIED IDEOGRAPH	W	2
9497	8FEB	E8BFAB	迫	CJK UNIFIED IDEOGRAPH	W	2
9498	66DD	E69B9D	曝	CJK UNIFIED IDEOGRAPH	W	2
9499	6F20	E6BCA0	漠	CJK UNIFIED IDEOGRAPH	W	2
949A	7206	E78886	爆	CJK UNIFIED IDEOGRAPH	W	2
949B	7E1B	E7B89B	縛	CJK UNIFIED IDEOGRAPH	W	2
949C	83AB	E88EAB	莫	CJK UNIFIED IDEOGRAPH	W	2
949D	99C1	E9A781	駁	CJK UNIFIED IDEOGRAPH	W	2
949E	9EA6	E9BAA6	麦	CJK UNIFIED IDEOGRAPH	W	2
949F	51FD	E587BD	函	CJK UNIFIED IDEOGRAPH	W	2
94A0	7BB1	E7AEB1	箱	CJK UNIFIED IDEOGRAPH	W	2
94A1	7872	E7A1B2	硲	CJK UNIFIED IDEOGRAPH	W	2
94A2	7BB8	E7AEB8	箸	CJK UNIFIED IDEOGRAPH	W	2
94A3	8087	E88287	肇	CJK UNIFIED IDEOGRAPH	W	2
94A4	7B48	E7AD88	筈	CJK UNIFIED IDEOGRAPH	W	2
94A5	6AE8	E6ABA8	櫨	CJK UNIFIED IDEOGRAPH	W	2
94A6	5E61	E5B9A1	幡	CJK UNIFIED IDEOGRAPH	W	2
94A7	808C	E8828C	肌	CJK UNIFIED IDEOGRAPH	W	2
94A8	7551	E79591	畑	CJK UNIFIED IDEOGRAPH	W	2
94A9	7560	E795A0	畠	CJK UNIFIED IDEOGRAPH	W	2
94AA	516B	E585AB	八	CJK UNIFIED IDEOGRAPH	W	2
94AB	9262	E989A2	鉢	CJK UNIFIED IDEOGRAPH	W	2
94AC	6E8C	E6BA8C	溌	CJK UNIFIED IDEOGRAPH	W	2
94AD	767A	E799BA	発	CJK UNIFIED IDEOGRAPH	W	2
94AE	9197	E98697	醗	CJK UNIFIED IDEOGRAPH	W	2
94AF	9AEA	E9ABAA	髪	CJK UNIFIED IDEOGRAPH	W	2
94B0	4F10	E4BC90	伐	CJK UNIFIED IDEOGRAPH	W	2
94B1	7F70	E7BDB0	罰	CJK UNIFIED IDEOGRAPH	W	2
94B2	629C	E68A9C	抜	CJK UNIFIED IDEOGRAPH	W	2
94B3	7B4F	E7AD8F	筏	CJK UNIFIED IDEOGRAPH	W	2
94B4	95A5	E996A5	閥	CJK UNIFIED IDEOGRAPH	W	2
94B5	9CE9	E9B3A9	鳩	CJK UNIFIED IDEOGRAPH	W	2
94B6	567A	E599BA	噺	CJK UNIFIED IDEOGRAPH	W	2
94B7	5859	E5A199	塙	CJK UNIFIED IDEOGRAPH	W	2
94B8	86E4	E89BA4	蛤	CJK UNIFIED IDEOGRAPH	W	2
94B9	96BC	E99ABC	隼	CJK UNIFIED IDEOGRAPH	W	2
94BA	4F34	E4BCB4	伴	CJK UNIFIED IDEOGRAPH	W	2
94BB	5224	E588A4	判	CJK UNIFIED IDEOGRAPH	W	2
94BC	534A	E58D8A	半	CJK UNIFIED IDEOGRAPH	W	2
94BD	53CD	E58F8D	反	CJK UNIFIED IDEOGRAPH	W	2
94BE	53DB	E58F9B	叛	CJK UNIFIED IDEOGRAPH	W	2
94BF	5E06	E5B886	帆	CJK UNIFIED IDEOGRAPH	W	2
94C0	642C	E690AC	搬	CJK UNIFIED IDEOGRAPH	W	2
94C1	6591	E69691	斑	CJK UNIFIED IDEOGRAPH	W	2
94C2	677F	E69DBF	板	CJK UNIFIED IDEOGRAPH	W	2
94C3	6C3E	E6B0BE	氾	CJK UNIFIED IDEOGRAPH	W	2
94C4	6C4E	E6B18E	汎	CJK UNIFIED IDEOGRAPH	W	2
94C5	7248	E78988	版	CJK UNIFIED IDEOGRAPH	W	2
94C6	72AF	E78AAF	犯	CJK UNIFIED IDEOGRAPH	W	2
94C7	73ED	E78FAD	班	CJK UNIFIED IDEOGRAPH	W	2
94C8	7554	E79594	畔	CJK UNIFIED IDEOGRAPH	W	2
94C9	7E41	E7B981	繁	CJK UNIFIED IDEOGRAPH	W	2
94CA	822C	E888AC	般	CJK UNIFIED IDEOGRAPH	W	2
94CB	85E9	E897A9	藩	CJK UNIFIED IDEOGRAPH	W	2
94CC	8CA9	E8B2A9	販	CJK UNIFIED IDEOGRAPH	W	2
94CD	7BC4	E7AF84	範	CJK UNIFIED IDEOGRAPH	W	2
94CE	91C6	E98786	釆	CJK UNIFIED IDEOGRAPH	W	2
94CF	7169	E785A9	煩	CJK UNIFIED IDEOGRAPH	W	2
94D0	9812	E9A092	頒	CJK UNIFIED IDEOGRAPH	W	2
94D1	98EF	E9A3AF	飯	CJK UNIFIED IDEOGRAPH	W	2
94D2	633D	E68CBD	挽	CJK UNIFIED IDEOGRAPH	W	2
94D3	6669	E699A9	晩	CJK UNIFIED IDEOGRAPH	W	2
94D4	756A	E795AA	番	CJK UNIFIED IDEOGRAPH	W	2
94D5	76E4	E79BA4	盤	CJK UNIFIED IDEOGRAPH	W	2
94D6	78D0	E7A390	磐	CJK UNIFIED IDEOGRAPH	W	2
94D7	8543	E89583	蕃	CJK UNIFIED IDEOGRAPH	W	2
94D8	86EE	E89BAE	蛮	CJK UNIFIED IDEOGRAPH	W	2
94D9	532A	E58CAA	匪	CJK UNIFIED IDEOGRAPH	W	2
94DA	5351	E58D91	卑	CJK UNIFIED IDEOGRAPH	W	2
94DB	5426	E590A6	否	CJK UNIFIED IDEOGRAPH	W	2
94DC	5983	E5A683	妃	CJK UNIFIED IDEOGRAPH	W	2
94DD	5E87	E5BA87	庇	CJK UNIFIED IDEOGRAPH	W	2
94DE	5F7C	E5BDBC	彼	CJK UNIFIED IDEOGRAPH	W	2
94DF	60B2	E682B2	悲	CJK UNIFIED IDEOGRAPH	W	2
94E0	6249	E68989	扉	CJK UNIFIED IDEOGRAPH	W	2
94E1	6279	E689B9	批	CJK UNIFIED IDEOGRAPH	W	2
94E2	62AB	E68AAB	披	CJK UNIFIED IDEOGRAPH	W	2
94E3	6590	E69690	斐	CJK UNIFIED IDEOGRAPH	W	2
94E4	6BD4	E6AF94	比	CJK UNIFIED IDEOGRAPH	W	2
94E5	6CCC	E6B38C	泌	CJK UNIFIED IDEOGRAPH	W	2
94E6	75B2	E796B2	疲	CJK UNIFIED IDEOGRAPH	W	2
94E7	76AE	E79AAE	皮	CJK UNIFIED IDEOGRAPH	W	2
94E8	7891	E7A291	碑	CJK UNIFIED IDEOGRAPH	W	2
94E9	79D8	E7A798	秘	CJK UNIFIED IDEOGRAPH	W	2
94EA	7DCB	E7B78B	緋	CJK UNIFIED IDEOGRAPH	W	2
94EB	7F77	E7BDB7	罷	CJK UNIFIED IDEOGRAPH	W	2
94EC	80A5	E882A5	肥	CJK UNIFIED IDEOGRAPH	W	2
94ED	88AB	E8A2AB	被	CJK UNIFIED IDEOGRAPH	W	2
94EE	8AB9	E8AAB9	誹	CJK UNIFIED IDEOGRAPH	W	2
94EF	8CBB	E8B2BB	費	CJK UNIFIED IDEOGRAPH	W	2
94F0	907F	E981BF	避	CJK UNIFIED IDEOGRAPH	W	2
94F1	975E	E99D9E	非	CJK UNIFIED IDEOGRAPH	W	2
94F2	98DB	E9A39B	飛	CJK UNIFIED IDEOGRAPH	W	2
94F3	6A0B	E6A88B	樋	CJK UNIFIED IDEOGRAPH	W	2
94F4	7C38	E7B0B8	簸	CJK UNIFIED IDEOGRAPH	W	2
94F5	5099	E58299	備	CJK UNIFIED IDEOGRAPH	W	2
94F6	5C3E	E5B0BE	尾	CJK UNIFIED IDEOGRAPH	W	2
94F7	5FAE	E5BEAE	微	CJK UNIFIED IDEOGRAPH	W	2
94F8	6787	E69E87	枇	CJK UNIFIED IDEOGRAPH	W	2
94F9	6BD8	E6AF98	毘	CJK UNIFIED IDEOGRAPH	W	2
94FA	7435	E790B5	琵	CJK UNIFIED IDEOGRAPH	W	2
94FB	7709	E79C89	眉	CJK UNIFIED IDEOGRAPH	W	2
94FC	7F8E	E7BE8E	美	CJK UNIFIED IDEOGRAPH	W	2
9540	9F3B	E9BCBB	鼻	CJK UNIFIED IDEOGRAPH	W	2
9541	67CA	E69F8A	柊	CJK UNIFIED IDEOGRAPH	W	2
9542	7A17	E7A897	稗	CJK UNIFIED IDEOGRAPH	W	2
9543	5339	E58CB9	匹	CJK UNIFIED IDEOGRAPH	W	2
9544	758B	E7968B	疋	CJK UNIFIED IDEOGRAPH	W	2
9545	9AED	E9ABAD	髭	CJK UNIFIED IDEOGRAPH	W	2
9546	5F66	E5BDA6	彦	CJK UNIFIED IDEOGRAPH	W	2
9547	819D	E8869D	膝	CJK UNIFIED IDEOGRAPH	W	2
9548	83F1	E88FB1	菱	CJK UNIFIED IDEOGRAPH	W	2
9549	8098	E88298	肘	CJK UNIFIED IDEOGRAPH	W	2
954A	5F3C	E5BCBC	弼	CJK UNIFIED IDEOGRAPH	W	2
954B	5FC5	E5BF85	必	CJK UNIFIED IDEOGRAPH	W	2
954C	7562	E795A2	畢	CJK UNIFIED IDEOGRAPH	W	2
954D	7B46	E7AD86	筆	CJK UNIFIED IDEOGRAPH	W	2
954E	903C	E980BC	逼	CJK UNIFIED IDEOGRAPH	W	2
954F	6867	E6A1A7	桧	CJK UNIFIED IDEOGRAPH	W	2
9550	59EB	E5A7AB	姫	CJK UNIFIED IDEOGRAPH	W	2
9551	5A9B	E5AA9B	媛	CJK UNIFIED IDEOGRAPH	W	2
9552	7D10	E7B490	紐	CJK UNIFIED IDEOGRAPH	W	2
9553	767E	E799BE	百	CJK UNIFIED IDEOGRAPH	W	2
9554	8B2C	E8ACAC	謬	CJK UNIFIED IDEOGRAPH	W	2
9555	4FF5	E4BFB5	俵	CJK UNIFIED IDEOGRAPH	W	2
9556	5F6A	E5BDAA	彪	CJK UNIFIED IDEOGRAPH	W	2
9557	6A19	E6A899	標	CJK UNIFIED IDEOGRAPH	W	2
9558	6C37	E6B0B7	氷	CJK UNIFIED IDEOGRAPH	W	2
9559	6F02	E6BC82	漂	CJK UNIFIED IDEOGRAPH	W	2
955A	74E2	E793A2	瓢	CJK UNIFIED IDEOGRAPH	W	2
955B	7968	E7A5A8	票	CJK UNIFIED IDEOGRAPH	W	2
955C	8868	E8A1A8	表	CJK UNIFIED IDEOGRAPH	W	2
955D	8A55	E8A995	評	CJK UNIFIED IDEOGRAPH	W	2
955E	8C79	E8B1B9	豹	CJK UNIFIED IDEOGRAPH	W	2
955F	5EDF	E5BB9F	廟	CJK UNIFIED IDEOGRAPH	W	2
9560	63CF	E68F8F	描	CJK UNIFIED IDEOGRAPH	W	2
9561	75C5	E79785	病	CJK UNIFIED IDEOGRAPH	W	2
9562	79D2	E7A792	秒	CJK UNIFIED IDEOGRAPH	W	2
9563	82D7	E88B97	苗	CJK UNIFIED IDEOGRAPH	W	2
9564	9328	E98CA8	錨	CJK UNIFIED IDEOGRAPH	W	2
9565	92F2	E98BB2	鋲	CJK UNIFIED IDEOGRAPH	W	2
9566	849C	E8929C	蒜	CJK UNIFIED IDEOGRAPH	W	2
9567	86ED	E89BAD	蛭	CJK UNIFIED IDEOGRAPH	W	2
9568	9C2D	E9B0AD	鰭	CJK UNIFIED IDEOGRAPH	W	2
9569	54C1	E59381	品	CJK UNIFIED IDEOGRAPH	W	2
956A	5F6C	E5BDAC	彬	CJK UNIFIED IDEOGRAPH	W	2
956B	658C	E6968C	斌	CJK UNIFIED IDEOGRAPH	W	2
956C	6D5C	E6B59C	浜	CJK UNIFIED IDEOGRAPH	W	2
956D	7015	E78095	瀕	CJK UNIFIED IDEOGRAPH	W	2
956E	8CA7	E8B2A7	貧	CJK UNIFIED IDEOGRAPH	W	2
956F	8CD3	E8B393	賓	CJK UNIFIED IDEOGRAPH	W	2
9570	983B	E9A0BB	頻	CJK UNIFIED IDEOGRAPH	W	2
9571	654F	E6958F	敏	CJK UNIFIED IDEOGRAPH	W	2
9572	74F6	E793B6	瓶	CJK UNIFIED IDEOGRAPH	W	2
9573	4E0D	E4B88D	不	CJK UNIFIED IDEOGRAPH	W	2
9574	4ED8	E4BB98	付	CJK UNIFIED IDEOGRAPH	W	2
9575	57E0	E59FA0	埠	CJK UNIFIED IDEOGRAPH	W	2
9576	592B	E5A4AB	夫	CJK UNIFIED IDEOGRAPH	W	2
9577	5A66	E5A9A6	婦	CJK UNIFIED IDEOGRAPH	W	2
9578	5BCC	E5AF8C	富	CJK UNIFIED IDEOGRAPH	W	2
9579	51A8	E586A8	冨	CJK UNIFIED IDEOGRAPH	W	2
957A	5E03	E5B883	布	CJK UNIFIED IDEOGRAPH	W	2
957B	5E9C	E5BA9C	府	CJK UNIFIED IDEOGRAPH	W	2
957C	6016	E68096	怖	CJK UNIFIED IDEOGRAPH	W	2
957D	6276	E689B6	扶	CJK UNIFIED IDEOGRAPH	W	2
957E	6577	E695B7	敷	CJK UNIFIED IDEOGRAPH	W	2
9580	65A7	E696A7	斧	CJK UNIFIED IDEOGRAPH	W	2
9581	666E	E699AE	普	CJK UNIFIED IDEOGRAPH	W	2
9582	6D6E	E6B5AE	浮	CJK UNIFIED IDEOGRAPH	W	2
9583	7236	E788B6	父	CJK UNIFIED IDEOGRAPH	W	2
9584	7B26	E7ACA6	符	CJK UNIFIED IDEOGRAPH	W	2
9585	8150	E88590	腐	CJK UNIFIED IDEOGRAPH	W	2
9586	819A	E8869A	膚	CJK UNIFIED IDEOGRAPH	W	2
9587	8299	E88A99	芙	CJK UNIFIED IDEOGRAPH	W	2
9588	8B5C	E8AD9C	譜	CJK UNIFIED IDEOGRAPH	W	2
9589	8CA0	E8B2A0	負	CJK UNIFIED IDEOGRAPH	W	2
958A	8CE6	E8B3A6	賦	CJK UNIFIED IDEOGRAPH	W	2
958B	8D74	E8B5B4	赴	CJK UNIFIED IDEOGRAPH	W	2
958C	961C	E9989C	阜	CJK UNIFIED IDEOGRAPH	W	2
958D	9644	E99984	附	CJK UNIFIED IDEOGRAPH	W	2
958E	4FAE	E4BEAE	侮	CJK UNIFIED IDEOGRAPH	W	2
958F	64AB	E692AB	撫	CJK UNIFIED IDEOGRAPH	W	2
9590	6B66	E6ADA6	武	CJK UNIFIED IDEOGRAPH	W	2
9591	821E	E8889E	舞	CJK UNIFIED IDEOGRAPH	W	2
9592	8461	E891A1	葡	CJK UNIFIED IDEOGRAPH	W	2
9593	856A	E895AA	蕪	CJK UNIFIED IDEOGRAPH	W	2
9594	90E8	E983A8	部	CJK UNIFIED IDEOGRAPH	W	2
9595	5C01	E5B081	封	CJK UNIFIED IDEOGRAPH	W	2
9596	6953	E6A593	楓	CJK UNIFIED IDEOGRAPH	W	2
9597	98A8	E9A2A8	風	CJK UNIFIED IDEOGRAPH	W	2
9598	847A	E891BA	葺	CJK UNIFIED IDEOGRAPH	W	2
9599	8557	E89597	蕗	CJK UNIFIED IDEOGRAPH	W	2
959A	4F0F	E4BC8F	伏	CJK UNIFIED IDEOGRAPH	W	2
959B	526F	E589AF	副	CJK UNIFIED IDEOGRAPH	W	2
959C	5FA9	E5BEA9	復	CJK UNIFIED IDEOGRAPH	W	2
959D	5E45	E5B985	幅	CJK UNIFIED IDEOGRAPH	W	2
959E	670D	E69C8D	服	CJK UNIFIED IDEOGRAPH	W	2
959F	798F	E7A68F	福	CJK UNIFIED IDEOGRAPH	W	2
95A0	8179	E885B9	腹	CJK UNIFIED IDEOGRAPH	W	2
95A1	8907	E8A487	複	CJK UNIFIED IDEOGRAPH	W	2
95A2	8986	E8A686	覆	CJK UNIFIED IDEOGRAPH	W	2
95A3	6DF5	E6B7B5	淵	CJK UNIFIED IDEOGRAPH	W	2
95A4	5F17	E5BC97	弗	CJK UNIFIED IDEOGRAPH	W	2
95A5	6255	E68995	払	CJK UNIFIED IDEOGRAPH	W	2
95A6	6CB8	E6B2B8	沸	CJK UNIFIED IDEOGRAPH	W	2
95A7	4ECF	E4BB8F	仏	CJK UNIFIED IDEOGRAPH	W	2
95A8	7269	E789A9	物	CJK UNIFIED IDEOGRAPH	W	2
95A9	9B92	E9AE92	鮒	CJK UNIFIED IDEOGRAPH	W	2
95AA	5206	E58886	分	CJK UNIFIED IDEOGRAPH	W	2
95AB	543B	E590BB	吻	CJK UNIFIED IDEOGRAPH	W	2
95AC	5674	E599B4	噴	CJK UNIFIED IDEOGRAPH	W	2
95AD	58B3	E5A2B3	墳	CJK UNIFIED IDEOGRAPH	W	2
95AE	61A4	E686A4	憤	CJK UNIFIED IDEOGRAPH	W	2
95AF	626E	E689AE	扮	CJK UNIFIED IDEOGRAPH	W	2
95B0	711A	E7849A	焚	CJK UNIFIED IDEOGRAPH	W	2
95B1	596E	E5A5AE	奮	CJK UNIFIED IDEOGRAPH	W	2
95B2	7C89	E7B289	粉	CJK UNIFIED IDEOGRAPH	W	2
95B3	7CDE	E7B39E	糞	CJK UNIFIED IDEOGRAPH	W	2
95B4	7D1B	E7B49B	紛	CJK UNIFIED IDEOGRAPH	W	2
95B5	96F0	E99BB0	雰	CJK UNIFIED IDEOGRAPH	W	2
95B6	6587	E69687	文	CJK UNIFIED IDEOGRAPH	W	2
95B7	805E	E8819E	聞	CJK UNIFIED IDEOGRAPH	W	2
95B8	4E19	E4B899	丙	CJK UNIFIED IDEOGRAPH	W	2
95B9	4F75	E4BDB5	併	CJK UNIFIED IDEOGRAPH	W	2
95BA	5175	E585B5	兵	CJK UNIFIED IDEOGRAPH	W	2
95BB	5840	E5A180	塀	CJK UNIFIED IDEOGRAPH	W	2
95BC	5E63	E5B9A3	幣	CJK UNIFIED IDEOGRAPH	W	2
95BD	5E73	E5B9B3	平	CJK UNIFIED IDEOGRAPH	W	2
95BE	5F0A	E5BC8A	弊	CJK UNIFIED IDEOGRAPH	W	2
95BF	67C4	E69F84	柄	CJK UNIFIED IDEOGRAPH	W	2
95C0	4E26	E4B8A6	並	CJK UNIFIED IDEOGRAPH	W	2
95C1	853D	E894BD	蔽	CJK UNIFIED IDEOGRAPH	W	2
95C2	9589	E99689	閉	CJK UNIFIED IDEOGRAPH	W	2
95C3	965B	E9999B	陛	CJK UNIFIED IDEOGRAPH	W	2
95C4	7C73	E7B1B3	米	CJK UNIFIED IDEOGRAPH	W	2
95C5	9801	E9A081	頁	CJK UNIFIED IDEOGRAPH	W	2
95C6	50FB	E583BB	僻	CJK UNIFIED IDEOGRAPH	W	2
95C7	58C1	E5A381	壁	CJK UNIFIED IDEOGRAPH	W	2
95C8	7656	E79996	癖	CJK UNIFIED IDEOGRAPH	W	2
95C9	78A7	E7A2A7	碧	CJK UNIFIED IDEOGRAPH	W	2
95CA	5225	E588A5	別	CJK UNIFIED IDEOGRAPH	W	2
95CB	77A5	E79EA5	瞥	CJK UNIFIED IDEOGRAPH	W	2
95CC	8511	E89491	蔑	CJK UNIFIED IDEOGRAPH	W	2
95CD	7B86	E7AE86	箆	CJK UNIFIED IDEOGRAPH	W	2
95CE	504F	E5818F	偏	CJK UNIFIED IDEOGRAPH	W	2
95CF	5909	E5A489	変	CJK UNIFIED IDEOGRAPH	W	2
95D0	7247	E78987	片	CJK UNIFIED IDEOGRAPH	W	2
95D1	7BC7	E7AF87	篇	CJK UNIFIED IDEOGRAPH	W	2
95D2	7DE8	E7B7A8	編	CJK UNIFIED IDEOGRAPH	W	2
95D3	8FBA	E8BEBA	辺	CJK UNIFIED IDEOGRAPH	W	2
95D4	8FD4	E8BF94	返	CJK UNIFIED IDEOGRAPH	W	2
95D5	904D	E9818D	遍	CJK UNIFIED IDEOGRAPH	W	2
95D6	4FBF	E4BEBF	便	CJK UNIFIED IDEOGRAPH	W	2
95D7	52C9	E58B89	勉	CJK UNIFIED IDEOGRAPH	W	2
95D8	5A29	E5A8A9	娩	CJK UNIFIED IDEOGRAPH	W	2
95D9	5F01	E5BC81	弁	CJK UNIFIED IDEOGRAPH	W	2
95DA	97AD	E99EAD	鞭	CJK UNIFIED IDEOGRAPH	W	2
95DB	4FDD	E4BF9D	保	CJK UNIFIED IDEOGRAPH	W	2
95DC	8217	E88897	舗	CJK UNIFIED IDEOGRAPH	W	2
95DD	92EA	E98BAA	鋪	CJK UNIFIED IDEOGRAPH	W	2
95DE	5703	E59C83	圃	CJK UNIFIED IDEOGRAPH	W	2
95DF	6355	E68D95	捕	CJK UNIFIED IDEOGRAPH	W	2
95E0	6B69	E6ADA9	歩	CJK UNIFIED IDEOGRAPH	W	2
95E1	752B	E794AB	甫	CJK UNIFIED IDEOGRAPH	W	2
95E2	88DC	E8A39C	補	CJK UNIFIED IDEOGRAPH	W	2
95E3	8F14	E8BC94	輔	CJK UNIFIED IDEOGRAPH	W	2
95E4	7A42	E7A982	穂	CJK UNIFIED IDEOGRAPH	W	2
95E5	52DF	E58B9F	募	CJK UNIFIED IDEOGRAPH	W	2
95E6	5893	E5A293	墓	CJK UNIFIED IDEOGRAPH	W	2
95E7	6155	E68595	慕	CJK UNIFIED IDEOGRAPH	W	2
95E8	620A	E6888A	戊	CJK UNIFIED IDEOGRAPH	W	2
95E9	66AE	E69AAE	暮	CJK UNIFIED IDEOGRAPH	W	2
95EA	6BCD	E6AF8D	母	CJK UNIFIED IDEOGRAPH	W	2
95EB	7C3F	E7B0BF	簿	CJK UNIFIED IDEOGRAPH	W	2
95EC	83E9	E88FA9	菩	CJK UNIFIED IDEOGRAPH	W	2
95ED	5023	E580A3	倣	CJK UNIFIED IDEOGRAPH	W	2
95EE	4FF8	E4BFB8	俸	CJK UNIFIED IDEOGRAPH	W	2
95EF	5305	E58C85	包	CJK UNIFIED IDEOGRAPH	W	2
95F0	5446	E59186	呆	CJK UNIFIED IDEOGRAPH	W	2
95F1	5831	E5A0B1	報	CJK UNIFIED IDEOGRAPH	W	2
95F2	5949	E5A589	奉	CJK UNIFIED IDEOGRAPH	W	2
95F3	5B9D	E5AE9D	宝	CJK UNIFIED IDEOGRAPH	W	2
95F4	5CF0	E5B3B0	峰	CJK UNIFIED IDEOGRAPH	W	2
95F5	5CEF	E5B3AF	峯	CJK UNIFIED IDEOGRAPH	W	2
95F6	5D29	E5B4A9	崩	CJK UNIFIED IDEOGRAPH	W	2
95F7	5E96	E5BA96	庖	CJK UNIFIED IDEOGRAPH	W	2
95F8	62B1	E68AB1	抱	CJK UNIFIED IDEOGRAPH	W	2
95F9	6367	E68DA7	捧	CJK UNIFIED IDEOGRAPH	W	2
95FA	653E	E694BE	放	CJK UNIFIED IDEOGRAPH	W	2
95FB	65B9	E696B9	方	CJK UNIFIED IDEOGRAPH	W	2
95FC	670B	E69C8B	朋	CJK UNIFIED IDEOGRAPH	W	2
9640	6CD5	E6B395	法	CJK UNIFIED IDEOGRAPH	W	2
9641	6CE1	E6B3A1	泡	CJK UNIFIED IDEOGRAPH	W	2
9642	70F9	E783B9	烹	CJK UNIFIED IDEOGRAPH	W	2
9643	7832	E7A0B2	砲	CJK UNIFIED IDEOGRAPH	W	2
9644	7E2B	E7B8AB	縫	CJK UNIFIED IDEOGRAPH	W	2
9645	80DE	E8839E	胞	CJK UNIFIED IDEOGRAPH	W	2
9646	82B3	E88AB3	芳	CJK UNIFIED IDEOGRAPH	W	2
9647	840C	E8908C	萌	CJK UNIFIED IDEOGRAPH	W	2
9648	84EC	E893AC	蓬	CJK UNIFIED IDEOGRAPH	W	2
9649	8702	E89C82	蜂	CJK UNIFIED IDEOGRAPH	W	2
964A	8912	E8A492	褒	CJK UNIFIED IDEOGRAPH	W	2
964B	8A2A	E8A8AA	訪	CJK UNIFIED IDEOGRAPH	W	2
964C	8C4A	E8B18A	豊	CJK UNIFIED IDEOGRAPH	W	2
964D	90A6	E982A6	邦	CJK UNIFIED IDEOGRAPH	W	2
964E	92D2	E98B92	鋒	CJK UNIFIED IDEOGRAPH	W	2
964F	98FD	E9A3BD	飽	CJK UNIFIED IDEOGRAPH	W	2
9650	9CF3	E9B3B3	鳳	CJK UNIFIED IDEOGRAPH	W	2
9651	9D6C	E9B5AC	鵬	CJK UNIFIED IDEOGRAPH	W	2
9652	4E4F	E4B98F	乏	CJK UNIFIED IDEOGRAPH	W	2
9653	4EA1	E4BAA1	亡	CJK UNIFIED IDEOGRAPH	W	2
9654	508D	E5828D	傍	CJK UNIFIED IDEOGRAPH	W	2
9655	5256	E58996	剖	CJK UNIFIED IDEOGRAPH	W	2
9656	574A	E59D8A	坊	CJK UNIFIED IDEOGRAPH	W	2
9657	59A8	E5A6A8	妨	CJK UNIFIED IDEOGRAPH	W	2
9658	5E3D	E5B8BD	帽	CJK UNIFIED IDEOGRAPH	W	2
9659	5FD8	E5BF98	忘	CJK UNIFIED IDEOGRAPH	W	2
965A	5FD9	E5BF99	忙	CJK UNIFIED IDEOGRAPH	W	2
965B	623F	E688BF	房	CJK UNIFIED IDEOGRAPH	W	2
965C	66B4	E69AB4	暴	CJK UNIFIED IDEOGRAPH	W	2
965D	671B	E69C9B	望	CJK UNIFIED IDEOGRAPH	W	2
965E	67D0	E69F90	某	CJK UNIFIED IDEOGRAPH	W	2
965F	68D2	E6A392	棒	CJK UNIFIED IDEOGRAPH	W	2
9660	5192	E58692	冒	CJK UNIFIED IDEOGRAPH	W	2
9661	7D21	E7B4A1	紡	CJK UNIFIED IDEOGRAPH	W	2
9662	80AA	E882AA	肪	CJK UNIFIED IDEOGRAPH	W	2
9663	81A8	E886A8	膨	CJK UNIFIED IDEOGRAPH	W	2
9664	8B00	E8AC80	謀	CJK UNIFIED IDEOGRAPH	W	2
9665	8C8C	E8B28C	貌	CJK UNIFIED IDEOGRAPH	W	2
9666	8CBF	E8B2BF	貿	CJK UNIFIED IDEOGRAPH	W	2
9667	927E	E989BE	鉾	CJK UNIFIED IDEOGRAPH	W	2
9668	9632	E998B2	防	CJK UNIFIED IDEOGRAPH	W	2
9669	5420	E590A0	吠	CJK UNIFIED IDEOGRAPH	W	2
966A	982C	E9A0AC	頬	CJK UNIFIED IDEOGRAPH	W	2
966B	5317	E58C97	北	CJK UNIFIED IDEOGRAPH	W	2
966C	50D5	E58395	僕	CJK UNIFIED IDEOGRAPH	W	2
966D	535C	E58D9C	卜	CJK UNIFIED IDEOGRAPH	W	2
966E	58A8	E5A2A8	墨	CJK UNIFIED IDEOGRAPH	W	2
966F	64B2	E692B2	撲	CJK UNIFIED IDEOGRAPH	W	2
9670	6734	E69CB4	朴	CJK UNIFIED IDEOGRAPH	W	2
9671	7267	E789A7	牧	CJK UNIFIED IDEOGRAPH	W	2
9672	7766	E79DA6	睦	CJK UNIFIED IDEOGRAPH	W	2
9673	7A46	E7A986	穆	CJK UNIFIED IDEOGRAPH	W	2
9674	91E6	E987A6	釦	CJK UNIFIED IDEOGRAPH	W	2
9675	52C3	E58B83	勃	CJK UNIFIED IDEOGRAPH	W	2
9676	6CA1	E6B2A1	没	CJK UNIFIED IDEOGRAPH	W	2
9677	6B86	E6AE86	殆	CJK UNIFIED IDEOGRAPH	W	2
9678	5800	E5A080	堀	CJK UNIFIED IDEOGRAPH	W	2
9679	5E4C	E5B98C	幌	CJK UNIFIED IDEOGRAPH	W	2
967A	5954	E5A594	奔	CJK UNIFIED IDEOGRAPH	W	2
967B	672C	E69CAC	本	CJK UNIFIED IDEOGRAPH	W	2
967C	7FFB	E7BFBB	翻	CJK UNIFIED IDEOGRAPH	W	2
967D	51E1	E587A1	凡	CJK UNIFIED IDEOGRAPH	W	2
967E	76C6	E79B86	盆	CJK UNIFIED IDEOGRAPH	W	2
9680	6469	E691A9	摩	CJK UNIFIED IDEOGRAPH	W	2
9681	78E8	E7A3A8	磨	CJK UNIFIED IDEOGRAPH	W	2
9682	9B54	E9AD94	魔	CJK UNIFIED IDEOGRAPH	W	2
9683	9EBB	E9BABB	麻	CJK UNIFIED IDEOGRAPH	W	2
9684	57CB	E59F8B	埋	CJK UNIFIED IDEOGRAPH	W	2
9685	59B9	E5A6B9	妹	CJK UNIFIED IDEOGRAPH	W	2
9686	6627	E698A7	昧	CJK UNIFIED IDEOGRAPH	W	2
9687	679A	E69E9A	枚	CJK UNIFIED IDEOGRAPH	W	2
9688	6BCE	E6AF8E	毎	CJK UNIFIED IDEOGRAPH	W	2
9689	54E9	E593A9	哩	CJK UNIFIED IDEOGRAPH	W	2
968A	69D9	E6A799	槙	CJK UNIFIED IDEOGRAPH	W	2
968B	5E55	E5B995	幕	CJK UNIFIED IDEOGRAPH	W	2
968C	819C	E8869C	膜	CJK UNIFIED IDEOGRAPH	W	2
968D	6795	E69E95	枕	CJK UNIFIED IDEOGRAPH	W	2
968E	9BAA	E9AEAA	鮪	CJK UNIFIED IDEOGRAPH	W	2
968F	67FE	E69FBE	柾	CJK UNIFIED IDEOGRAPH	W	2
9690	9C52	E9B192	鱒	CJK UNIFIED IDEOGRAPH	W	2
9691	685D	E6A19D	桝	CJK UNIFIED IDEOGRAPH	W	2
9692	4EA6	E4BAA6	亦	CJK UNIFIED IDEOGRAPH	W	2
9693	4FE3	E4BFA3	俣	CJK UNIFIED IDEOGRAPH	W	2
9694	53C8	E58F88	又	CJK UNIFIED IDEOGRAPH	W	2
9695	62B9	E68AB9	抹	CJK UNIFIED IDEOGRAPH	W	2
9696	672B	E69CAB	末	CJK UNIFIED IDEOGRAPH	W	2
9697	6CAB	E6B2AB	沫	CJK UNIFIED IDEOGRAPH	W	2
9698	8FC4	E8BF84	迄	CJK UNIFIED IDEOGRAPH	W	2
9699	4FAD	E4BEAD	侭	CJK UNIFIED IDEOGRAPH	W	2
969A	7E6D	E7B9AD	繭	CJK UNIFIED IDEOGRAPH	W	2
969B	9EBF	E9BABF	麿	CJK UNIFIED IDEOGRAPH	W	2
969C	4E07	E4B887	万	CJK UNIFIED IDEOGRAPH	W	2
969D	6162	E685A2	慢	CJK UNIFIED IDEOGRAPH	W	2
969E	6E80	E6BA80	満	CJK UNIFIED IDEOGRAPH	W	2
969F	6F2B	E6BCAB	漫	CJK UNIFIED IDEOGRAPH	W	2
96A0	8513	E89493	蔓	CJK UNIFIED IDEOGRAPH	W	2
96A1	5473	E591B3	味	CJK UNIFIED IDEOGRAPH	W	2
96A2	672A	E69CAA	未	CJK UNIFIED IDEOGRAPH	W	2
96A3	9B45	E9AD85	魅	CJK UNIFIED IDEOGRAPH	W	2
96A4	5DF3	E5B7B3	巳	CJK UNIFIED IDEOGRAPH	W	2
96A5	7B95	E7AE95	箕	CJK UNIFIED IDEOGRAPH	W	2
96A6	5CAC	E5B2AC	岬	CJK UNIFIED IDEOGRAPH	W	2
96A7	5BC6	E5AF86	密	CJK UNIFIED IDEOGRAPH	W	2
96A8	871C	E89C9C	蜜	CJK UNIFIED IDEOGRAPH	W	2
96A9	6E4A	E6B98A	湊	CJK UNIFIED IDEOGRAPH	W	2
96AA	84D1	E89391	蓑	CJK UNIFIED IDEOGRAPH	W	2
96AB	7A14	E7A894	稔	CJK UNIFIED IDEOGRAPH	W	2
96AC	8108	E88488	脈	CJK UNIFIED IDEOGRAPH	W	2
96AD	5999	E5A699	妙	CJK UNIFIED IDEOGRAPH	W	2
96AE	7C8D	E7B28D	粍	CJK UNIFIED IDEOGRAPH	W	2
96AF	6C11	E6B091	民	CJK UNIFIED IDEOGRAPH	W	2
96B0	7720	E79CA0	眠	CJK UNIFIED IDEOGRAPH	W	2
96B1	52D9	E58B99	務	CJK UNIFIED IDEOGRAPH	W	2
96B2	5922	E5A4A2	夢	CJK UNIFIED IDEOGRAPH	W	2
96B3	7121	E784A1	無	CJK UNIFIED IDEOGRAPH	W	2
96B4	725F	E7899F	牟	CJK UNIFIED IDEOGRAPH	W	2
96B5	77DB	E79F9B	矛	CJK UNIFIED IDEOGRAPH	W	2
96B6	9727	E99CA7	霧	CJK UNIFIED IDEOGRAPH	W	2
96B7	9D61	E9B5A1	鵡	CJK UNIFIED IDEOGRAPH	W	2
96B8	690B	E6A48B	椋	CJK UNIFIED IDEOGRAPH	W	2
96B9	5A7F	E5A9BF	婿	CJK UNIFIED IDEOGRAPH	W	2
96BA	5A18	E5A898	娘	CJK UNIFIED IDEOGRAPH	W	2
96BB	51A5	E586A5	冥	CJK UNIFIED IDEOGRAPH	W	2
96BC	540D	E5908D	名	CJK UNIFIED IDEOGRAPH	W	2
96BD	547D	E591BD	命	CJK UNIFIED IDEOGRAPH	W	2
96BE	660E	E6988E	明	CJK UNIFIED IDEOGRAPH	W	2
96BF	76DF	E79B9F	盟	CJK UNIFIED IDEOGRAPH	W	2
96C0	8FF7	E8BFB7	迷	CJK UNIFIED IDEOGRAPH	W	2
96C1	9298	E98A98	銘	CJK UNIFIED IDEOGRAPH	W	2
96C2	9CF4	E9B3B4	鳴	CJK UNIFIED IDEOGRAPH	W	2
96C3	59EA	E5A7AA	姪	CJK UNIFIED IDEOGRAPH	W	2
96C4	725D	E7899D	牝	CJK UNIFIED IDEOGRAPH	W	2
96C5	6EC5	E6BB85	滅	CJK UNIFIED IDEOGRAPH	W	2
96C6	514D	E5858D	免	CJK UNIFIED IDEOGRAPH	W	2
96C7	68C9	E6A389	棉	CJK UNIFIED IDEOGRAPH	W	2
96C8	7DBF	E7B6BF	綿	CJK UNIFIED IDEOGRAPH	W	2
96C9	7DEC	E7B7AC	緬	CJK UNIFIED IDEOGRAPH	W	2
96CA	9762	E99DA2	面	CJK UNIFIED IDEOGRAPH	W	2
96CB	9EBA	E9BABA	麺	CJK UNIFIED IDEOGRAPH	W	2
96CC	6478	E691B8	摸	CJK UNIFIED IDEOGRAPH	W	2
96CD	6A21	E6A8A1	模	CJK UNIFIED IDEOGRAPH	W	2
96CE	8302	E88C82	茂	CJK UNIFIED IDEOGRAPH	W	2
96CF	5984	E5A684	妄	CJK UNIFIED IDEOGRAPH	W	2
96D0	5B5F	E5AD9F	孟	CJK UNIFIED IDEOGRAPH	W	2
96D1	6BDB	E6AF9B	毛	CJK UNIFIED IDEOGRAPH	W	2
96D2	731B	E78C9B	猛	CJK UNIFIED IDEOGRAPH	W	2
96D3	76F2	E79BB2	盲	CJK UNIFIED IDEOGRAPH	W	2
96D4	7DB2	E7B6B2	網	CJK UNIFIED IDEOGRAPH	W	2
96D5	8017	E88097	耗	CJK UNIFIED IDEOGRAPH	W	2
96D6	8499	E89299	蒙	CJK UNIFIED IDEOGRAPH	W	2
96D7	5132	E584B2	儲	CJK UNIFIED IDEOGRAPH	W	2
96D8	6728	E69CA8	木	CJK UNIFIED IDEOGRAPH	W	2
96D9	9ED9	E9BB99	黙	CJK UNIFIED IDEOGRAPH	W	2
96DA	76EE	E79BAE	目	CJK UNIFIED IDEOGRAPH	W	2
96DB	6762	E69DA2	杢	CJK UNIFIED IDEOGRAPH	W	2
96DC	52FF	E58BBF	勿	CJK UNIFIED IDEOGRAPH	W	2
96DD	9905	E9A485	餅	CJK UNIFIED IDEOGRAPH	W	2
96DE	5C24	E5B0A4	尤	CJK UNIFIED IDEOGRAPH	W	2
96DF	623B	E688BB	戻	CJK UNIFIED IDEOGRAPH	W	2
96E0	7C7E	E7B1BE	籾	CJK UNIFIED IDEOGRAPH	W	2
96E1	8CB0	E8B2B0	貰	CJK UNIFIED IDEOGRAPH	W	2
96E2	554F	E5958F	問	CJK UNIFIED IDEOGRAPH	W	2
96E3	60B6	E682B6	悶	CJK UNIFIED IDEOGRAPH	W	2
96E4	7D0B	E7B48B	紋	CJK UNIFIED IDEOGRAPH	W	2
96E5	9580	E99680	門	CJK UNIFIED IDEOGRAPH	W	2
96E6	5301	E58C81	匁	CJK UNIFIED IDEOGRAPH	W	2
96E7	4E5F	E4B99F	也	CJK UNIFIED IDEOGRAPH	W	2
96E8	51B6	E586B6	冶	CJK UNIFIED IDEOGRAPH	W	2
96E9	591C	E5A49C	夜	CJK UNIFIED IDEOGRAPH	W	2
96EA	723A	E788BA	爺	CJK UNIFIED IDEOGRAPH	W	2
96EB	8036	E880B6	耶	CJK UNIFIED IDEOGRAPH	W	2
96EC	91CE	E9878E	野	CJK UNIFIED IDEOGRAPH	W	2
96ED	5F25	E5BCA5	弥	CJK UNIFIED IDEOGRAPH	W	2
96EE	77E2	E79FA2	矢	CJK UNIFIED IDEOGRAPH	W	2
96EF	5384	E58E84	厄	CJK UNIFIED IDEOGRAPH	W	2
96F0	5F79	E5BDB9	役	CJK UNIFIED IDEOGRAPH	W	2
96F1	7D04	E7B484	約	CJK UNIFIED IDEOGRAPH	W	2
96F2	85AC	E896AC	薬	CJK UNIFIED IDEOGRAPH	W	2
96F3	8A33	E8A8B3	訳	CJK UNIFIED IDEOGRAPH	W	2
96F4	8E8D	E8BA8D	躍	CJK UNIFIED IDEOGRAPH	W	2
96F5	9756	E99D96	靖	CJK UNIFIED IDEOGRAPH	W	2
96F6	67F3	E69FB3	柳	CJK UNIFIED IDEOGRAPH	W	2
96F7	85AE	E896AE	薮	CJK UNIFIED IDEOGRAPH	W	2
96F8	9453	E99193	鑓	CJK UNIFIED IDEOGRAPH	W	2
96F9	6109	E68489	愉	CJK UNIFIED IDEOGRAPH	W	2
96FA	6108	E68488	愈	CJK UNIFIED IDEOGRAPH	W	2
96FB	6CB9	E6B2B9	油	CJK UNIFIED IDEOGRAPH	W	2
96FC	7652	E79992	癒	CJK UNIFIED IDEOGRAPH	W	2
9740	8AED	E8ABAD	諭	CJK UNIFIED IDEOGRAPH	W	2
9741	8F38	E8BCB8	輸	CJK UNIFIED IDEOGRAPH	W	2
9742	552F	E594AF	唯	CJK UNIFIED IDEOGRAPH	W	2
9743	4F51	E4BD91	佑	CJK UNIFIED IDEOGRAPH	W	2
9744	512A	E584AA	優	CJK UNIFIED IDEOGRAPH	W	2
9745	52C7	E58B87	勇	CJK UNIFIED IDEOGRAPH	W	2
9746	53CB	E58F8B	友	CJK UNIFIED IDEOGRAPH	W	2
9747	5BA5	E5AEA5	宥	CJK UNIFIED IDEOGRAPH	W	2
9748	5E7D	E5B9BD	幽	CJK UNIFIED IDEOGRAPH	W	2
9749	60A0	E682A0	悠	CJK UNIFIED IDEOGRAPH	W	2
974A	6182	E68682	憂	CJK UNIFIED IDEOGRAPH	W	2
974B	63D6	E68F96	揖	CJK UNIFIED IDEOGRAPH	W	2
974C	6709	E69C89	有	CJK UNIFIED IDEOGRAPH	W	2
974D	67DA	E69F9A	柚	CJK UNIFIED IDEOGRAPH	W	2
974E	6E67	E6B9A7	湧	CJK UNIFIED IDEOGRAPH	W	2
974F	6D8C	E6B68C	涌	CJK UNIFIED IDEOGRAPH	W	2
9750	7336	E78CB6	猶	CJK UNIFIED IDEOGRAPH	W	2
9751	7337	E78CB7	猷	CJK UNIFIED IDEOGRAPH	W	2
9752	7531	E794B1	由	CJK UNIFIED IDEOGRAPH	W	2
9753	7950	E7A590	祐	CJK UNIFIED IDEOGRAPH	W	2
9754	88D5	E8A395	裕	CJK UNIFIED IDEOGRAPH	W	2
9755	8A98	E8AA98	誘	CJK UNIFIED IDEOGRAPH	W	2
9756	904A	E9818A	遊	CJK UNIFIED IDEOGRAPH	W	2
9757	9091	E98291	邑	CJK UNIFIED IDEOGRAPH	W	2
9758	90F5	E983B5	郵	CJK UNIFIED IDEOGRAPH	W	2
9759	96C4	E99B84	雄	CJK UNIFIED IDEOGRAPH	W	2
975A	878D	E89E8D	融	CJK UNIFIED IDEOGRAPH	W	2
975B	5915	E5A495	夕	CJK UNIFIED IDEOGRAPH	W	2
975C	4E88	E4BA88	予	CJK UNIFIED IDEOGRAPH	W	2
975D	4F59	E4BD99	余	CJK UNIFIED IDEOGRAPH	W	2
975E	4E0E	E4B88E	与	CJK UNIFIED IDEOGRAPH	W	2
975F	8A89	E8AA89	誉	CJK UNIFIED IDEOGRAPH	W	2
9760	8F3F	E8BCBF	輿	CJK UNIFIED IDEOGRAPH	W	2
9761	9810	E9A090	預	CJK UNIFIED IDEOGRAPH	W	2
9762	50AD	E582AD	傭	CJK UNIFIED IDEOGRAPH	W	2
9763	5E7C	E5B9BC	幼	CJK UNIFIED IDEOGRAPH	W	2
9764	5996	E5A696	妖	CJK UNIFIED IDEOGRAPH	W	2
9765	5BB9	E5AEB9	容	CJK UNIFIED IDEOGRAPH	W	2
9766	5EB8	E5BAB8	庸	CJK UNIFIED IDEOGRAPH	W	2
9767	63DA	E68F9A	揚	CJK UNIFIED IDEOGRAPH	W	2
9768	63FA	E68FBA	揺	CJK UNIFIED IDEOGRAPH	W	2
9769	64C1	E69381	擁	CJK UNIFIED IDEOGRAPH	W	2
976A	66DC	E69B9C	曜	CJK UNIFIED IDEOGRAPH	W	2
976B	694A	E6A58A	楊	CJK UNIFIED IDEOGRAPH	W	2
976C	69D8	E6A798	様	CJK UNIFIED IDEOGRAPH	W	2
976D	6D0B	E6B48B	洋	CJK UNIFIED IDEOGRAPH	W	2
976E	6EB6	E6BAB6	溶	CJK UNIFIED IDEOGRAPH	W	2
976F	7194	E78694	熔	CJK UNIFIED IDEOGRAPH	W	2
9770	7528	E794A8	用	CJK UNIFIED IDEOGRAPH	W	2
9771	7AAF	E7AAAF	窯	CJK UNIFIED IDEOGRAPH	W	2
9772	7F8A	E7BE8A	羊	CJK UNIFIED IDEOGRAPH	W	2
9773	8000	E88080	耀	CJK UNIFIED IDEOGRAPH	W	2
9774	8449	E89189	葉	CJK UNIFIED IDEOGRAPH	W	2
9775	84C9	E89389	蓉	CJK UNIFIED IDEOGRAPH	W	2
9776	8981	E8A681	要	CJK UNIFIED IDEOGRAPH	W	2
9777	8B21	E8ACA1	謡	CJK UNIFIED IDEOGRAPH	W	2
9778	8E0A	E8B88A	踊	CJK UNIFIED IDEOGRAPH	W	2
9779	9065	E981A5	遥	CJK UNIFIED IDEOGRAPH	W	2
977A	967D	E999BD	陽	CJK UNIFIED IDEOGRAPH	W	2
977B	990A	E9A48A	養	CJK UNIFIED IDEOGRAPH	W	2
977C	617E	E685BE	慾	CJK UNIFIED IDEOGRAPH	W	2
977D	6291	E68A91	抑	CJK UNIFIED IDEOGRAPH	W	2
977E	6B32	E6ACB2	欲	CJK UNIFIED IDEOGRAPH	W	2
9780	6C83	E6B283	沃	CJK UNIFIED IDEOGRAPH	W	2
9781	6D74	E6B5B4	浴	CJK UNIFIED IDEOGRAPH	W	2
9782	7FCC	E7BF8C	翌	CJK UNIFIED IDEOGRAPH	W	2
9783	7FFC	E7BFBC	翼	CJK UNIFIED IDEOGRAPH	W	2
9784	6DC0	E6B780	淀	CJK UNIFIED IDEOGRAPH	W	2
9785	7F85	E7BE85	羅	CJK UNIFIED IDEOGRAPH	W	2
9786	87BA	E89EBA	螺	CJK UNIFIED IDEOGRAPH	W	2
9787	88F8	E8A3B8	裸	CJK UNIFIED IDEOGRAPH	W	2
9788	6765	E69DA5	来	CJK UNIFIED IDEOGRAPH	W	2
9789	83B1	E88EB1	莱	CJK UNIFIED IDEOGRAPH	W	2
978A	983C	E9A0BC	頼	CJK UNIFIED IDEOGRAPH	W	2
978B	96F7	E99BB7	雷	CJK UNIFIED IDEOGRAPH	W	2
978C	6D1B	E6B49B	洛	CJK UNIFIED IDEOGRAPH	W	2
978D	7D61	E7B5A1	絡	CJK UNIFIED IDEOGRAPH	W	2
978E	843D	E890BD	落	CJK UNIFIED IDEOGRAPH	W	2
978F	916A	E985AA	酪	CJK UNIFIED IDEOGRAPH	W	2
9790	4E71	E4B9B1	乱	CJK UNIFIED IDEOGRAPH	W	2
9791	5375	E58DB5	卵	CJK UNIFIED IDEOGRAPH	W	2
9792	5D50	E5B590	嵐	CJK UNIFIED IDEOGRAPH	W	2
9793	6B04	E6AC84	欄	CJK UNIFIED IDEOGRAPH	W	2
9794	6FEB	E6BFAB	濫	CJK UNIFIED IDEOGRAPH	W	2
9795	85CD	E8978D	藍	CJK UNIFIED IDEOGRAPH	W	2
9796	862D	E898AD	蘭	CJK UNIFIED IDEOGRAPH	W	2
9797	89A7	E8A6A7	覧	CJK UNIFIED IDEOGRAPH	W	2
9798	5229	E588A9	利	CJK UNIFIED IDEOGRAPH	W	2
9799	540F	E5908F	吏	CJK UNIFIED IDEOGRAPH	W	2
979A	5C65	E5B1A5	履	CJK UNIFIED IDEOGRAPH	W	2
979B	674E	E69D8E	李	CJK UNIFIED IDEOGRAPH	W	2
979C	68A8	E6A2A8	梨	CJK UNIFIED IDEOGRAPH	W	2
979D	7406	E79086	理	CJK UNIFIED IDEOGRAPH	W	2
979E	7483	E79283	璃	CJK UNIFIED IDEOGRAPH	W	2
979F	75E2	E797A2	痢	CJK UNIFIED IDEOGRAPH	W	2
97A0	88CF	E8A38F	裏	CJK UNIFIED IDEOGRAPH	W	2
97A1	88E1	E8A3A1	裡	CJK UNIFIED IDEOGRAPH	W	2
97A2	91CC	E9878C	里	CJK UNIFIED IDEOGRAPH	W	2
97A3	96E2	E99BA2	離	CJK UNIFIED IDEOGRAPH	W	2
97A4	9678	E999B8	陸	CJK UNIFIED IDEOGRAPH	W	2
97A5	5F8B	E5BE8B	律	CJK UNIFIED IDEOGRAPH	W	2
97A6	7387	E78E87	率	CJK UNIFIED IDEOGRAPH	W	2
97A7	7ACB	E7AB8B	立	CJK UNIFIED IDEOGRAPH	W	2
97A8	844E	E8918E	葎	CJK UNIFIED IDEOGRAPH	W	2
97A9	63A0	E68EA0	掠	CJK UNIFIED IDEOGRAPH	W	2
97AA	7565	E795A5	略	CJK UNIFIED IDEOGRAPH	W	2
97AB	5289	E58A89	劉	CJK UNIFIED IDEOGRAPH	W	2
97AC	6D41	E6B581	流	CJK UNIFIED IDEOGRAPH	W	2
97AD	6E9C	E6BA9C	溜	CJK UNIFIED IDEOGRAPH	W	2
97AE	7409	E79089	琉	CJK UNIFIED IDEOGRAPH	W	2
97AF	7559	E79599	留	CJK UNIFIED IDEOGRAPH	W	2
97B0	786B	E7A1AB	硫	CJK UNIFIED IDEOGRAPH	W	2
97B1	7C92	E7B292	粒	CJK UNIFIED IDEOGRAPH	W	2
97B2	9686	E99A86	隆	CJK UNIFIED IDEOGRAPH	W	2
97B3	7ADC	E7AB9C	竜	CJK UNIFIED IDEOGRAPH	W	2
97B4	9F8D	E9BE8D	龍	CJK UNIFIED IDEOGRAPH	W	2
97B5	4FB6	E4BEB6	侶	CJK UNIFIED IDEOGRAPH	W	2
97B6	616E	E685AE	慮	CJK UNIFIED IDEOGRAPH	W	2
97B7	65C5	E69785	旅	CJK UNIFIED IDEOGRAPH	W	2
97B8	865C	E8999C	虜	CJK UNIFIED IDEOGRAPH	W	2
97B9	4E86	E4BA86	了	CJK UNIFIED IDEOGRAPH	W	2
97BA	4EAE	E4BAAE	亮	CJK UNIFIED IDEOGRAPH	W	2
97BB	50DA	E5839A	僚	CJK UNIFIED IDEOGRAPH	W	2
97BC	4E21	E4B8A1	両	CJK UNIFIED IDEOGRAPH	W	2
97BD	51CC	E5878C	凌	CJK UNIFIED IDEOGRAPH	W	2
97BE	5BEE	E5AFAE	寮	CJK UNIFIED IDEOGRAPH	W	2
97BF	6599	E69699	料	CJK UNIFIED IDEOGRAPH	W	2
97C0	6881	E6A281	梁	CJK UNIFIED IDEOGRAPH	W	2
97C1	6DBC	E6B6BC	涼	CJK UNIFIED IDEOGRAPH	W	2
97C2	731F	E78C9F	猟	CJK UNIFIED IDEOGRAPH	W	2
97C3	7642	E79982	療	CJK UNIFIED IDEOGRAPH	W	2
97C4	77AD	E79EAD	瞭	CJK UNIFIED IDEOGRAPH	W	2
97C5	7A1C	E7A89C	稜	CJK UNIFIED IDEOGRAPH	W	2
97C6	7CE7	E7B3A7	糧	CJK UNIFIED IDEOGRAPH	W	2
97C7	826F	E889AF	良	CJK UNIFIED IDEOGRAPH	W	2
97C8	8AD2	E8AB92	諒	CJK UNIFIED IDEOGRAPH	W	2
97C9	907C	E981BC	遼	CJK UNIFIED IDEOGRAPH	W	2
97CA	91CF	E9878F	量	CJK UNIFIED IDEOGRAPH	W	2
97CB	9675	E999B5	陵	CJK UNIFIED IDEOGRAPH	W	2
97CC	9818	E9A098	領	CJK UNIFIED IDEOGRAPH	W	2
97CD	529B	E58A9B	力	CJK UNIFIED IDEOGRAPH	W	2
97CE	7DD1	E7B791	緑	CJK UNIFIED IDEOGRAPH	W	2
97CF	502B	E580AB	倫	CJK UNIFIED IDEOGRAPH	W	2
97D0	5398	E58E98	厘	CJK UNIFIED IDEOGRAPH	W	2
97D1	6797	E69E97	林	CJK UNIFIED IDEOGRAPH	W	2
97D2	6DCB	E6B78B	淋	CJK UNIFIED IDEOGRAPH	W	2
97D3	71D0	E78790	燐	CJK UNIFIED IDEOGRAPH	W	2
97D4	7433	E790B3	琳	CJK UNIFIED IDEOGRAPH	W	2
97D5	81E8	E887A8	臨	CJK UNIFIED IDEOGRAPH	W	2
97D6	8F2A	E8BCAA	輪	CJK UNIFIED IDEOGRAPH	W	2
97D7	96A3	E99AA3	隣	CJK UNIFIED IDEOGRAPH	W	2
97D8	9C57	E9B197	鱗	CJK UNIFIED IDEOGRAPH	W	2
97D9	9E9F	E9BA9F	麟	CJK UNIFIED IDEOGRAPH	W	2
97DA	7460	E791A0	瑠	CJK UNIFIED IDEOGRAPH	W	2
97DB	5841	E5A181	塁	CJK UNIFIED IDEOGRAPH	W	2
97DC	6D99	E6B699	涙	CJK UNIFIED IDEOGRAPH	W	2
97DD	7D2F	E7B4AF	累	CJK UNIFIED IDEOGRAPH	W	2
97DE	985E	E9A19E	類	CJK UNIFIED IDEOGRAPH	W	2
97DF	4EE4	E4BBA4	令	CJK UNIFIED IDEOGRAPH	W	2
97E0	4F36	E4BCB6	伶	CJK UNIFIED IDEOGRAPH	W	2
97E1	4F8B	E4BE8B	例	CJK UNIFIED IDEOGRAPH	W	2
97E2	51B7	E586B7	冷	CJK UNIFIED IDEOGRAPH	W	2
97E3	52B1	E58AB1	励	CJK UNIFIED IDEOGRAPH	W	2
97E4	5DBA	E5B6BA	嶺	CJK UNIFIED IDEOGRAPH	W	2
97E5	601C	E6809C	怜	CJK UNIFIED IDEOGRAPH	W	2
97E6	73B2	E78EB2	玲	CJK UNIFIED IDEOGRAPH	W	2
97E7	793C	E7A4BC	礼	CJK UNIFIED IDEOGRAPH	W	2
97E8	82D3	E88B93	苓	CJK UNIFIED IDEOGRAPH	W	2
97E9	9234	E988B4	鈴	CJK UNIFIED IDEOGRAPH	W	2
97EA	96B7	E99AB7	隷	CJK UNIFIED IDEOGRAPH	W	2
97EB	96F6	E99BB6	零	CJK UNIFIED IDEOGRAPH	W	2
97EC	970A	E99C8A	霊	CJK UNIFIED IDEOGRAPH	W	2
97ED	9E97	E9BA97	麗	CJK UNIFIED IDEOGRAPH	W	2
97EE	9F62	E9BDA2	齢	CJK UNIFIED IDEOGRAPH	W	2
97EF	66A6	E69AA6	暦	CJK UNIFIED IDEOGRAPH	W	2
97F0	6B74	E6ADB4	歴	CJK UNIFIED IDEOGRAPH	W	2
97F1	5217	E58897	列	CJK UNIFIED IDEOGRAPH	W	2
97F2	52A3	E58AA3	劣	CJK UNIFIED IDEOGRAPH	W	2
97F3	70C8	E78388	烈	CJK UNIFIED IDEOGRAPH	W	2
97F4	88C2	E8A382	裂	CJK UNIFIED IDEOGRAPH	W	2
97F5	5EC9	E5BB89	廉	CJK UNIFIED IDEOGRAPH	W	2
97F6	604B	E6818B	恋	CJK UNIFIED IDEOGRAPH	W	2
97F7	6190	E68690	憐	CJK UNIFIED IDEOGRAPH	W	2
97F8	6F23	E6BCA3	漣	CJK UNIFIED IDEOGRAPH	W	2
97F9	7149	E78589	煉	CJK UNIFIED IDEOGRAPH	W	2
97FA	7C3E	E7B0BE	簾	CJK UNIFIED IDEOGRAPH	W	2
97FB	7DF4	E7B7B4	練	CJK UNIFIED IDEOGRAPH	W	2
97FC	806F	E881AF	聯	CJK UNIFIED IDEOGRAPH	W	2
9840	84EE	E893AE	蓮	CJK UNIFIED IDEOGRAPH	W	2
9841	9023	E980A3	連	CJK UNIFIED IDEOGRAPH	W	2
9842	932C	E98CAC	錬	CJK UNIFIED IDEOGRAPH	W	2
9843	5442	E59182	呂	CJK UNIFIED IDEOGRAPH	W	2
9844	9B6F	E9ADAF	魯	CJK UNIFIED IDEOGRAPH	W	2
9845	6AD3	E6AB93	櫓	CJK UNIFIED IDEOGRAPH	W	2
9846	7089	E78289	炉	CJK UNIFIED IDEOGRAPH	W	2
9847	8CC2	E8B382	賂	CJK UNIFIED IDEOGRAPH	W	2
9848	8DEF	E8B7AF	路	CJK UNIFIED IDEOGRAPH	W	2
9849	9732	E99CB2	露	CJK UNIFIED IDEOGRAPH	W	2
984A	52B4	E58AB4	労	CJK UNIFIED IDEOGRAPH	W	2
984B	5A41	E5A981	婁	CJK UNIFIED IDEOGRAPH	W	2
984C	5ECA	E5BB8A	廊	CJK UNIFIED IDEOGRAPH	W	2
984D	5F04	E5BC84	弄	CJK UNIFIED IDEOGRAPH	W	2
984E	6717	E69C97	朗	CJK UNIFIED IDEOGRAPH	W	2
984F	697C	E6A5BC	楼	CJK UNIFIED IDEOGRAPH	W	2
9850	6994	E6A694	榔	CJK UNIFIED IDEOGRAPH	W	2
9851	6D6A	E6B5AA	浪	CJK UNIFIED IDEOGRAPH	W	2
9852	6F0F	E6BC8F	漏	CJK UNIFIED IDEOGRAPH	W	2
9853	7262	E789A2	牢	CJK UNIFIED IDEOGRAPH	W	2
9854	72FC	E78BBC	狼	CJK UNIFIED IDEOGRAPH	W	2
9855	7BED	E7AFAD	篭	CJK UNIFIED IDEOGRAPH	W	2
9856	8001	E88081	老	CJK UNIFIED IDEOGRAPH	W	2
9857	807E	E881BE	聾	CJK UNIFIED IDEOGRAPH	W	2
9858	874B	E89D8B	蝋	CJK UNIFIED IDEOGRAPH	W	2
9859	90CE	E9838E	郎	CJK UNIFIED IDEOGRAPH	W	2
985A	516D	E585AD	六	CJK UNIFIED IDEOGRAPH	W	2
985B	9E93	E9BA93	麓	CJK UNIFIED IDEOGRAPH	W	2
985C	7984	E7A684	禄	CJK UNIFIED IDEOGRAPH	W	2
985D	808B	E8828B	肋	CJK UNIFIED IDEOGRAPH	W	2
985E	9332	E98CB2	録	CJK UNIFIED IDEOGRAPH	W	2
985F	8AD6	E8AB96	論	CJK UNIFIED IDEOGRAPH	W	2
9860	502D	E580AD	倭	CJK UNIFIED IDEOGRAPH	W	2
9861	548C	E5928C	和	CJK UNIFIED IDEOGRAPH	W	2
9862	8A71	E8A9B1	話	CJK UNIFIED IDEOGRAPH	W	2
9863	6B6A	E6ADAA	歪	CJK UNIFIED IDEOGRAPH	W	2
9864	8CC4	E8B384	賄	CJK UNIFIED IDEOGRAPH	W	2
9865	8107	E88487	脇	CJK UNIFIED IDEOGRAPH	W	2
9866	60D1	E68391	惑	CJK UNIFIED IDEOGRAPH	W	2
9867	67A0	E69EA0	枠	CJK UNIFIED IDEOGRAPH	W	2
9868	9DF2	E9B7B2	鷲	CJK UNIFIED IDEOGRAPH	W	2
9869	4E99	E4BA99	亙	CJK UNIFIED IDEOGRAPH	W	2
986A	4E98	E4BA98	亘	CJK UNIFIED IDEOGRAPH	W	2
986B	9C10	E9B090	鰐	CJK UNIFIED IDEOGRAPH	W	2
986C	8A6B	E8A9AB	詫	CJK UNIFIED IDEOGRAPH	W	2
986D	85C1	E89781	藁	CJK UNIFIED IDEOGRAPH	W	2
986E	8568	E895A8	蕨	CJK UNIFIED IDEOGRAPH	W	2
986F	6900	E6A480	椀	CJK UNIFIED IDEOGRAPH	W	2
9870	6E7E	E6B9BE	湾	CJK UNIFIED IDEOGRAPH	W	2
9871	7897	E7A297	碗	CJK UNIFIED IDEOGRAPH	W	2
9872	8155	E88595	腕	CJK UNIFIED IDEOGRAPH	W	2
989F	5F0C	E5BC8C	弌	CJK UNIFIED IDEOGRAPH	W	2
98A0	4E10	E4B890	丐	CJK UNIFIED IDEOGRAPH	W	2
98A1	4E15	E4B895	丕	CJK UNIFIED IDEOGRAPH	W	2
98A2	4E2A	E4B8AA	个	CJK UNIFIED IDEOGRAPH	W	2
98A3	4E31	E4B8B1	丱	CJK UNIFIED IDEOGRAPH	W	2
98A4	4E36	E4B8B6	丶	CJK UNIFIED IDEOGRAPH	W	2
98A5	4E3C	E4B8BC	丼	CJK UNIFIED IDEOGRAPH	W	2
98A6	4E3F	E4B8BF	丿	CJK UNIFIED IDEOGRAPH	W	2
98A7	4E42	E4B982	乂	CJK UNIFIED IDEOGRAPH	W	2
98A8	4E56	E4B996	乖	CJK UNIFIED IDEOGRAPH	W	2
98A9	4E58	E4B998	乘	CJK UNIFIED IDEOGRAPH	W	2
98AA	4E82	E4BA82	亂	CJK UNIFIED IDEOGRAPH	W	2
98AB	4E85	E4BA85	亅	CJK UNIFIED IDEOGRAPH	W	2
98AC	8C6B	E8B1AB	豫	CJK UNIFIED IDEOGRAPH	W	2
98AD	4E8A	E4BA8A	亊	CJK UNIFIED IDEOGRAPH	W	2
98AE	8212	E88892	舒	CJK UNIFIED IDEOGRAPH	W	2
98AF	5F0D	E5BC8D	弍	CJK UNIFIED IDEOGRAPH	W	2
98B0	4E8E	E4BA8E	于	CJK UNIFIED IDEOGRAPH	W	2
98B1	4E9E	E4BA9E	亞	CJK UNIFIED IDEOGRAPH	W	2
98B2	4E9F	E4BA9F	亟	CJK UNIFIED IDEOGRAPH	W	2
98B3	4EA0	E4BAA0	亠	CJK UNIFIED IDEOGRAPH	W	2
98B4	4EA2	E4BAA2	亢	CJK UNIFIED IDEOGRAPH	W	2
98B5	4EB0	E4BAB0	亰	CJK UNIFIED IDEOGRAPH	W	2
98B6	4EB3	E4BAB3	亳	CJK UNIFIED IDEOGRAPH	W	2
98B7	4EB6	E4BAB6	亶	CJK UNIFIED IDEOGRAPH	W	2
98B8	4ECE	E4BB8E	从	CJK UNIFIED IDEOGRAPH	W	2
98B9	4ECD	E4BB8D	仍	CJK UNIFIED IDEOGRAPH	W	2
98BA	4EC4	E4BB84	仄	CJK UNIFIED IDEOGRAPH	W	2
98BB	4EC6	E4BB86	仆	CJK UNIFIED IDEOGRAPH	W	2
98BC	4EC2	E4BB82	仂	CJK UNIFIED IDEOGRAPH	W	2
98BD	4ED7	E4BB97	仗	CJK UNIFIED IDEOGRAPH	W	2
98BE	4EDE	E4BB9E	仞	CJK UNIFIED IDEOGRAPH	W	2
98BF	4EED	E4BBAD	仭	CJK UNIFIED IDEOGRAPH	W	2
98C0	4EDF	E4BB9F	仟	CJK UNIFIED IDEOGRAPH	W	2
98C1	4EF7	E4BBB7	价	CJK UNIFIED IDEOGRAPH	W	2
98C2	4F09	E4BC89	伉	CJK UNIFIED IDEOGRAPH	W	2
98C3	4F5A	E4BD9A	佚	CJK UNIFIED IDEOGRAPH	W	2
98C4	4F30	E4BCB0	估	CJK UNIFIED IDEOGRAPH	W	2
98C5	4F5B	E4BD9B	佛	CJK UNIFIED IDEOGRAPH	W	2
98C6	4F5D	E4BD9D	佝	CJK UNIFIED IDEOGRAPH	W	2
98C7	4F57	E4BD97	佗	CJK UNIFIED IDEOGRAPH	W	2
98C8	4F47	E4BD87	佇	CJK UNIFIED IDEOGRAPH	W	2
98C9	4F76	E4BDB6	佶	CJK UNIFIED IDEOGRAPH	W	2
98CA	4F88	E4BE88	侈	CJK UNIFIED IDEOGRAPH	W	2
98CB	4F8F	E4BE8F	侏	CJK UNIFIED IDEOGRAPH	W	2
98CC	4F98	E4BE98	侘	CJK UNIFIED IDEOGRAPH	W	2
98CD	4F7B	E4BDBB	佻	CJK UNIFIED IDEOGRAPH	W	2
98CE	4F69	E4BDA9	佩	CJK UNIFIED IDEOGRAPH	W	2
98CF	4F70	E4BDB0	佰	CJK UNIFIED IDEOGRAPH	W	2
98D0	4F91	E4BE91	侑	CJK UNIFIED IDEOGRAPH	W	2
98D1	4F6F	E4BDAF	佯	CJK UNIFIED IDEOGRAPH	W	2
98D2	4F86	E4BE86	來	CJK UNIFIED IDEOGRAPH	W	2
98D3	4F96	E4BE96	侖	CJK UNIFIED IDEOGRAPH	W	2
98D4	5118	E58498	儘	CJK UNIFIED IDEOGRAPH	W	2
98D5	4FD4	E4BF94	俔	CJK UNIFIED IDEOGRAPH	W	2
98D6	4FDF	E4BF9F	俟	CJK UNIFIED IDEOGRAPH	W	2
98D7	4FCE	E4BF8E	俎	CJK UNIFIED IDEOGRAPH	W	2
98D8	4FD8	E4BF98	俘	CJK UNIFIED IDEOGRAPH	W	2
98D9	4FDB	E4BF9B	俛	CJK UNIFIED IDEOGRAPH	W	2
98DA	4FD1	E4BF91	俑	CJK UNIFIED IDEOGRAPH	W	2
98DB	4FDA	E4BF9A	俚	CJK UNIFIED IDEOGRAPH	W	2
98DC	4FD0	E4BF90	俐	CJK UNIFIED IDEOGRAPH	W	2
98DD	4FE4	E4BFA4	俤	CJK UNIFIED IDEOGRAPH	W	2
98DE	4FE5	E4BFA5	俥	CJK UNIFIED IDEOGRAPH	W	2
98DF	501A	E5809A	倚	CJK UNIFIED IDEOGRAPH	W	2
98E0	5028	E580A8	倨	CJK UNIFIED IDEOGRAPH	W	2
98E1	5014	E58094	倔	CJK UNIFIED IDEOGRAPH	W	2
98E2	502A	E580AA	倪	CJK UNIFIED IDEOGRAPH	W	2
98E3	5025	E580A5	倥	CJK UNIFIED IDEOGRAPH	W	2
98E4	5005	E58085	倅	CJK UNIFIED IDEOGRAPH	W	2
98E5	4F1C	E4BC9C	伜	CJK UNIFIED IDEOGRAPH	W	2
98E6	4FF6	E4BFB6	俶	CJK UNIFIED IDEOGRAPH	W	2
98E7	5021	E580A1	倡	CJK UNIFIED IDEOGRAPH	W	2
98E8	5029	E580A9	倩	CJK UNIFIED IDEOGRAPH	W	2
98E9	502C	E580AC	倬	CJK UNIFIED IDEOGRAPH	W	2
98EA	4FFE	E4BFBE	俾	CJK UNIFIED IDEOGRAPH	W	2
98EB	4FEF	E4BFAF	俯	CJK UNIFIED IDEOGRAPH	W	2
98EC	5011	E58091	們	CJK UNIFIED IDEOGRAPH	W	2
98ED	5006	E58086	倆	CJK UNIFIED IDEOGRAPH	W	2
98EE	5043	E58183	偃	CJK UNIFIED IDEOGRAPH	W	2
98EF	5047	E58187	假	CJK UNIFIED IDEOGRAPH	W	2
98F0	6703	E69C83	會	CJK UNIFIED IDEOGRAPH	W	2
98F1	5055	E58195	偕	CJK UNIFIED IDEOGRAPH	W	2
98F2	5050	E58190	偐	CJK UNIFIED IDEOGRAPH	W	2
98F3	5048	E58188	偈	CJK UNIFIED IDEOGRAPH	W	2
98F4	505A	E5819A	做	CJK UNIFIED IDEOGRAPH	W	2
98F5	5056	E58196	偖	CJK UNIFIED IDEOGRAPH	W	2
98F6	506C	E581AC	偬	CJK UNIFIED IDEOGRAPH	W	2
98F7	5078	E581B8	偸	CJK UNIFIED IDEOGRAPH	W	2
98F8	5080	E58280	傀	CJK UNIFIED IDEOGRAPH	W	2
98F9	509A	E5829A	傚	CJK UNIFIED IDEOGRAPH	W	2
98FA	5085	E58285	傅	CJK UNIFIED IDEOGRAPH	W	2
98FB	50B4	E582B4	傴	CJK UNIFIED IDEOGRAPH	W	2
98FC	50B2	E582B2	傲	CJK UNIFIED IDEOGRAPH	W	2
9940	50C9	E58389	僉	CJK UNIFIED IDEOGRAPH	W	2
9941	50CA	E5838A	僊	CJK UNIFIED IDEOGRAPH	W	2
9942	50B3	E582B3	傳	CJK UNIFIED IDEOGRAPH	W	2
9943	50C2	E58382	僂	CJK UNIFIED IDEOGRAPH	W	2
9944	50D6	E58396	僖	CJK UNIFIED IDEOGRAPH	W	2
9945	50DE	E5839E	僞	CJK UNIFIED IDEOGRAPH	W	2
9946	50E5	E583A5	僥	CJK UNIFIED IDEOGRAPH	W	2
9947	50ED	E583AD	僭	CJK UNIFIED IDEOGRAPH	W	2
9948	50E3	E583A3	僣	CJK UNIFIED IDEOGRAPH	W	2
9949	50EE	E583AE	僮	CJK UNIFIED IDEOGRAPH	W	2
994A	50F9	E583B9	價	CJK UNIFIED IDEOGRAPH	W	2
994B	50F5	E583B5	僵	CJK UNIFIED IDEOGRAPH	W	2
994C	5109	E58489	儉	CJK UNIFIED IDEOGRAPH	W	2
994D	5101	E58481	儁	CJK UNIFIED IDEOGRAPH	W	2
994E	5102	E58482	儂	CJK UNIFIED IDEOGRAPH	W	2
994F	5116	E58496	儖	CJK UNIFIED IDEOGRAPH	W	2
9950	5115	E58495	儕	CJK UNIFIED IDEOGRAPH	W	2
9951	5114	E58494	儔	CJK UNIFIED IDEOGRAPH	W	2
9952	511A	E5849A	儚	CJK UNIFIED IDEOGRAPH	W	2
9953	5121	E584A1	儡	CJK UNIFIED IDEOGRAPH	W	2
9954	513A	E584BA	儺	CJK UNIFIED IDEOGRAPH	W	2
9955	5137	E584B7	儷	CJK UNIFIED IDEOGRAPH	W	2
9956	513C	E584BC	儼	CJK UNIFIED IDEOGRAPH	W	2
9957	513B	E584BB	儻	CJK UNIFIED IDEOGRAPH	W	2
9958	513F	E584BF	儿	CJK UNIFIED IDEOGRAPH	W	2
9959	5140	E58580	兀	CJK UNIFIED IDEOGRAPH	W	2
995A	5152	E58592	兒	CJK UNIFIED IDEOGRAPH	W	2
995B	514C	E5858C	兌	CJK UNIFIED IDEOGRAPH	W	2
995C	5154	E58594	兔	CJK UNIFIED IDEOGRAPH	W	2
995D	5162	E585A2	兢	CJK UNIFIED IDEOGRAPH	W	2
995E	7AF8	E7ABB8	竸	CJK UNIFIED IDEOGRAPH	W	2
995F	5169	E585A9	兩	CJK UNIFIED IDEOGRAPH	W	2
9960	516A	E585AA	兪	CJK UNIFIED IDEOGRAPH	W	2
9961	516E	E585AE	兮	CJK UNIFIED IDEOGRAPH	W	2
9962	5180	E58680	冀	CJK UNIFIED IDEOGRAPH	W	2
9963	5182	E58682	冂	CJK UNIFIED IDEOGRAPH	W	2
9964	56D8	E59B98	囘	CJK UNIFIED IDEOGRAPH	W	2
9965	518C	E5868C	册	CJK UNIFIED IDEOGRAPH	W	2
9966	5189	E58689	冉	CJK UNIFIED IDEOGRAPH	W	2
9967	518F	E5868F	冏	CJK UNIFIED IDEOGRAPH	W	2
9968	5191	E58691	冑	CJK UNIFIED IDEOGRAPH	W	2
9969	5193	E58693	冓	CJK UNIFIED IDEOGRAPH	W	2
996A	5195	E58695	冕	CJK UNIFIED IDEOGRAPH	W	2
996B	5196	E58696	冖	CJK UNIFIED IDEOGRAPH	W	2
996C	51A4	E586A4	冤	CJK UNIFIED IDEOGRAPH	W	2
996D	51A6	E586A6	冦	CJK UNIFIED IDEOGRAPH	W	2
996E	51A2	E586A2	冢	CJK UNIFIED IDEOGRAPH	W	2
996F	51A9	E586A9	冩	CJK UNIFIED IDEOGRAPH	W	2
9970	51AA	E586AA	冪	CJK UNIFIED IDEOGRAPH	W	2
9971	51AB	E586AB	冫	CJK UNIFIED IDEOGRAPH	W	2
9972	51B3	E586B3	决	CJK UNIFIED IDEOGRAPH	W	2
9973	51B1	E586B1	冱	CJK UNIFIED IDEOGRAPH	W	2
9974	51B2	E586B2	冲	CJK UNIFIED IDEOGRAPH	W	2
9975	51B0	E586B0	冰	CJK UNIFIED IDEOGRAPH	W	2
9976	51B5	E586B5	况	CJK UNIFIED IDEOGRAPH	W	2
9977	51BD	E586BD	冽	CJK UNIFIED IDEOGRAPH	W	2
9978	51C5	E58785	凅	CJK UNIFIED IDEOGRAPH	W	2
9979	51C9	E58789	凉	CJK UNIFIED IDEOGRAPH	W	2
997A	51DB	E5879B	凛	CJK UNIFIED IDEOGRAPH	W	2
997B	51E0	E587A0	几	CJK UNIFIED IDEOGRAPH	W	2
997C	8655	E89995	處	CJK UNIFIED IDEOGRAPH	W	2
997D	51E9	E587A9	凩	CJK UNIFIED IDEOGRAPH	W	2
997E	51ED	E587AD	凭	CJK UNIFIED IDEOGRAPH	W	2
9980	51F0	E587B0	凰	CJK UNIFIED IDEOGRAPH	W	2
9981	51F5	E587B5	凵	CJK UNIFIED IDEOGRAPH	W	2
9982	51FE	E587BE	凾	CJK UNIFIED IDEOGRAPH	W	2
9983	5204	E58884	刄	CJK UNIFIED IDEOGRAPH	W	2
9984	520B	E5888B	刋	CJK UNIFIED IDEOGRAPH	W	2
9985	5214	E58894	刔	CJK UNIFIED IDEOGRAPH	W	2
9986	520E	E5888E	刎	CJK UNIFIED IDEOGRAPH	W	2
9987	5227	E588A7	刧	CJK UNIFIED IDEOGRAPH	W	2
9988	522A	E588AA	刪	CJK UNIFIED IDEOGRAPH	W	2
9989	522E	E588AE	刮	CJK UNIFIED IDEOGRAPH	W	2
998A	5233	E588B3	刳	CJK UNIFIED IDEOGRAPH	W	2
998B	5239	E588B9	刹	CJK UNIFIED IDEOGRAPH	W	2
998C	524F	E5898F	剏	CJK UNIFIED IDEOGRAPH	W	2
998D	5244	E58984	剄	CJK UNIFIED IDEOGRAPH	W	2
998E	524B	E5898B	剋	CJK UNIFIED IDEOGRAPH	W	2
998F	524C	E5898C	剌	CJK UNIFIED IDEOGRAPH	W	2
9990	525E	E5899E	剞	CJK UNIFIED IDEOGRAPH	W	2
9991	5254	E58994	剔	CJK UNIFIED IDEOGRAPH	W	2
9992	526A	E589AA	剪	CJK UNIFIED IDEOGRAPH	W	2
9993	5274	E589B4	剴	CJK UNIFIED IDEOGRAPH	W	2
9994	5269	E589A9	剩	CJK UNIFIED IDEOGRAPH	W	2
9995	5273	E589B3	剳	CJK UNIFIED IDEOGRAPH	W	2
9996	527F	E589BF	剿	CJK UNIFIED IDEOGRAPH	W	2
9997	527D	E589BD	剽	CJK UNIFIED IDEOGRAPH	W	2
9998	528D	E58A8D	劍	CJK UNIFIED IDEOGRAPH	W	2
9999	5294	E58A94	劔	CJK UNIFIED IDEOGRAPH	W	2
999A	5292	E58A92	劒	CJK UNIFIED IDEOGRAPH	W	2
999B	5271	E589B1	剱	CJK UNIFIED IDEOGRAPH	W	2
999C	5288	E58A88	劈	CJK UNIFIED IDEOGRAPH	W	2
999D	5291	E58A91	劑	CJK UNIFIED IDEOGRAPH	W	2
999E	8FA8	E8BEA8	辨	CJK UNIFIED IDEOGRAPH	W	2
999F	8FA7	E8BEA7	辧	CJK UNIFIED IDEOGRAPH	W	2
99A0	52AC	E58AAC	劬	CJK UNIFIED IDEOGRAPH	W	2
99A1	52AD	E58AAD	劭	CJK UNIFIED IDEOGRAPH	W	2
99A2	52BC	E58ABC	劼	CJK UNIFIED IDEOGRAPH	W	2
99A3	52B5	E58AB5	劵	CJK UNIFIED IDEOGRAPH	W	2
99A4	52C1	E58B81	勁	CJK UNIFIED IDEOGRAPH	W	2
99A5	52CD	E58B8D	勍	CJK UNIFIED IDEOGRAPH	W	2
99A6	52D7	E58B97	勗	CJK UNIFIED IDEOGRAPH	W	2
99A7	52DE	E58B9E	勞	CJK UNIFIED IDEOGRAPH	W	2
99A8	52E3	E58BA3	勣	CJK UNIFIED IDEOGRAPH	W	2
99A9	52E6	E58BA6	勦	CJK UNIFIED IDEOGRAPH	W	2
99AA	98ED	E9A3AD	飭	CJK UNIFIED IDEOGRAPH	W	2
99AB	52E0	E58BA0	勠	CJK UNIFIED IDEOGRAPH	W	2
99AC	52F3	E58BB3	勳	CJK UNIFIED IDEOGRAPH	W	2
99AD	52F5	E58BB5	勵	CJK UNIFIED IDEOGRAPH	W	2
99AE	52F8	E58BB8	勸	CJK UNIFIED IDEOGRAPH	W	2
99AF	52F9	E58BB9	勹	CJK UNIFIED IDEOGRAPH	W	2
99B0	5306	E58C86	匆	CJK UNIFIED IDEOGRAPH	W	2
99B1	5308	E58C88	匈	CJK UNIFIED IDEOGRAPH	W	2
99B2	7538	E794B8	甸	CJK UNIFIED IDEOGRAPH	W	2
99B3	530D	E58C8D	匍	CJK UNIFIED IDEOGRAPH	W	2
99B4	5310	E58C90	匐	CJK UNIFIED IDEOGRAPH	W	2
99B5	530F	E58C8F	匏	CJK UNIFIED IDEOGRAPH	W	2
99B6	5315	E58C95	匕	CJK UNIFIED IDEOGRAPH	W	2
99B7	531A	E58C9A	匚	CJK UNIFIED IDEOGRAPH	W	2
99B8	5323	E58CA3	匣	CJK UNIFIED IDEOGRAPH	W	2
99B9	532F	E58CAF	匯	CJK UNIFIED IDEOGRAPH	W	2
99BA	5331	E58CB1	匱	CJK UNIFIED IDEOGRAPH	W	2
99BB	5333	E58CB3	匳	CJK UNIFIED IDEOGRAPH	W	2
99BC	5338	E58CB8	匸	CJK UNIFIED IDEOGRAPH	W	2
99BD	5340	E58D80	區	CJK UNIFIED IDEOGRAPH	W	2
99BE	5346	E58D86	卆	CJK UNIFIED IDEOGRAPH	W	2
99BF	5345	E58D85	卅	CJK UNIFIED IDEOGRAPH	W	2
99C0	4E17	E4B897	丗	CJK UNIFIED IDEOGRAPH	W	2
99C1	5349	E58D89	卉	CJK UNIFIED IDEOGRAPH	W	2
99C2	534D	E58D8D	卍	CJK UNIFIED IDEOGRAPH	W	2
99C3	51D6	E58796	凖	CJK UNIFIED IDEOGRAPH	W	2
99C4	535E	E58D9E	卞	CJK UNIFIED IDEOGRAPH	W	2
99C5	5369	E58DA9	卩	CJK UNIFIED IDEOGRAPH	W	2
99C6	536E	E58DAE	卮	CJK UNIFIED IDEOGRAPH	W	2
99C7	5918	E5A498	夘	CJK UNIFIED IDEOGRAPH	W	2
99C8	537B	E58DBB	卻	CJK UNIFIED IDEOGRAPH	W	2
99C9	5377	E58DB7	卷	CJK UNIFIED IDEOGRAPH	W	2
99CA	5382	E58E82	厂	CJK UNIFIED IDEOGRAPH	W	2
99CB	5396	E58E96	厖	CJK UNIFIED IDEOGRAPH	W	2
99CC	53A0	E58EA0	厠	CJK UNIFIED IDEOGRAPH	W	2
99CD	53A6	E58EA6	厦	CJK UNIFIED IDEOGRAPH	W	2
99CE	53A5	E58EA5	厥	CJK UNIFIED IDEOGRAPH	W	2
99CF	53AE	E58EAE	厮	CJK UNIFIED IDEOGRAPH	W	2
99D0	53B0	E58EB0	厰	CJK UNIFIED IDEOGRAPH	W	2
99D1	53B6	E58EB6	厶	CJK UNIFIED IDEOGRAPH	W	2
99D2	53C3	E58F83	參	CJK UNIFIED IDEOGRAPH	W	2
99D3	7C12	E7B092	簒	CJK UNIFIED IDEOGRAPH	W	2
99D4	96D9	E99B99	雙	CJK UNIFIED IDEOGRAPH	W	2
99D5	53DF	E58F9F	叟	CJK UNIFIED IDEOGRAPH	W	2
99D6	66FC	E69BBC	曼	CJK UNIFIED IDEOGRAPH	W	2
99D7	71EE	E787AE	燮	CJK UNIFIED IDEOGRAPH	W	2
99D8	53EE	E58FAE	叮	CJK UNIFIED IDEOGRAPH	W	2
99D9	53E8	E58FA8	叨	CJK UNIFIED IDEOGRAPH	W	2
99DA	53ED	E58FAD	叭	CJK UNIFIED IDEOGRAPH	W	2
99DB	53FA	E58FBA	叺	CJK UNIFIED IDEOGRAPH	W	2
99DC	5401	E59081	吁	CJK UNIFIED IDEOGRAPH	W	2
99DD	543D	E590BD	吽	CJK UNIFIED IDEOGRAPH	W	2
99DE	5440	E59180	呀	CJK UNIFIED IDEOGRAPH	W	2
99DF	542C	E590AC	听	CJK UNIFIED IDEOGRAPH	W	2
99E0	542D	E590AD	吭	CJK UNIFIED IDEOGRAPH	W	2
99E1	543C	E590BC	吼	CJK UNIFIED IDEOGRAPH	W	2
99E2	542E	E590AE	吮	CJK UNIFIED IDEOGRAPH	W	2
99E3	5436	E590B6	吶	CJK UNIFIED IDEOGRAPH	W	2
99E4	5429	E590A9	吩	CJK UNIFIED IDEOGRAPH	W	2
99E5	541D	E5909D	吝	CJK UNIFIED IDEOGRAPH	W	2
99E6	544E	E5918E	呎	CJK UNIFIED IDEOGRAPH	W	2
99E7	548F	E5928F	咏	CJK UNIFIED IDEOGRAPH	W	2
99E8	5475	E591B5	呵	CJK UNIFIED IDEOGRAPH	W	2
99E9	548E	E5928E	咎	CJK UNIFIED IDEOGRAPH	W	2
99EA	545F	E5919F	呟	CJK UNIFIED IDEOGRAPH	W	2
99EB	5471	E591B1	呱	CJK UNIFIED IDEOGRAPH	W	2
99EC	5477	E591B7	呷	CJK UNIFIED IDEOGRAPH	W	2
99ED	5470	E591B0	呰	CJK UNIFIED IDEOGRAPH	W	2
99EE	5492	E59292	咒	CJK UNIFIED IDEOGRAPH	W	2
99EF	547B	E591BB	呻	CJK UNIFIED IDEOGRAPH	W	2
99F0	5480	E59280	咀	CJK UNIFIED IDEOGRAPH	W	2
99F1	5476	E591B6	呶	CJK UNIFIED IDEOGRAPH	W	2
99F2	5484	E59284	咄	CJK UNIFIED IDEOGRAPH	W	2
99F3	5490	E59290	咐	CJK UNIFIED IDEOGRAPH	W	2
99F4	5486	E59286	咆	CJK UNIFIED IDEOGRAPH	W	2
99F5	54C7	E59387	哇	CJK UNIFIED IDEOGRAPH	W	2
99F6	54A2	E592A2	咢	CJK UNIFIED IDEOGRAPH	W	2
99F7	54B8	E592B8	咸	CJK UNIFIED IDEOGRAPH	W	2
99F8	54A5	E592A5	咥	CJK UNIFIED IDEOGRAPH	W	2
99F9	54AC	E592AC	咬	CJK UNIFIED IDEOGRAPH	W	2
99FA	54C4	E59384	哄	CJK UNIFIED IDEOGRAPH	W	2
99FB	54C8	E59388	哈	CJK UNIFIED IDEOGRAPH	W	2
99FC	54A8	E592A8	咨	CJK UNIFIED IDEOGRAPH	W	2
9A40	54AB	E592AB	咫	CJK UNIFIED IDEOGRAPH	W	2
9A41	54C2	E59382	哂	CJK UNIFIED IDEOGRAPH	W	2
9A42	54A4	E592A4	咤	CJK UNIFIED IDEOGRAPH	W	2
9A43	54BE	E592BE	咾	CJK UNIFIED IDEOGRAPH	W	2
9A44	54BC	E592BC	咼	CJK UNIFIED IDEOGRAPH	W	2
9A45	54D8	E59398	哘	CJK UNIFIED IDEOGRAPH	W	2
9A46	54E5	E593A5	哥	CJK UNIFIED IDEOGRAPH	W	2
9A47	54E6	E593A6	哦	CJK UNIFIED IDEOGRAPH	W	2
9A48	550F	E5948F	唏	CJK UNIFIED IDEOGRAPH	W	2
9A49	5514	E59494	唔	CJK UNIFIED IDEOGRAPH	W	2
9A4A	54FD	E593BD	哽	CJK UNIFIED IDEOGRAPH	W	2
9A4B	54EE	E593AE	哮	CJK UNIFIED IDEOGRAPH	W	2
9A4C	54ED	E593AD	哭	CJK UNIFIED IDEOGRAPH	W	2
9A4D	54FA	E593BA	哺	CJK UNIFIED IDEOGRAPH	W	2
9A4E	54E2	E593A2	哢	CJK UNIFIED IDEOGRAPH	W	2
9A4F	5539	E594B9	唹	CJK UNIFIED IDEOGRAPH	W	2
9A50	5540	E59580	啀	CJK UNIFIED IDEOGRAPH	W	2
9A51	5563	E595A3	啣	CJK UNIFIED IDEOGRAPH	W	2
9A52	554C	E5958C	啌	CJK UNIFIED IDEOGRAPH	W	2
9A53	552E	E594AE	售	CJK UNIFIED IDEOGRAPH	W	2
9A54	555C	E5959C	啜	CJK UNIFIED IDEOGRAPH	W	2
9A55	5545	E59585	啅	CJK UNIFIED IDEOGRAPH	W	2
9A56	5556	E59596	啖	CJK UNIFIED IDEOGRAPH	W	2
9A57	5557	E59597	啗	CJK UNIFIED IDEOGRAPH	W	2
9A58	5538	E594B8	唸	CJK UNIFIED IDEOGRAPH	W	2
9A59	5533	E594B3	唳	CJK UNIFIED IDEOGRAPH	W	2
9A5A	555D	E5959D	啝	CJK UNIFIED IDEOGRAPH	W	2
9A5B	5599	E59699	喙	CJK UNIFIED IDEOGRAPH	W	2
9A5C	5580	E59680	喀	CJK UNIFIED IDEOGRAPH	W	2
9A5D	54AF	E592AF	咯	CJK UNIFIED IDEOGRAPH	W	2
9A5E	558A	E5968A	喊	CJK UNIFIED IDEOGRAPH	W	2
9A5F	559F	E5969F	喟	CJK UNIFIED IDEOGRAPH	W	2
9A60	557B	E595BB	啻	CJK UNIFIED IDEOGRAPH	W	2
9A61	557E	E595BE	啾	CJK UNIFIED IDEOGRAPH	W	2
9A62	5598	E59698	喘	CJK UNIFIED IDEOGRAPH	W	2
9A63	559E	E5969E	喞	CJK UNIFIED IDEOGRAPH	W	2
9A64	55AE	E596AE	單	CJK UNIFIED IDEOGRAPH	W	2
9A65	557C	E595BC	啼	CJK UNIFIED IDEOGRAPH	W	2
9A66	5583	E59683	喃	CJK UNIFIED IDEOGRAPH	W	2
9A67	55A9	E596A9	喩	CJK UNIFIED IDEOGRAPH	W	2
9A68	5587	E59687	喇	CJK UNIFIED IDEOGRAPH	W	2
9A69	55A8	E596A8	喨	CJK UNIFIED IDEOGRAPH	W	2
9A6A	55DA	E5979A	嗚	CJK UNIFIED IDEOGRAPH	W	2
9A6B	55C5	E59785	嗅	CJK UNIFIED IDEOGRAPH	W	2
9A6C	55DF	E5979F	嗟	CJK UNIFIED IDEOGRAPH	W	2
9A6D	55C4	E59784	嗄	CJK UNIFIED IDEOGRAPH	W	2
9A6E	55DC	E5979C	嗜	CJK UNIFIED IDEOGRAPH	W	2
9A6F	55E4	E597A4	嗤	CJK UNIFIED IDEOGRAPH	W	2
9A70	55D4	E59794	嗔	CJK UNIFIED IDEOGRAPH	W	2
9A71	5614	E59894	嘔	CJK UNIFIED IDEOGRAPH	W	2
9A72	55F7	E597B7	嗷	CJK UNIFIED IDEOGRAPH	W	2
9A73	5616	E59896	嘖	CJK UNIFIED IDEOGRAPH	W	2
9A74	55FE	E597BE	嗾	CJK UNIFIED IDEOGRAPH	W	2
9A75	55FD	E597BD	嗽	CJK UNIFIED IDEOGRAPH	W	2
9A76	561B	E5989B	嘛	CJK UNIFIED IDEOGRAPH	W	2
9A77	55F9	E597B9	嗹	CJK UNIFIED IDEOGRAPH	W	2
9A78	564E	E5998E	噎	CJK UNIFIED IDEOGRAPH	W	2
9A79	5650	E59990	噐	CJK UNIFIED IDEOGRAPH	W	2
9A7A	71DF	E7879F	營	CJK UNIFIED IDEOGRAPH	W	2
9A7B	5634	E598B4	嘴	CJK UNIFIED IDEOGRAPH	W	2
9A7C	5636	E598B6	嘶	CJK UNIFIED IDEOGRAPH	W	2
9A7D	5632	E598B2	嘲	CJK UNIFIED IDEOGRAPH	W	2
9A7E	5638	E598B8	嘸	CJK UNIFIED IDEOGRAPH	W	2
9A80	566B	E599AB	噫	CJK UNIFIED IDEOGRAPH	W	2
9A81	5664	E599A4	噤	CJK UNIFIED IDEOGRAPH	W	2
9A82	562F	E598AF	嘯	CJK UNIFIED IDEOGRAPH	W	2
9A83	566C	E599AC	噬	CJK UNIFIED IDEOGRAPH	W	2
9A84	566A	E599AA	噪	CJK UNIFIED IDEOGRAPH	W	2
9A85	5686	E59A86	嚆	CJK UNIFIED IDEOGRAPH	W	2
9A86	5680	E59A80	嚀	CJK UNIFIED IDEOGRAPH	W	2
9A87	568A	E59A8A	嚊	CJK UNIFIED IDEOGRAPH	W	2
9A88	56A0	E59AA0	嚠	CJK UNIFIED IDEOGRAPH	W	2
9A89	5694	E59A94	嚔	CJK UNIFIED IDEOGRAPH	W	2
9A8A	568F	E59A8F	嚏	CJK UNIFIED IDEOGRAPH	W	2
9A8B	56A5	E59AA5	嚥	CJK UNIFIED IDEOGRAPH	W	2
9A8C	56AE	E59AAE	嚮	CJK UNIFIED IDEOGRAPH	W	2
9A8D	56B6	E59AB6	嚶	CJK UNIFIED IDEOGRAPH	W	2
9A8E	56B4	E59AB4	嚴	CJK UNIFIED IDEOGRAPH	W	2
9A8F	56C2	E59B82	囂	CJK UNIFIED IDEOGRAPH	W	2
9A90	56BC	E59ABC	嚼	CJK UNIFIED IDEOGRAPH	W	2
9A91	56C1	E59B81	囁	CJK UNIFIED IDEOGRAPH	W	2
9A92	56C3	E59B83	囃	CJK UNIFIED IDEOGRAPH	W	2
9A93	56C0	E59B80	囀	CJK UNIFIED IDEOGRAPH	W	2
9A94	56C8	E59B88	囈	CJK UNIFIED IDEOGRAPH	W	2
9A95	56CE	E59B8E	囎	CJK UNIFIED IDEOGRAPH	W	2
9A96	56D1	E59B91	囑	CJK UNIFIED IDEOGRAPH	W	2
9A97	56D3	E59B93	囓	CJK UNIFIED IDEOGRAPH	W	2
9A98	56D7	E59B97	囗	CJK UNIFIED IDEOGRAPH	W	2
9A99	56EE	E59BAE	囮	CJK UNIFIED IDEOGRAPH	W	2
9A9A	56F9	E59BB9	囹	CJK UNIFIED IDEOGRAPH	W	2
9A9B	5700	E59C80	圀	CJK UNIFIED IDEOGRAPH	W	2
9A9C	56FF	E59BBF	囿	CJK UNIFIED IDEOGRAPH	W	2
9A9D	5704	E59C84	圄	CJK UNIFIED IDEOGRAPH	W	2
9A9E	5709	E59C89	圉	CJK UNIFIED IDEOGRAPH	W	2
9A9F	5708	E59C88	圈	CJK UNIFIED IDEOGRAPH	W	2
9AA0	570B	E59C8B	國	CJK UNIFIED IDEOGRAPH	W	2
9AA1	570D	E59C8D	圍	CJK UNIFIED IDEOGRAPH	W	2
9AA2	5713	E59C93	圓	CJK UNIFIED IDEOGRAPH	W	2
9AA3	5718	E59C98	團	CJK UNIFIED IDEOGRAPH	W	2
9AA4	5716	E59C96	圖	CJK UNIFIED IDEOGRAPH	W	2
9AA5	55C7	E59787	嗇	CJK UNIFIED IDEOGRAPH	W	2
9AA6	571C	E59C9C	圜	CJK UNIFIED IDEOGRAPH	W	2
9AA7	5726	E59CA6	圦	CJK UNIFIED IDEOGRAPH	W	2
9AA8	5737	E59CB7	圷	CJK UNIFIED IDEOGRAPH	W	2
9AA9	5738	E59CB8	圸	CJK UNIFIED IDEOGRAPH	W	2
9AAA	574E	E59D8E	坎	CJK UNIFIED IDEOGRAPH	W	2
9AAB	573B	E59CBB	圻	CJK UNIFIED IDEOGRAPH	W	2
9AAC	5740	E59D80	址	CJK UNIFIED IDEOGRAPH	W	2
9AAD	574F	E59D8F	坏	CJK UNIFIED IDEOGRAPH	W	2
9AAE	5769	E59DA9	坩	CJK UNIFIED IDEOGRAPH	W	2
9AAF	57C0	E59F80	埀	CJK UNIFIED IDEOGRAPH	W	2
9AB0	5788	E59E88	垈	CJK UNIFIED IDEOGRAPH	W	2
9AB1	5761	E59DA1	坡	CJK UNIFIED IDEOGRAPH	W	2
9AB2	577F	E59DBF	坿	CJK UNIFIED IDEOGRAPH	W	2
9AB3	5789	E59E89	垉	CJK UNIFIED IDEOGRAPH	W	2
9AB4	5793	E59E93	垓	CJK UNIFIED IDEOGRAPH	W	2
9AB5	57A0	E59EA0	垠	CJK UNIFIED IDEOGRAPH	W	2
9AB6	57B3	E59EB3	垳	CJK UNIFIED IDEOGRAPH	W	2
9AB7	57A4	E59EA4	垤	CJK UNIFIED IDEOGRAPH	W	2
9AB8	57AA	E59EAA	垪	CJK UNIFIED IDEOGRAPH	W	2
9AB9	57B0	E59EB0	垰	CJK UNIFIED IDEOGRAPH	W	2
9ABA	57C3	E59F83	埃	CJK UNIFIED IDEOGRAPH	W	2
9ABB	57C6	E59F86	埆	CJK UNIFIED IDEOGRAPH	W	2
9ABC	57D4	E59F94	埔	CJK UNIFIED IDEOGRAPH	W	2
9ABD	57D2	E59F92	埒	CJK UNIFIED IDEOGRAPH	W	2
9ABE	57D3	E59F93	埓	CJK UNIFIED IDEOGRAPH	W	2
9ABF	580A	E5A08A	堊	CJK UNIFIED IDEOGRAPH	W	2
9AC0	57D6	E59F96	埖	CJK UNIFIED IDEOGRAPH	W	2
9AC1	57E3	E59FA3	埣	CJK UNIFIED IDEOGRAPH	W	2
9AC2	580B	E5A08B	堋	CJK UNIFIED IDEOGRAPH	W	2
9AC3	5819	E5A099	堙	CJK UNIFIED IDEOGRAPH	W	2
9AC4	581D	E5A09D	堝	CJK UNIFIED IDEOGRAPH	W	2
9AC5	5872	E5A1B2	塲	CJK UNIFIED IDEOGRAPH	W	2
9AC6	5821	E5A0A1	堡	CJK UNIFIED IDEOGRAPH	W	2
9AC7	5862	E5A1A2	塢	CJK UNIFIED IDEOGRAPH	W	2
9AC8	584B	E5A18B	塋	CJK UNIFIED IDEOGRAPH	W	2
9AC9	5870	E5A1B0	塰	CJK UNIFIED IDEOGRAPH	W	2
9ACA	6BC0	E6AF80	毀	CJK UNIFIED IDEOGRAPH	W	2
9ACB	5852	E5A192	塒	CJK UNIFIED IDEOGRAPH	W	2
9ACC	583D	E5A0BD	堽	CJK UNIFIED IDEOGRAPH	W	2
9ACD	5879	E5A1B9	塹	CJK UNIFIED IDEOGRAPH	W	2
9ACE	5885	E5A285	墅	CJK UNIFIED IDEOGRAPH	W	2
9ACF	58B9	E5A2B9	墹	CJK UNIFIED IDEOGRAPH	W	2
9AD0	589F	E5A29F	墟	CJK UNIFIED IDEOGRAPH	W	2
9AD1	58AB	E5A2AB	墫	CJK UNIFIED IDEOGRAPH	W	2
9AD2	58BA	E5A2BA	墺	CJK UNIFIED IDEOGRAPH	W	2
9AD3	58DE	E5A39E	壞	CJK UNIFIED IDEOGRAPH	W	2
9AD4	58BB	E5A2BB	墻	CJK UNIFIED IDEOGRAPH	W	2
9AD5	58B8	E5A2B8	墸	CJK UNIFIED IDEOGRAPH	W	2
9AD6	58AE	E5A2AE	墮	CJK UNIFIED IDEOGRAPH	W	2
9AD7	58C5	E5A385	壅	CJK UNIFIED IDEOGRAPH	W	2
9AD8	58D3	E5A393	壓	CJK UNIFIED IDEOGRAPH	W	2
9AD9	58D1	E5A391	壑	CJK UNIFIED IDEOGRAPH	W	2
9ADA	58D7	E5A397	壗	CJK UNIFIED IDEOGRAPH	W	2
9ADB	58D9	E5A399	壙	CJK UNIFIED IDEOGRAPH	W	2
9ADC	58D8	E5A398	壘	CJK UNIFIED IDEOGRAPH	W	2
9ADD	58E5	E5A3A5	壥	CJK UNIFIED IDEOGRAPH	W	2
9ADE	58DC	E5A39C	壜	CJK UNIFIED IDEOGRAPH	W	2
9ADF	58E4	E5A3A4	壤	CJK UNIFIED IDEOGRAPH	W	2
9AE0	58DF	E5A39F	壟	CJK UNIFIED IDEOGRAPH	W	2
9AE1	58EF	E5A3AF	壯	CJK UNIFIED IDEOGRAPH	W	2
9AE2	58FA	E5A3BA	壺	CJK UNIFIED IDEOGRAPH	W	2
9AE3	58F9	E5A3B9	壹	CJK UNIFIED IDEOGRAPH	W	2
9AE4	58FB	E5A3BB	壻	CJK UNIFIED IDEOGRAPH	W	2
9AE5	58FC	E5A3BC	壼	CJK UNIFIED IDEOGRAPH	W	2
9AE6	58FD	E5A3BD	壽	CJK UNIFIED IDEOGRAPH	W	2
9AE7	5902	E5A482	夂	CJK UNIFIED IDEOGRAPH	W	2
9AE8	590A	E5A48A	夊	CJK UNIFIED IDEOGRAPH	W	2
9AE9	5910	E5A490	夐	CJK UNIFIED IDEOGRAPH	W	2
9AEA	591B	E5A49B	夛	CJK UNIFIED IDEOGRAPH	W	2
9AEB	68A6	E6A2A6	梦	CJK UNIFIED IDEOGRAPH	W	2
9AEC	5925	E5A4A5	夥	CJK UNIFIED IDEOGRAPH	W	2
9AED	592C	E5A4AC	夬	CJK UNIFIED IDEOGRAPH	W	2
9AEE	592D	E5A4AD	夭	CJK UNIFIED IDEOGRAPH	W	2
9AEF	5932	E5A4B2	夲	CJK UNIFIED IDEOGRAPH	W	2
9AF0	5938	E5A4B8	夸	CJK UNIFIED IDEOGRAPH	W	2
9AF1	593E	E5A4BE	夾	CJK UNIFIED IDEOGRAPH	W	2
9AF2	7AD2	E7AB92	竒	CJK UNIFIED IDEOGRAPH	W	2
9AF3	5955	E5A595	奕	CJK UNIFIED IDEOGRAPH	W	2
9AF4	5950	E5A590	奐	CJK UNIFIED IDEOGRAPH	W	2
9AF5	594E	E5A58E	奎	CJK UNIFIED IDEOGRAPH	W	2
9AF6	595A	E5A59A	奚	CJK UNIFIED IDEOGRAPH	W	2
9AF7	5958	E5A598	奘	CJK UNIFIED IDEOGRAPH	W	2
9AF8	5962	E5A5A2	奢	CJK UNIFIED IDEOGRAPH	W	2
9AF9	5960	E5A5A0	奠	CJK UNIFIED IDEOGRAPH	W	2
9AFA	5967	E5A5A7	奧	CJK UNIFIED IDEOGRAPH	W	2
9AFB	596C	E5A5AC	奬	CJK UNIFIED IDEOGRAPH	W	2
9AFC	5969	E5A5A9	奩	CJK UNIFIED IDEOGRAPH	W	2
9B40	5978	E5A5B8	奸	CJK UNIFIED IDEOGRAPH	W	2
9B41	5981	E5A681	妁	CJK UNIFIED IDEOGRAPH	W	2
9B42	599D	E5A69D	妝	CJK UNIFIED IDEOGRAPH	W	2
9B43	4F5E	E4BD9E	佞	CJK UNIFIED IDEOGRAPH	W	2
9B44	4FAB	E4BEAB	侫	CJK UNIFIED IDEOGRAPH	W	2
9B45	59A3	E5A6A3	妣	CJK UNIFIED IDEOGRAPH	W	2
9B46	59B2	E5A6B2	妲	CJK UNIFIED IDEOGRAPH	W	2
9B47	59C6	E5A786	姆	CJK UNIFIED IDEOGRAPH	W	2
9B48	59E8	E5A7A8	姨	CJK UNIFIED IDEOGRAPH	W	2
9B49	59DC	E5A79C	姜	CJK UNIFIED IDEOGRAPH	W	2
9B4A	598D	E5A68D	妍	CJK UNIFIED IDEOGRAPH	W	2
9B4B	59D9	E5A799	姙	CJK UNIFIED IDEOGRAPH	W	2
9B4C	59DA	E5A79A	姚	CJK UNIFIED IDEOGRAPH	W	2
9B4D	5A25	E5A8A5	娥	CJK UNIFIED IDEOGRAPH	W	2
9B4E	5A1F	E5A89F	娟	CJK UNIFIED IDEOGRAPH	W	2
9B4F	5A11	E5A891	娑	CJK UNIFIED IDEOGRAPH	W	2
9B50	5A1C	E5A89C	娜	CJK UNIFIED IDEOGRAPH	W	2
9B51	5A09	E5A889	娉	CJK UNIFIED IDEOGRAPH	W	2
9B52	5A1A	E5A89A	娚	CJK UNIFIED IDEOGRAPH	W	2
9B53	5A40	E5A980	婀	CJK UNIFIED IDEOGRAPH	W	2
9B54	5A6C	E5A9AC	婬	CJK UNIFIED IDEOGRAPH	W	2
9B55	5A49	E5A989	婉	CJK UNIFIED IDEOGRAPH	W	2
9B56	5A35	E5A8B5	娵	CJK UNIFIED IDEOGRAPH	W	2
9B57	5A36	E5A8B6	娶	CJK UNIFIED IDEOGRAPH	W	2
9B58	5A62	E5A9A2	婢	CJK UNIFIED IDEOGRAPH	W	2
9B59	5A6A	E5A9AA	婪	CJK UNIFIED IDEOGRAPH	W	2
9B5A	5A9A	E5AA9A	媚	CJK UNIFIED IDEOGRAPH	W	2
9B5B	5ABC	E5AABC	媼	CJK UNIFIED IDEOGRAPH	W	2
9B5C	5ABE	E5AABE	媾	CJK UNIFIED IDEOGRAPH	W	2
9B5D	5ACB	E5AB8B	嫋	CJK UNIFIED IDEOGRAPH	W	2
9B5E	5AC2	E5AB82	嫂	CJK UNIFIED IDEOGRAPH	W	2
9B5F	5ABD	E5AABD	媽	CJK UNIFIED IDEOGRAPH	W	2
9B60	5AE3	E5ABA3	嫣	CJK UNIFIED IDEOGRAPH	W	2
9B61	5AD7	E5AB97	嫗	CJK UNIFIED IDEOGRAPH	W	2
9B62	5AE6	E5ABA6	嫦	CJK UNIFIED IDEOGRAPH	W	2
9B63	5AE9	E5ABA9	嫩	CJK UNIFIED IDEOGRAPH	W	2
9B64	5AD6	E5AB96	嫖	CJK UNIFIED IDEOGRAPH	W	2
9B65	5AFA	E5ABBA	嫺	CJK UNIFIED IDEOGRAPH	W	2
9B66	5AFB	E5ABBB	嫻	CJK UNIFIED IDEOGRAPH	W	2
9B67	5B0C	E5AC8C	嬌	CJK UNIFIED IDEOGRAPH	W	2
9B68	5B0B	E5AC8B	嬋	CJK UNIFIED IDEOGRAPH	W	2
9B69	5B16	E5AC96	嬖	CJK UNIFIED IDEOGRAPH	W	2
9B6A	5B32	E5ACB2	嬲	CJK UNIFIED IDEOGRAPH	W	2
9B6B	5AD0	E5AB90	嫐	CJK UNIFIED IDEOGRAPH	W	2
9B6C	5B2A	E5ACAA	嬪	CJK UNIFIED IDEOGRAPH	W	2
9B6D	5B36	E5ACB6	嬶	CJK UNIFIED IDEOGRAPH	W	2
9B6E	5B3E	E5ACBE	嬾	CJK UNIFIED IDEOGRAPH	W	2
9B6F	5B43	E5AD83	孃	CJK UNIFIED IDEOGRAPH	W	2
9B70	5B45	E5AD85	孅	CJK UNIFIED IDEOGRAPH	W	2
9B71	5B40	E5AD80	孀	CJK UNIFIED IDEOGRAPH	W	2
9B72	5B51	E5AD91	孑	CJK UNIFIED IDEOGRAPH	W	2
9B73	5B55	E5AD95	孕	CJK UNIFIED IDEOGRAPH	W	2
9B74	5B5A	E5AD9A	孚	CJK UNIFIED IDEOGRAPH	W	2
9B75	5B5B	E5AD9B	孛	CJK UNIFIED IDEOGRAPH	W	2
9B76	5B65	E5ADA5	孥	CJK UNIFIED IDEOGRAPH	W	2
9B77	5B69	E5ADA9	孩	CJK UNIFIED IDEOGRAPH	W	2
9B78	5B70	E5ADB0	孰	CJK UNIFIED IDEOGRAPH	W	2
9B79	5B73	E5ADB3	孳	CJK UNIFIED IDEOGRAPH	W	2
9B7A	5B75	E5ADB5	孵	CJK UNIFIED IDEOGRAPH	W	2
9B7B	5B78	E5ADB8	學	CJK UNIFIED IDEOGRAPH	W	2
9B7C	6588	E69688	斈	CJK UNIFIED IDEOGRAPH	W	2
9B7D	5B7A	E5ADBA	孺	CJK UNIFIED IDEOGRAPH	W	2
9B7E	5B80	E5AE80	宀	CJK UNIFIED IDEOGRAPH	W	2
9B80	5B83	E5AE83	它	CJK UNIFIED IDEOGRAPH	W	2
9B81	5BA6	E5AEA6	宦	CJK UNIFIED IDEOGRAPH	W	2
9B82	5BB8	E5AEB8	宸	CJK UNIFIED IDEOGRAPH	W	2
9B83	5BC3	E5AF83	寃	CJK UNIFIED IDEOGRAPH	W	2
9B84	5BC7	E5AF87	寇	CJK UNIFIED IDEOGRAPH	W	2
9B85	5BC9	E5AF89	寉	CJK UNIFIED IDEOGRAPH	W	2
9B86	5BD4	E5AF94	寔	CJK UNIFIED IDEOGRAPH	W	2
9B87	5BD0	E5AF90	寐	CJK UNIFIED IDEOGRAPH	W	2
9B88	5BE4	E5AFA4	寤	CJK UNIFIED IDEOGRAPH	W	2
9B89	5BE6	E5AFA6	實	CJK UNIFIED IDEOGRAPH	W	2
9B8A	5BE2	E5AFA2	寢	CJK UNIFIED IDEOGRAPH	W	2
9B8B	5BDE	E5AF9E	寞	CJK UNIFIED IDEOGRAPH	W	2
9B8C	5BE5	E5AFA5	寥	CJK UNIFIED IDEOGRAPH	W	2
9B8D	5BEB	E5AFAB	寫	CJK UNIFIED IDEOGRAPH	W	2
9B8E	5BF0	E5AFB0	寰	CJK UNIFIED IDEOGRAPH	W	2
9B8F	5BF6	E5AFB6	寶	CJK UNIFIED IDEOGRAPH	W	2
9B90	5BF3	E5AFB3	寳	CJK UNIFIED IDEOGRAPH	W	2
9B91	5C05	E5B085	尅	CJK UNIFIED IDEOGRAPH	W	2
9B92	5C07	E5B087	將	CJK UNIFIED IDEOGRAPH	W	2
9B93	5C08	E5B088	專	CJK UNIFIED IDEOGRAPH	W	2
9B94	5C0D	E5B08D	對	CJK UNIFIED IDEOGRAPH	W	2
9B95	5C13	E5B093	尓	CJK UNIFIED IDEOGRAPH	W	2
9B96	5C20	E5B0A0	尠	CJK UNIFIED IDEOGRAPH	W	2
9B97	5C22	E5B0A2	尢	CJK UNIFIED IDEOGRAPH	W	2
9B98	5C28	E5B0A8	尨	CJK UNIFIED IDEOGRAPH	W	2
9B99	5C38	E5B0B8	尸	CJK UNIFIED IDEOGRAPH	W	2
9B9A	5C39	E5B0B9	尹	CJK UNIFIED IDEOGRAPH	W	2
9B9B	5C41	E5B181	屁	CJK UNIFIED IDEOGRAPH	W	2
9B9C	5C46	E5B186	屆	CJK UNIFIED IDEOGRAPH	W	2
9B9D	5C4E	E5B18E	屎	CJK UNIFIED IDEOGRAPH	W	2
9B9E	5C53	E5B193	屓	CJK UNIFIED IDEOGRAPH	W	2
9B9F	5C50	E5B190	屐	CJK UNIFIED IDEOGRAPH	W	2
9BA0	5C4F	E5B18F	屏	CJK UNIFIED IDEOGRAPH	W	2
9BA1	5B71	E5ADB1	孱	CJK UNIFIED IDEOGRAPH	W	2
9BA2	5C6C	E5B1AC	屬	CJK UNIFIED IDEOGRAPH	W	2
9BA3	5C6E	E5B1AE	屮	CJK UNIFIED IDEOGRAPH	W	2
9BA4	4E62	E4B9A2	乢	CJK UNIFIED IDEOGRAPH	W	2
9BA5	5C76	E5B1B6	屶	CJK UNIFIED IDEOGRAPH	W	2
9BA6	5C79	E5B1B9	屹	CJK UNIFIED IDEOGRAPH	W	2
9BA7	5C8C	E5B28C	岌	CJK UNIFIED IDEOGRAPH	W	2
9BA8	5C91	E5B291	岑	CJK UNIFIED IDEOGRAPH	W	2
9BA9	5C94	E5B294	岔	CJK UNIFIED IDEOGRAPH	W	2
9BAA	599B	E5A69B	妛	CJK UNIFIED IDEOGRAPH	W	2
9BAB	5CAB	E5B2AB	岫	CJK UNIFIED IDEOGRAPH	W	2
9BAC	5CBB	E5B2BB	岻	CJK UNIFIED IDEOGRAPH	W	2
9BAD	5CB6	E5B2B6	岶	CJK UNIFIED IDEOGRAPH	W	2
9BAE	5CBC	E5B2BC	岼	CJK UNIFIED IDEOGRAPH	W	2
9BAF	5CB7	E5B2B7	岷	CJK UNIFIED IDEOGRAPH	W	2
9BB0	5CC5	E5B385	峅	CJK UNIFIED IDEOGRAPH	W	2
9BB1	5CBE	E5B2BE	岾	CJK UNIFIED IDEOGRAPH	W	2
9BB2	5CC7	E5B387	峇	CJK UNIFIED IDEOGRAPH	W	2
9BB3	5CD9	E5B399	峙	CJK UNIFIED IDEOGRAPH	W	2
9BB4	5CE9	E5B3A9	峩	CJK UNIFIED IDEOGRAPH	W	2
9BB5	5CFD	E5B3BD	峽	CJK UNIFIED IDEOGRAPH	W	2
9BB6	5CFA	E5B3BA	峺	CJK UNIFIED IDEOGRAPH	W	2
9BB7	5CED	E5B3AD	峭	CJK UNIFIED IDEOGRAPH	W	2
9BB8	5D8C	E5B68C	嶌	CJK UNIFIED IDEOGRAPH	W	2
9BB9	5CEA	E5B3AA	峪	CJK UNIFIED IDEOGRAPH	W	2
9BBA	5D0B	E5B48B	崋	CJK UNIFIED IDEOGRAPH	W	2
9BBB	5D15	E5B495	崕	CJK UNIFIED IDEOGRAPH	W	2
9BBC	5D17	E5B497	崗	CJK UNIFIED IDEOGRAPH	W	2
9BBD	5D5C	E5B59C	嵜	CJK UNIFIED IDEOGRAPH	W	2
9BBE	5D1F	E5B49F	崟	CJK UNIFIED IDEOGRAPH	W	2
9BBF	5D1B	E5B49B	崛	CJK UNIFIED IDEOGRAPH	W	2
9BC0	5D11	E5B491	崑	CJK UNIFIED IDEOGRAPH	W	2
9BC1	5D14	E5B494	崔	CJK UNIFIED IDEOGRAPH	W	2
9BC2	5D22	E5B4A2	崢	CJK UNIFIED IDEOGRAPH	W	2
9BC3	5D1A	E5B49A	崚	CJK UNIFIED IDEOGRAPH	W	2
9BC4	5D19	E5B499	崙	CJK UNIFIED IDEOGRAPH	W	2
9BC5	5D18	E5B498	崘	CJK UNIFIED IDEOGRAPH	W	2
9BC6	5D4C	E5B58C	嵌	CJK UNIFIED IDEOGRAPH	W	2
9BC7	5D52	E5B592	嵒	CJK UNIFIED IDEOGRAPH	W	2
9BC8	5D4E	E5B58E	嵎	CJK UNIFIED IDEOGRAPH	W	2
9BC9	5D4B	E5B58B	嵋	CJK UNIFIED IDEOGRAPH	W	2
9BCA	5D6C	E5B5AC	嵬	CJK UNIFIED IDEOGRAPH	W	2
9BCB	5D73	E5B5B3	嵳	CJK UNIFIED IDEOGRAPH	W	2
9BCC	5D76	E5B5B6	嵶	CJK UNIFIED IDEOGRAPH	W	2
9BCD	5D87	E5B687	嶇	CJK UNIFIED IDEOGRAPH	W	2
9BCE	5D84	E5B684	嶄	CJK UNIFIED IDEOGRAPH	W	2
9BCF	5D82	E5B682	嶂	CJK UNIFIED IDEOGRAPH	W	2
9BD0	5DA2	E5B6A2	嶢	CJK UNIFIED IDEOGRAPH	W	2
9BD1	5D9D	E5B69D	嶝	CJK UNIFIED IDEOGRAPH	W	2
9BD2	5DAC	E5B6AC	嶬	CJK UNIFIED IDEOGRAPH	W	2
9BD3	5DAE	E5B6AE	嶮	CJK UNIFIED IDEOGRAPH	W	2
9BD4	5DBD	E5B6BD	嶽	CJK UNIFIED IDEOGRAPH	W	2
9BD5	5D90	E5B690	嶐	CJK UNIFIED IDEOGRAPH	W	2
9BD6	5DB7	E5B6B7	嶷	CJK UNIFIED IDEOGRAPH	W	2
9BD7	5DBC	E5B6BC	嶼	CJK UNIFIED IDEOGRAPH	W	2
9BD8	5DC9	E5B789	巉	CJK UNIFIED IDEOGRAPH	W	2
9BD9	5DCD	E5B78D	巍	CJK UNIFIED IDEOGRAPH	W	2
9BDA	5DD3	E5B793	巓	CJK UNIFIED IDEOGRAPH	W	2
9BDB	5DD2	E5B792	巒	CJK UNIFIED IDEOGRAPH	W	2
9BDC	5DD6	E5B796	巖	CJK UNIFIED IDEOGRAPH	W	2
9BDD	5DDB	E5B79B	巛	CJK UNIFIED IDEOGRAPH	W	2
9BDE	5DEB	E5B7AB	巫	CJK UNIFIED IDEOGRAPH	W	2
9BDF	5DF2	E5B7B2	已	CJK UNIFIED IDEOGRAPH	W	2
9BE0	5DF5	E5B7B5	巵	CJK UNIFIED IDEOGRAPH	W	2
9BE1	5E0B	E5B88B	帋	CJK UNIFIED IDEOGRAPH	W	2
9BE2	5E1A	E5B89A	帚	CJK UNIFIED IDEOGRAPH	W	2
9BE3	5E19	E5B899	帙	CJK UNIFIED IDEOGRAPH	W	2
9BE4	5E11	E5B891	帑	CJK UNIFIED IDEOGRAPH	W	2
9BE5	5E1B	E5B89B	帛	CJK UNIFIED IDEOGRAPH	W	2
9BE6	5E36	E5B8B6	帶	CJK UNIFIED IDEOGRAPH	W	2
9BE7	5E37	E5B8B7	帷	CJK UNIFIED IDEOGRAPH	W	2
9BE8	5E44	E5B984	幄	CJK UNIFIED IDEOGRAPH	W	2
9BE9	5E43	E5B983	幃	CJK UNIFIED IDEOGRAPH	W	2
9BEA	5E40	E5B980	幀	CJK UNIFIED IDEOGRAPH	W	2
9BEB	5E4E	E5B98E	幎	CJK UNIFIED IDEOGRAPH	W	2
9BEC	5E57	E5B997	幗	CJK UNIFIED IDEOGRAPH	W	2
9BED	5E54	E5B994	幔	CJK UNIFIED IDEOGRAPH	W	2
9BEE	5E5F	E5B99F	幟	CJK UNIFIED IDEOGRAPH	W	2
9BEF	5E62	E5B9A2	幢	CJK UNIFIED IDEOGRAPH	W	2
9BF0	5E64	E5B9A4	幤	CJK UNIFIED IDEOGRAPH	W	2
9BF1	5E47	E5B987	幇	CJK UNIFIED IDEOGRAPH	W	2
9BF2	5E75	E5B9B5	幵	CJK UNIFIED IDEOGRAPH	W	2
9BF3	5E76	E5B9B6	并	CJK UNIFIED IDEOGRAPH	W	2
9BF4	5E7A	E5B9BA	幺	CJK UNIFIED IDEOGRAPH	W	2
9BF5	9EBC	E9BABC	麼	CJK UNIFIED IDEOGRAPH	W	2
9BF6	5E7F	E5B9BF	广	CJK UNIFIED IDEOGRAPH	W	2
9BF7	5EA0	E5BAA0	庠	CJK UNIFIED IDEOGRAPH	W	2
9BF8	5EC1	E5BB81	廁	CJK UNIFIED IDEOGRAPH	W	2
9BF9	5EC2	E5BB82	廂	CJK UNIFIED IDEOGRAPH	W	2
9BFA	5EC8	E5BB88	廈	CJK UNIFIED IDEOGRAPH	W	2
9BFB	5ED0	E5BB90	廐	CJK UNIFIED IDEOGRAPH	W	2
9BFC	5ECF	E5BB8F	廏	CJK UNIFIED IDEOGRAPH	W	2
9C40	5ED6	E5BB96	廖	CJK UNIFIED IDEOGRAPH	W	2
9C41	5EE3	E5BBA3	廣	CJK UNIFIED IDEOGRAPH	W	2
9C42	5EDD	E5BB9D	廝	CJK UNIFIED IDEOGRAPH	W	2
9C43	5EDA	E5BB9A	廚	CJK UNIFIED IDEOGRAPH	W	2
9C44	5EDB	E5BB9B	廛	CJK UNIFIED IDEOGRAPH	W	2
9C45	5EE2	E5BBA2	廢	CJK UNIFIED IDEOGRAPH	W	2
9C46	5EE1	E5BBA1	廡	CJK UNIFIED IDEOGRAPH	W	2
9C47	5EE8	E5BBA8	廨	CJK UNIFIED IDEOGRAPH	W	2
9C48	5EE9	E5BBA9	廩	CJK UNIFIED IDEOGRAPH	W	2
9C49	5EEC	E5BBAC	廬	CJK UNIFIED IDEOGRAPH	W	2
9C4A	5EF1	E5BBB1	廱	CJK UNIFIED IDEOGRAPH	W	2
9C4B	5EF3	E5BBB3	廳	CJK UNIFIED IDEOGRAPH	W	2
9C4C	5EF0	E5BBB0	廰	CJK UNIFIED IDEOGRAPH	W	2
9C4D	5EF4	E5BBB4	廴	CJK UNIFIED IDEOGRAPH	W	2
9C4E	5EF8	E5BBB8	廸	CJK UNIFIED IDEOGRAPH	W	2
9C4F	5EFE	E5BBBE	廾	CJK UNIFIED IDEOGRAPH	W	2
9C50	5F03	E5BC83	弃	CJK UNIFIED IDEOGRAPH	W	2
9C51	5F09	E5BC89	弉	CJK UNIFIED IDEOGRAPH	W	2
9C52	5F5D	E5BD9D	彝	CJK UNIFIED IDEOGRAPH	W	2
9C53	5F5C	E5BD9C	彜	CJK UNIFIED IDEOGRAPH	W	2
9C54	5F0B	E5BC8B	弋	CJK UNIFIED IDEOGRAPH	W	2
9C55	5F11	E5BC91	弑	CJK UNIFIED IDEOGRAPH	W	2
9C56	5F16	E5BC96	弖	CJK UNIFIED IDEOGRAPH	W	2
9C57	5F29	E5BCA9	弩	CJK UNIFIED IDEOGRAPH	W	2
9C58	5F2D	E5BCAD	弭	CJK UNIFIED IDEOGRAPH	W	2
9C59	5F38	E5BCB8	弸	CJK UNIFIED IDEOGRAPH	W	2
9C5A	5F41	E5BD81	彁	CJK UNIFIED IDEOGRAPH	W	2
9C5B	5F48	E5BD88	彈	CJK UNIFIED IDEOGRAPH	W	2
9C5C	5F4C	E5BD8C	彌	CJK UNIFIED IDEOGRAPH	W	2
9C5D	5F4E	E5BD8E	彎	CJK UNIFIED IDEOGRAPH	W	2
9C5E	5F2F	E5BCAF	弯	CJK UNIFIED IDEOGRAPH	W	2
9C5F	5F51	E5BD91	彑	CJK UNIFIED IDEOGRAPH	W	2
9C60	5F56	E5BD96	彖	CJK UNIFIED IDEOGRAPH	W	2
9C61	5F57	E5BD97	彗	CJK UNIFIED IDEOGRAPH	W	2
9C62	5F59	E5BD99	彙	CJK UNIFIED IDEOGRAPH	W	2
9C63	5F61	E5BDA1	彡	CJK UNIFIED IDEOGRAPH	W	2
9C64	5F6D	E5BDAD	彭	CJK UNIFIED IDEOGRAPH	W	2
9C65	5F73	E5BDB3	彳	CJK UNIFIED IDEOGRAPH	W	2
9C66	5F77	E5BDB7	彷	CJK UNIFIED IDEOGRAPH	W	2
9C67	5F83	E5BE83	徃	CJK UNIFIED IDEOGRAPH	W	2
9C68	5F82	E5BE82	徂	CJK UNIFIED IDEOGRAPH	W	2
9C69	5F7F	E5BDBF	彿	CJK UNIFIED IDEOGRAPH	W	2
9C6A	5F8A	E5BE8A	徊	CJK UNIFIED IDEOGRAPH	W	2
9C6B	5F88	E5BE88	很	CJK UNIFIED IDEOGRAPH	W	2
9C6C	5F91	E5BE91	徑	CJK UNIFIED IDEOGRAPH	W	2
9C6D	5F87	E5BE87	徇	CJK UNIFIED IDEOGRAPH	W	2
9C6E	5F9E	E5BE9E	從	CJK UNIFIED IDEOGRAPH	W	2
9C6F	5F99	E5BE99	徙	CJK UNIFIED IDEOGRAPH	W	2
9C70	5F98	E5BE98	徘	CJK UNIFIED IDEOGRAPH	W	2
9C71	5FA0	E5BEA0	徠	CJK UNIFIED IDEOGRAPH	W	2
9C72	5FA8	E5BEA8	徨	CJK UNIFIED IDEOGRAPH	W	2
9C73	5FAD	E5BEAD	徭	CJK UNIFIED IDEOGRAPH	W	2
9C74	5FBC	E5BEBC	徼	CJK UNIFIED IDEOGRAPH	W	2
9C75	5FD6	E5BF96	忖	CJK UNIFIED IDEOGRAPH	W	2
9C76	5FFB	E5BFBB	忻	CJK UNIFIED IDEOGRAPH	W	2
9C77	5FE4	E5BFA4	忤	CJK UNIFIED IDEOGRAPH	W	2
9C78	5FF8	E5BFB8	忸	CJK UNIFIED IDEOGRAPH	W	2
9C79	5FF1	E5BFB1	忱	CJK UNIFIED IDEOGRAPH	W	2
9C7A	5FDD	E5BF9D	忝	CJK UNIFIED IDEOGRAPH	W	2
9C7B	60B3	E682B3	悳	CJK UNIFIED IDEOGRAPH	W	2
9C7C	5FFF	E5BFBF	忿	CJK UNIFIED IDEOGRAPH	W	2
9C7D	6021	E680A1	怡	CJK UNIFIED IDEOGRAPH	W	2
9C7E	6060	E681A0	恠	CJK UNIFIED IDEOGRAPH	W	2
9C80	6019	E68099	怙	CJK UNIFIED IDEOGRAPH	W	2
9C81	6010	E68090	怐	CJK UNIFIED IDEOGRAPH	W	2
9C82	6029	E680A9	怩	CJK UNIFIED IDEOGRAPH	W	2
9C83	600E	E6808E	怎	CJK UNIFIED IDEOGRAPH	W	2
9C84	6031	E680B1	怱	CJK UNIFIED IDEOGRAPH	W	2
9C85	601B	E6809B	怛	CJK UNIFIED IDEOGRAPH	W	2
9C86	6015	E68095	怕	CJK UNIFIED IDEOGRAPH	W	2
9C87	602B	E680AB	怫	CJK UNIFIED IDEOGRAPH	W	2
9C88	6026	E680A6	怦	CJK UNIFIED IDEOGRAPH	W	2
9C89	600F	E6808F	怏	CJK UNIFIED IDEOGRAPH	W	2
9C8A	603A	E680BA	怺	CJK UNIFIED IDEOGRAPH	W	2
9C8B	605A	E6819A	恚	CJK UNIFIED IDEOGRAPH	W	2
9C8C	6041	E68181	恁	CJK UNIFIED IDEOGRAPH	W	2
9C8D	606A	E681AA	恪	CJK UNIFIED IDEOGRAPH	W	2
9C8E	6077	E681B7	恷	CJK UNIFIED IDEOGRAPH	W	2
9C8F	605F	E6819F	恟	CJK UNIFIED IDEOGRAPH	W	2
9C90	604A	E6818A	恊	CJK UNIFIED IDEOGRAPH	W	2
9C91	6046	E68186	恆	CJK UNIFIED IDEOGRAPH	W	2
9C92	604D	E6818D	恍	CJK UNIFIED IDEOGRAPH	W	2
9C93	6063	E681A3	恣	CJK UNIFIED IDEOGRAPH	W	2
9C94	6043	E68183	恃	CJK UNIFIED IDEOGRAPH	W	2
9C95	6064	E681A4	恤	CJK UNIFIED IDEOGRAPH	W	2
9C96	6042	E68182	恂	CJK UNIFIED IDEOGRAPH	W	2
9C97	606C	E681AC	恬	CJK UNIFIED IDEOGRAPH	W	2
9C98	606B	E681AB	恫	CJK UNIFIED IDEOGRAPH	W	2
9C99	6059	E68199	恙	CJK UNIFIED IDEOGRAPH	W	2
9C9A	6081	E68281	悁	CJK UNIFIED IDEOGRAPH	W	2
9C9B	608D	E6828D	悍	CJK UNIFIED IDEOGRAPH	W	2
9C9C	60E7	E683A7	惧	CJK UNIFIED IDEOGRAPH	W	2
9C9D	6083	E68283	悃	CJK UNIFIED IDEOGRAPH	W	2
9C9E	609A	E6829A	悚	CJK UNIFIED IDEOGRAPH	W	2
9C9F	6084	E68284	悄	CJK UNIFIED IDEOGRAPH	W	2
9CA0	609B	E6829B	悛	CJK UNIFIED IDEOGRAPH	W	2
9CA1	6096	E68296	悖	CJK UNIFIED IDEOGRAPH	W	2
9CA2	6097	E68297	悗	CJK UNIFIED IDEOGRAPH	W	2
9CA3	6092	E68292	悒	CJK UNIFIED IDEOGRAPH	W	2
9CA4	60A7	E682A7	悧	CJK UNIFIED IDEOGRAPH	W	2
9CA5	608B	E6828B	悋	CJK UNIFIED IDEOGRAPH	W	2
9CA6	60E1	E683A1	惡	CJK UNIFIED IDEOGRAPH	W	2
9CA7	60B8	E682B8	悸	CJK UNIFIED IDEOGRAPH	W	2
9CA8	60E0	E683A0	惠	CJK UNIFIED IDEOGRAPH	W	2
9CA9	60D3	E68393	惓	CJK UNIFIED IDEOGRAPH	W	2
9CAA	60B4	E682B4	悴	CJK UNIFIED IDEOGRAPH	W	2
9CAB	5FF0	E5BFB0	忰	CJK UNIFIED IDEOGRAPH	W	2
9CAC	60BD	E682BD	悽	CJK UNIFIED IDEOGRAPH	W	2
9CAD	60C6	E68386	惆	CJK UNIFIED IDEOGRAPH	W	2
9CAE	60B5	E682B5	悵	CJK UNIFIED IDEOGRAPH	W	2
9CAF	60D8	E68398	惘	CJK UNIFIED IDEOGRAPH	W	2
9CB0	614D	E6858D	慍	CJK UNIFIED IDEOGRAPH	W	2
9CB1	6115	E68495	愕	CJK UNIFIED IDEOGRAPH	W	2
9CB2	6106	E68486	愆	CJK UNIFIED IDEOGRAPH	W	2
9CB3	60F6	E683B6	惶	CJK UNIFIED IDEOGRAPH	W	2
9CB4	60F7	E683B7	惷	CJK UNIFIED IDEOGRAPH	W	2
9CB5	6100	E68480	愀	CJK UNIFIED IDEOGRAPH	W	2
9CB6	60F4	E683B4	惴	CJK UNIFIED IDEOGRAPH	W	2
9CB7	60FA	E683BA	惺	CJK UNIFIED IDEOGRAPH	W	2
9CB8	6103	E68483	愃	CJK UNIFIED IDEOGRAPH	W	2
9CB9	6121	E684A1	愡	CJK UNIFIED IDEOGRAPH	W	2
9CBA	60FB	E683BB	惻	CJK UNIFIED IDEOGRAPH	W	2
9CBB	60F1	E683B1	惱	CJK UNIFIED IDEOGRAPH	W	2
9CBC	610D	E6848D	愍	CJK UNIFIED IDEOGRAPH	W	2
9CBD	610E	E6848E	愎	CJK UNIFIED IDEOGRAPH	W	2
9CBE	6147	E68587	慇	CJK UNIFIED IDEOGRAPH	W	2
9CBF	613E	E684BE	愾	CJK UNIFIED IDEOGRAPH	W	2
9CC0	6128	E684A8	愨	CJK UNIFIED IDEOGRAPH	W	2
9CC1	6127	E684A7	愧	CJK UNIFIED IDEOGRAPH	W	2
9CC2	614A	E6858A	慊	CJK UNIFIED IDEOGRAPH	W	2
9CC3	613F	E684BF	愿	CJK UNIFIED IDEOGRAPH	W	2
9CC4	613C	E684BC	愼	CJK UNIFIED IDEOGRAPH	W	2
9CC5	612C	E684AC	愬	CJK UNIFIED IDEOGRAPH	W	2
9CC6	6134	E684B4	愴	CJK UNIFIED IDEOGRAPH	W	2
9CC7	613D	E684BD	愽	CJK UNIFIED IDEOGRAPH	W	2
9CC8	6142	E68582	慂	CJK UNIFIED IDEOGRAPH	W	2
9CC9	6144	E68584	慄	CJK UNIFIED IDEOGRAPH	W	2
9CCA	6173	E685B3	慳	CJK UNIFIED IDEOGRAPH	W	2
9CCB	6177	E685B7	慷	CJK UNIFIED IDEOGRAPH	W	2
9CCC	6158	E68598	慘	CJK UNIFIED IDEOGRAPH	W	2
9CCD	6159	E68599	慙	CJK UNIFIED IDEOGRAPH	W	2
9CCE	615A	E6859A	慚	CJK UNIFIED IDEOGRAPH	W	2
9CCF	616B	E685AB	慫	CJK UNIFIED IDEOGRAPH	W	2
9CD0	6174	E685B4	慴	CJK UNIFIED IDEOGRAPH	W	2
9CD1	616F	E685AF	慯	CJK UNIFIED IDEOGRAPH	W	2
9CD2	6165	E685A5	慥	CJK UNIFIED IDEOGRAPH	W	2
9CD3	6171	E685B1	慱	CJK UNIFIED IDEOGRAPH	W	2
9CD4	615F	E6859F	慟	CJK UNIFIED IDEOGRAPH	W	2
9CD5	615D	E6859D	慝	CJK UNIFIED IDEOGRAPH	W	2
9CD6	6153	E68593	慓	CJK UNIFIED IDEOGRAPH	W	2
9CD7	6175	E685B5	慵	CJK UNIFIED IDEOGRAPH	W	2
9CD8	6199	E68699	憙	CJK UNIFIED IDEOGRAPH	W	2
9CD9	6196	E68696	憖	CJK UNIFIED IDEOGRAPH	W	2
9CDA	6187	E68687	憇	CJK UNIFIED IDEOGRAPH	W	2
9CDB	61AC	E686AC	憬	CJK UNIFIED IDEOGRAPH	W	2
9CDC	6194	E68694	憔	CJK UNIFIED IDEOGRAPH	W	2
9CDD	619A	E6869A	憚	CJK UNIFIED IDEOGRAPH	W	2
9CDE	618A	E6868A	憊	CJK UNIFIED IDEOGRAPH	W	2
9CDF	6191	E68691	憑	CJK UNIFIED IDEOGRAPH	W	2
9CE0	61AB	E686AB	憫	CJK UNIFIED IDEOGRAPH	W	2
9CE1	61AE	E686AE	憮	CJK UNIFIED IDEOGRAPH	W	2
9CE2	61CC	E6878C	懌	CJK UNIFIED IDEOGRAPH	W	2
9CE3	61CA	E6878A	懊	CJK UNIFIED IDEOGRAPH	W	2
9CE4	61C9	E68789	應	CJK UNIFIED IDEOGRAPH	W	2
9CE5	61F7	E687B7	懷	CJK UNIFIED IDEOGRAPH	W	2
9CE6	61C8	E68788	懈	CJK UNIFIED IDEOGRAPH	W	2
9CE7	61C3	E68783	懃	CJK UNIFIED IDEOGRAPH	W	2
9CE8	61C6	E68786	懆	CJK UNIFIED IDEOGRAPH	W	2
9CE9	61BA	E686BA	憺	CJK UNIFIED IDEOGRAPH	W	2
9CEA	61CB	E6878B	懋	CJK UNIFIED IDEOGRAPH	W	2
9CEB	7F79	E7BDB9	罹	CJK UNIFIED IDEOGRAPH	W	2
9CEC	61CD	E6878D	懍	CJK UNIFIED IDEOGRAPH	W	2
9CED	61E6	E687A6	懦	CJK UNIFIED IDEOGRAPH	W	2
9CEE	61E3	E687A3	懣	CJK UNIFIED IDEOGRAPH	W	2
9CEF	61F6	E687B6	懶	CJK UNIFIED IDEOGRAPH	W	2
9CF0	61FA	E687BA	懺	CJK UNIFIED IDEOGRAPH	W	2
9CF1	61F4	E687B4	懴	CJK UNIFIED IDEOGRAPH	W	2
9CF2	61FF	E687BF	懿	CJK UNIFIED IDEOGRAPH	W	2
9CF3	61FD	E687BD	懽	CJK UNIFIED IDEOGRAPH	W	2
9CF4	61FC	E687BC	懼	CJK UNIFIED IDEOGRAPH	W	2
9CF5	61FE	E687BE	懾	CJK UNIFIED IDEOGRAPH	W	2
9CF6	6200	E68880	戀	CJK UNIFIED IDEOGRAPH	W	2
9CF7	6208	E68888	戈	CJK UNIFIED IDEOGRAPH	W	2
9CF8	6209	E68889	戉	CJK UNIFIED IDEOGRAPH	W	2
9CF9	620D	E6888D	戍	CJK UNIFIED IDEOGRAPH	W	2
9CFA	620C	E6888C	戌	CJK UNIFIED IDEOGRAPH	W	2
9CFB	6214	E68894	戔	CJK UNIFIED IDEOGRAPH	W	2
9CFC	621B	E6889B	戛	CJK UNIFIED IDEOGRAPH	W	2
9D40	621E	E6889E	戞	CJK UNIFIED IDEOGRAPH	W	2
9D41	6221	E688A1	戡	CJK UNIFIED IDEOGRAPH	W	2
9D42	622A	E688AA	截	CJK UNIFIED IDEOGRAPH	W	2
9D43	622E	E688AE	戮	CJK UNIFIED IDEOGRAPH	W	2
9D44	6230	E688B0	戰	CJK UNIFIED IDEOGRAPH	W	2
9D45	6232	E688B2	戲	CJK UNIFIED IDEOGRAPH	W	2
9D46	6233	E688B3	戳	CJK UNIFIED IDEOGRAPH	W	2
9D47	6241	E68981	扁	CJK UNIFIED IDEOGRAPH	W	2
9D48	624E	E6898E	扎	CJK UNIFIED IDEOGRAPH	W	2
9D49	625E	E6899E	扞	CJK UNIFIED IDEOGRAPH	W	2
9D4A	6263	E689A3	扣	CJK UNIFIED IDEOGRAPH	W	2
9D4B	625B	E6899B	扛	CJK UNIFIED IDEOGRAPH	W	2
9D4C	6260	E689A0	扠	CJK UNIFIED IDEOGRAPH	W	2
9D4D	6268	E689A8	扨	CJK UNIFIED IDEOGRAPH	W	2
9D4E	627C	E689BC	扼	CJK UNIFIED IDEOGRAPH	W	2
9D4F	6282	E68A82	抂	CJK UNIFIED IDEOGRAPH	W	2
9D50	6289	E68A89	抉	CJK UNIFIED IDEOGRAPH	W	2
9D51	627E	E689BE	找	CJK UNIFIED IDEOGRAPH	W	2
9D52	6292	E68A92	抒	CJK UNIFIED IDEOGRAPH	W	2
9D53	6293	E68A93	抓	CJK UNIFIED IDEOGRAPH	W	2
9D54	6296	E68A96	抖	CJK UNIFIED IDEOGRAPH	W	2
9D55	62D4	E68B94	拔	CJK UNIFIED IDEOGRAPH	W	2
9D56	6283	E68A83	抃	CJK UNIFIED IDEOGRAPH	W	2
9D57	6294	E68A94	抔	CJK UNIFIED IDEOGRAPH	W	2
9D58	62D7	E68B97	拗	CJK UNIFIED IDEOGRAPH	W	2
9D59	62D1	E68B91	拑	CJK UNIFIED IDEOGRAPH	W	2
9D5A	62BB	E68ABB	抻	CJK UNIFIED IDEOGRAPH	W	2
9D5B	62CF	E68B8F	拏	CJK UNIFIED IDEOGRAPH	W	2
9D5C	62FF	E68BBF	拿	CJK UNIFIED IDEOGRAPH	W	2
9D5D	62C6	E68B86	拆	CJK UNIFIED IDEOGRAPH	W	2
9D5E	64D4	E69394	擔	CJK UNIFIED IDEOGRAPH	W	2
9D5F	62C8	E68B88	拈	CJK UNIFIED IDEOGRAPH	W	2
9D60	62DC	E68B9C	拜	CJK UNIFIED IDEOGRAPH	W	2
9D61	62CC	E68B8C	拌	CJK UNIFIED IDEOGRAPH	W	2
9D62	62CA	E68B8A	拊	CJK UNIFIED IDEOGRAPH	W	2
9D63	62C2	E68B82	拂	CJK UNIFIED IDEOGRAPH	W	2
9D64	62C7	E68B87	拇	CJK UNIFIED IDEOGRAPH	W	2
9D65	629B	E68A9B	抛	CJK UNIFIED IDEOGRAPH	W	2
9D66	62C9	E68B89	拉	CJK UNIFIED IDEOGRAPH	W	2
9D67	630C	E68C8C	挌	CJK UNIFIED IDEOGRAPH	W	2
9D68	62EE	E68BAE	拮	CJK UNIFIED IDEOGRAPH	W	2
9D69	62F1	E68BB1	拱	CJK UNIFIED IDEOGRAPH	W	2
9D6A	6327	E68CA7	挧	CJK UNIFIED IDEOGRAPH	W	2
9D6B	6302	E68C82	挂	CJK UNIFIED IDEOGRAPH	W	2
9D6C	6308	E68C88	挈	CJK UNIFIED IDEOGRAPH	W	2
9D6D	62EF	E68BAF	拯	CJK UNIFIED IDEOGRAPH	W	2
9D6E	62F5	E68BB5	拵	CJK UNIFIED IDEOGRAPH	W	2
9D6F	6350	E68D90	捐	CJK UNIFIED IDEOGRAPH	W	2
9D70	633E	E68CBE	挾	CJK UNIFIED IDEOGRAPH	W	2
9D71	634D	E68D8D	捍	CJK UNIFIED IDEOGRAPH	W	2
9D72	641C	E6909C	搜	CJK UNIFIED IDEOGRAPH	W	2
9D73	634F	E68D8F	捏	CJK UNIFIED IDEOGRAPH	W	2
9D74	6396	E68E96	掖	CJK UNIFIED IDEOGRAPH	W	2
9D75	638E	E68E8E	掎	CJK UNIFIED IDEOGRAPH	W	2
9D76	6380	E68E80	掀	CJK UNIFIED IDEOGRAPH	W	2
9D77	63AB	E68EAB	掫	CJK UNIFIED IDEOGRAPH	W	2
9D78	6376	E68DB6	捶	CJK UNIFIED IDEOGRAPH	W	2
9D79	63A3	E68EA3	掣	CJK UNIFIED IDEOGRAPH	W	2
9D7A	638F	E68E8F	掏	CJK UNIFIED IDEOGRAPH	W	2
9D7B	6389	E68E89	掉	CJK UNIFIED IDEOGRAPH	W	2
9D7C	639F	E68E9F	掟	CJK UNIFIED IDEOGRAPH	W	2
9D7D	63B5	E68EB5	掵	CJK UNIFIED IDEOGRAPH	W	2
9D7E	636B	E68DAB	捫	CJK UNIFIED IDEOGRAPH	W	2
9D80	6369	E68DA9	捩	CJK UNIFIED IDEOGRAPH	W	2
9D81	63BE	E68EBE	掾	CJK UNIFIED IDEOGRAPH	W	2
9D82	63E9	E68FA9	揩	CJK UNIFIED IDEOGRAPH	W	2
9D83	63C0	E68F80	揀	CJK UNIFIED IDEOGRAPH	W	2
9D84	63C6	E68F86	揆	CJK UNIFIED IDEOGRAPH	W	2
9D85	63E3	E68FA3	揣	CJK UNIFIED IDEOGRAPH	W	2
9D86	63C9	E68F89	揉	CJK UNIFIED IDEOGRAPH	W	2
9D87	63D2	E68F92	插	CJK UNIFIED IDEOGRAPH	W	2
9D88	63F6	E68FB6	揶	CJK UNIFIED IDEOGRAPH	W	2
9D89	63C4	E68F84	揄	CJK UNIFIED IDEOGRAPH	W	2
9D8A	6416	E69096	搖	CJK UNIFIED IDEOGRAPH	W	2
9D8B	6434	E690B4	搴	CJK UNIFIED IDEOGRAPH	W	2
9D8C	6406	E69086	搆	CJK UNIFIED IDEOGRAPH	W	2
9D8D	6413	E69093	搓	CJK UNIFIED IDEOGRAPH	W	2
9D8E	6426	E690A6	搦	CJK UNIFIED IDEOGRAPH	W	2
9D8F	6436	E690B6	搶	CJK UNIFIED IDEOGRAPH	W	2
9D90	651D	E6949D	攝	CJK UNIFIED IDEOGRAPH	W	2
9D91	6417	E69097	搗	CJK UNIFIED IDEOGRAPH	W	2
9D92	6428	E690A8	搨	CJK UNIFIED IDEOGRAPH	W	2
9D93	640F	E6908F	搏	CJK UNIFIED IDEOGRAPH	W	2
9D94	6467	E691A7	摧	CJK UNIFIED IDEOGRAPH	W	2
9D95	646F	E691AF	摯	CJK UNIFIED IDEOGRAPH	W	2
9D96	6476	E691B6	摶	CJK UNIFIED IDEOGRAPH	W	2
9D97	644E	E6918E	摎	CJK UNIFIED IDEOGRAPH	W	2
9D98	652A	E694AA	攪	CJK UNIFIED IDEOGRAPH	W	2
9D99	6495	E69295	撕	CJK UNIFIED IDEOGRAPH	W	2
9D9A	6493	E69293	撓	CJK UNIFIED IDEOGRAPH	W	2
9D9B	64A5	E692A5	撥	CJK UNIFIED IDEOGRAPH	W	2
9D9C	64A9	E692A9	撩	CJK UNIFIED IDEOGRAPH	W	2
9D9D	6488	E69288	撈	CJK UNIFIED IDEOGRAPH	W	2
9D9E	64BC	E692BC	撼	CJK UNIFIED IDEOGRAPH	W	2
9D9F	64DA	E6939A	據	CJK UNIFIED IDEOGRAPH	W	2
9DA0	64D2	E69392	擒	CJK UNIFIED IDEOGRAPH	W	2
9DA1	64C5	E69385	擅	CJK UNIFIED IDEOGRAPH	W	2
9DA2	64C7	E69387	擇	CJK UNIFIED IDEOGRAPH	W	2
9DA3	64BB	E692BB	撻	CJK UNIFIED IDEOGRAPH	W	2
9DA4	64D8	E69398	擘	CJK UNIFIED IDEOGRAPH	W	2
9DA5	64C2	E69382	擂	CJK UNIFIED IDEOGRAPH	W	2
9DA6	64F1	E693B1	擱	CJK UNIFIED IDEOGRAPH	W	2
9DA7	64E7	E693A7	擧	CJK UNIFIED IDEOGRAPH	W	2
9DA8	8209	E88889	舉	CJK UNIFIED IDEOGRAPH	W	2
9DA9	64E0	E693A0	擠	CJK UNIFIED IDEOGRAPH	W	2
9DAA	64E1	E693A1	擡	CJK UNIFIED IDEOGRAPH	W	2
9DAB	62AC	E68AAC	抬	CJK UNIFIED IDEOGRAPH	W	2
9DAC	64E3	E693A3	擣	CJK UNIFIED IDEOGRAPH	W	2
9DAD	64EF	E693AF	擯	CJK UNIFIED IDEOGRAPH	W	2
9DAE	652C	E694AC	攬	CJK UNIFIED IDEOGRAPH	W	2
9DAF	64F6	E693B6	擶	CJK UNIFIED IDEOGRAPH	W	2
9DB0	64F4	E693B4	擴	CJK UNIFIED IDEOGRAPH	W	2
9DB1	64F2	E693B2	擲	CJK UNIFIED IDEOGRAPH	W	2
9DB2	64FA	E693BA	擺	CJK UNIFIED IDEOGRAPH	W	2
9DB3	6500	E69480	攀	CJK UNIFIED IDEOGRAPH	W	2
9DB4	64FD	E693BD	擽	CJK UNIFIED IDEOGRAPH	W	2
9DB5	6518	E69498	攘	CJK UNIFIED IDEOGRAPH	W	2
9DB6	651C	E6949C	攜	CJK UNIFIED IDEOGRAPH	W	2
9DB7	6505	E69485	攅	CJK UNIFIED IDEOGRAPH	W	2
9DB8	6524	E694A4	攤	CJK UNIFIED IDEOGRAPH	W	2
9DB9	6523	E694A3	攣	CJK UNIFIED IDEOGRAPH	W	2
9DBA	652B	E694AB	攫	CJK UNIFIED IDEOGRAPH	W	2
9DBB	6534	E694B4	攴	CJK UNIFIED IDEOGRAPH	W	2
9DBC	6535	E694B5	攵	CJK UNIFIED IDEOGRAPH	W	2
9DBD	6537	E694B7	攷	CJK UNIFIED IDEOGRAPH	W	2
9DBE	6536	E694B6	收	CJK UNIFIED IDEOGRAPH	W	2
9DBF	6538	E694B8	攸	CJK UNIFIED IDEOGRAPH	W	2
9DC0	754B	E7958B	畋	CJK UNIFIED IDEOGRAPH	W	2
9DC1	6548	E69588	效	CJK UNIFIED IDEOGRAPH	W	2
9DC2	6556	E69596	敖	CJK UNIFIED IDEOGRAPH	W	2
9DC3	6555	E69595	敕	CJK UNIFIED IDEOGRAPH	W	2
9DC4	654D	E6958D	敍	CJK UNIFIED IDEOGRAPH	W	2
9DC5	6558	E69598	敘	CJK UNIFIED IDEOGRAPH	W	2
9DC6	655E	E6959E	敞	CJK UNIFIED IDEOGRAPH	W	2
9DC7	655D	E6959D	敝	CJK UNIFIED IDEOGRAPH	W	2
9DC8	6572	E695B2	敲	CJK UNIFIED IDEOGRAPH	W	2
9DC9	6578	E695B8	數	CJK UNIFIED IDEOGRAPH	W	2
9DCA	6582	E69682	斂	CJK UNIFIED IDEOGRAPH	W	2
9DCB	6583	E69683	斃	CJK UNIFIED IDEOGRAPH	W	2
9DCC	8B8A	E8AE8A	變	CJK UNIFIED IDEOGRAPH	W	2
9DCD	659B	E6969B	斛	CJK UNIFIED IDEOGRAPH	W	2
9DCE	659F	E6969F	斟	CJK UNIFIED IDEOGRAPH	W	2
9DCF	65AB	E696AB	斫	CJK UNIFIED IDEOGRAPH	W	2
9DD0	65B7	E696B7	斷	CJK UNIFIED IDEOGRAPH	W	2
9DD1	65C3	E69783	旃	CJK UNIFIED IDEOGRAPH	W	2
9DD2	65C6	E69786	旆	CJK UNIFIED IDEOGRAPH	W	2
9DD3	65C1	E69781	旁	CJK UNIFIED IDEOGRAPH	W	2
9DD4	65C4	E69784	旄	CJK UNIFIED IDEOGRAPH	W	2
9DD5	65CC	E6978C	旌	CJK UNIFIED IDEOGRAPH	W	2
9DD6	65D2	E69792	旒	CJK UNIFIED IDEOGRAPH	W	2
9DD7	65DB	E6979B	旛	CJK UNIFIED IDEOGRAPH	W	2
9DD8	65D9	E69799	旙	CJK UNIFIED IDEOGRAPH	W	2
9DD9	65E0	E697A0	无	CJK UNIFIED IDEOGRAPH	W	2
9DDA	65E1	E697A1	旡	CJK UNIFIED IDEOGRAPH	W	2
9DDB	65F1	E697B1	旱	CJK UNIFIED IDEOGRAPH	W	2
9DDC	6772	E69DB2	杲	CJK UNIFIED IDEOGRAPH	W	2
9DDD	660A	E6988A	昊	CJK UNIFIED IDEOGRAPH	W	2
9DDE	6603	E69883	昃	CJK UNIFIED IDEOGRAPH	W	2
9DDF	65FB	E697BB	旻	CJK UNIFIED IDEOGRAPH	W	2
9DE0	6773	E69DB3	杳	CJK UNIFIED IDEOGRAPH	W	2
9DE1	6635	E698B5	昵	CJK UNIFIED IDEOGRAPH	W	2
9DE2	6636	E698B6	昶	CJK UNIFIED IDEOGRAPH	W	2
9DE3	6634	E698B4	昴	CJK UNIFIED IDEOGRAPH	W	2
9DE4	661C	E6989C	昜	CJK UNIFIED IDEOGRAPH	W	2
9DE5	664F	E6998F	晏	CJK UNIFIED IDEOGRAPH	W	2
9DE6	6644	E69984	晄	CJK UNIFIED IDEOGRAPH	W	2
9DE7	6649	E69989	晉	CJK UNIFIED IDEOGRAPH	W	2
9DE8	6641	E69981	晁	CJK UNIFIED IDEOGRAPH	W	2
9DE9	665E	E6999E	晞	CJK UNIFIED IDEOGRAPH	W	2
9DEA	665D	E6999D	晝	CJK UNIFIED IDEOGRAPH	W	2
9DEB	6664	E699A4	晤	CJK UNIFIED IDEOGRAPH	W	2
9DEC	6667	E699A7	晧	CJK UNIFIED IDEOGRAPH	W	2
9DED	6668	E699A8	晨	CJK UNIFIED IDEOGRAPH	W	2
9DEE	665F	E6999F	晟	CJK UNIFIED IDEOGRAPH	W	2
9DEF	6662	E699A2	晢	CJK UNIFIED IDEOGRAPH	W	2
9DF0	6670	E699B0	晰	CJK UNIFIED IDEOGRAPH	W	2
9DF1	6683	E69A83	暃	CJK UNIFIED IDEOGRAPH	W	2
9DF2	6688	E69A88	暈	CJK UNIFIED IDEOGRAPH	W	2
9DF3	668E	E69A8E	暎	CJK UNIFIED IDEOGRAPH	W	2
9DF4	6689	E69A89	暉	CJK UNIFIED IDEOGRAPH	W	2
9DF5	6684	E69A84	暄	CJK UNIFIED IDEOGRAPH	W	2
9DF6	6698	E69A98	暘	CJK UNIFIED IDEOGRAPH	W	2
9DF7	669D	E69A9D	暝	CJK UNIFIED IDEOGRAPH	W	2
9DF8	66C1	E69B81	曁	CJK UNIFIED IDEOGRAPH	W	2
9DF9	66B9	E69AB9	暹	CJK UNIFIED IDEOGRAPH	W	2
9DFA	66C9	E69B89	曉	CJK UNIFIED IDEOGRAPH	W	2
9DFB	66BE	E69ABE	暾	CJK UNIFIED IDEOGRAPH	W	2
9DFC	66BC	E69ABC	暼	CJK UNIFIED IDEOGRAPH	W	2
9E40	66C4	E69B84	曄	CJK UNIFIED IDEOGRAPH	W	2
9E41	66B8	E69AB8	暸	CJK UNIFIED IDEOGRAPH	W	2
9E42	66D6	E69B96	曖	CJK UNIFIED IDEOGRAPH	W	2
9E43	66DA	E69B9A	曚	CJK UNIFIED IDEOGRAPH	W	2
9E44	66E0	E69BA0	曠	CJK UNIFIED IDEOGRAPH	W	2
9E45	663F	E698BF	昿	CJK UNIFIED IDEOGRAPH	W	2
9E46	66E6	E69BA6	曦	CJK UNIFIED IDEOGRAPH	W	2
9E47	66E9	E69BA9	曩	CJK UNIFIED IDEOGRAPH	W	2
9E48	66F0	E69BB0	曰	CJK UNIFIED IDEOGRAPH	W	2
9E49	66F5	E69BB5	曵	CJK UNIFIED IDEOGRAPH	W	2
9E4A	66F7	E69BB7	曷	CJK UNIFIED IDEOGRAPH	W	2
9E4B	670F	E69C8F	朏	CJK UNIFIED IDEOGRAPH	W	2
9E4C	6716	E69C96	朖	CJK UNIFIED IDEOGRAPH	W	2
9E4D	671E	E69C9E	朞	CJK UNIFIED IDEOGRAPH	W	2
9E4E	6726	E69CA6	朦	CJK UNIFIED IDEOGRAPH	W	2
9E4F	6727	E69CA7	朧	CJK UNIFIED IDEOGRAPH	W	2
9E50	9738	E99CB8	霸	CJK UNIFIED IDEOGRAPH	W	2
9E51	672E	E69CAE	朮	CJK UNIFIED IDEOGRAPH	W	2
9E52	673F	E69CBF	朿	CJK UNIFIED IDEOGRAPH	W	2
9E53	6736	E69CB6	朶	CJK UNIFIED IDEOGRAPH	W	2
9E54	6741	E69D81	杁	CJK UNIFIED IDEOGRAPH	W	2
9E55	6738	E69CB8	朸	CJK UNIFIED IDEOGRAPH	W	2
9E56	6737	E69CB7	朷	CJK UNIFIED IDEOGRAPH	W	2
9E57	6746	E69D86	杆	CJK UNIFIED IDEOGRAPH	W	2
9E58	675E	E69D9E	杞	CJK UNIFIED IDEOGRAPH	W	2
9E59	6760	E69DA0	杠	CJK UNIFIED IDEOGRAPH	W	2
9E5A	6759	E69D99	杙	CJK UNIFIED IDEOGRAPH	W	2
9E5B	6763	E69DA3	杣	CJK UNIFIED IDEOGRAPH	W	2
9E5C	6764	E69DA4	杤	CJK UNIFIED IDEOGRAPH	W	2
9E5D	6789	E69E89	枉	CJK UNIFIED IDEOGRAPH	W	2
9E5E	6770	E69DB0	杰	CJK UNIFIED IDEOGRAPH	W	2
9E5F	67A9	E69EA9	枩	CJK UNIFIED IDEOGRAPH	W	2
9E60	677C	E69DBC	杼	CJK UNIFIED IDEOGRAPH	W	2
9E61	676A	E69DAA	杪	CJK UNIFIED IDEOGRAPH	W	2
9E62	678C	E69E8C	枌	CJK UNIFIED IDEOGRAPH	W	2
9E63	678B	E69E8B	枋	CJK UNIFIED IDEOGRAPH	W	2
9E64	67A6	E69EA6	枦	CJK UNIFIED IDEOGRAPH	W	2
9E65	67A1	E69EA1	枡	CJK UNIFIED IDEOGRAPH	W	2
9E66	6785	E69E85	枅	CJK UNIFIED IDEOGRAPH	W	2
9E67	67B7	E69EB7	枷	CJK UNIFIED IDEOGRAPH	W	2
9E68	67EF	E69FAF	柯	CJK UNIFIED IDEOGRAPH	W	2
9E69	67B4	E69EB4	枴	CJK UNIFIED IDEOGRAPH	W	2
9E6A	67EC	E69FAC	柬	CJK UNIFIED IDEOGRAPH	W	2
9E6B	67B3	E69EB3	枳	CJK UNIFIED IDEOGRAPH	W	2
9E6C	67E9	E69FA9	柩	CJK UNIFIED IDEOGRAPH	W	2
9E6D	67B8	E69EB8	枸	CJK UNIFIED IDEOGRAPH	W	2
9E6E	67E4	E69FA4	柤	CJK UNIFIED IDEOGRAPH	W	2
9E6F	67DE	E69F9E	柞	CJK UNIFIED IDEOGRAPH	W	2
9E70	67DD	E69F9D	柝	CJK UNIFIED IDEOGRAPH	W	2
9E71	67E2	E69FA2	柢	CJK UNIFIED IDEOGRAPH	W	2
9E72	67EE	E69FAE	柮	CJK UNIFIED IDEOGRAPH	W	2
9E73	67B9	E69EB9	枹	CJK UNIFIED IDEOGRAPH	W	2
9E74	67CE	E69F8E	柎	CJK UNIFIED IDEOGRAPH	W	2
9E75	67C6	E69F86	柆	CJK UNIFIED IDEOGRAPH	W	2
9E76	67E7	E69FA7	柧	CJK UNIFIED IDEOGRAPH	W	2
9E77	6A9C	E6AA9C	檜	CJK UNIFIED IDEOGRAPH	W	2
9E78	681E	E6A09E	栞	CJK UNIFIED IDEOGRAPH	W	2
9E79	6846	E6A186	框	CJK UNIFIED IDEOGRAPH	W	2
9E7A	6829	E6A0A9	栩	CJK UNIFIED IDEOGRAPH	W	2
9E7B	6840	E6A180	桀	CJK UNIFIED IDEOGRAPH	W	2
9E7C	684D	E6A18D	桍	CJK UNIFIED IDEOGRAPH	W	2
9E7D	6832	E6A0B2	栲	CJK UNIFIED IDEOGRAPH	W	2
9E7E	684E	E6A18E	桎	CJK UNIFIED IDEOGRAPH	W	2
9E80	68B3	E6A2B3	梳	CJK UNIFIED IDEOGRAPH	W	2
9E81	682B	E6A0AB	栫	CJK UNIFIED IDEOGRAPH	W	2
9E82	6859	E6A199	桙	CJK UNIFIED IDEOGRAPH	W	2
9E83	6863	E6A1A3	档	CJK UNIFIED IDEOGRAPH	W	2
9E84	6877	E6A1B7	桷	CJK UNIFIED IDEOGRAPH	W	2
9E85	687F	E6A1BF	桿	CJK UNIFIED IDEOGRAPH	W	2
9E86	689F	E6A29F	梟	CJK UNIFIED IDEOGRAPH	W	2
9E87	688F	E6A28F	梏	CJK UNIFIED IDEOGRAPH	W	2
9E88	68AD	E6A2AD	梭	CJK UNIFIED IDEOGRAPH	W	2
9E89	6894	E6A294	梔	CJK UNIFIED IDEOGRAPH	W	2
9E8A	689D	E6A29D	條	CJK UNIFIED IDEOGRAPH	W	2
9E8B	689B	E6A29B	梛	CJK UNIFIED IDEOGRAPH	W	2
9E8C	6883	E6A283	梃	CJK UNIFIED IDEOGRAPH	W	2
9E8D	6AAE	E6AAAE	檮	CJK UNIFIED IDEOGRAPH	W	2
9E8E	68B9	E6A2B9	梹	CJK UNIFIED IDEOGRAPH	W	2
9E8F	6874	E6A1B4	桴	CJK UNIFIED IDEOGRAPH	W	2
9E90	68B5	E6A2B5	梵	CJK UNIFIED IDEOGRAPH	W	2
9E91	68A0	E6A2A0	梠	CJK UNIFIED IDEOGRAPH	W	2
9E92	68BA	E6A2BA	梺	CJK UNIFIED IDEOGRAPH	W	2
9E93	690F	E6A48F	椏	CJK UNIFIED IDEOGRAPH	W	2
9E94	688D	E6A28D	梍	CJK UNIFIED IDEOGRAPH	W	2
9E95	687E	E6A1BE	桾	CJK UNIFIED IDEOGRAPH	W	2
9E96	6901	E6A481	椁	CJK UNIFIED IDEOGRAPH	W	2
9E97	68CA	E6A38A	棊	CJK UNIFIED IDEOGRAPH	W	2
9E98	6908	E6A488	椈	CJK UNIFIED IDEOGRAPH	W	2
9E99	68D8	E6A398	棘	CJK UNIFIED IDEOGRAPH	W	2
9E9A	6922	E6A4A2	椢	CJK UNIFIED IDEOGRAPH	W	2
9E9B	6926	E6A4A6	椦	CJK UNIFIED IDEOGRAPH	W	2
9E9C	68E1	E6A3A1	棡	CJK UNIFIED IDEOGRAPH	W	2
9E9D	690C	E6A48C	椌	CJK UNIFIED IDEOGRAPH	W	2
9E9E	68CD	E6A38D	棍	CJK UNIFIED IDEOGRAPH	W	2
9E9F	68D4	E6A394	棔	CJK UNIFIED IDEOGRAPH	W	2
9EA0	68E7	E6A3A7	棧	CJK UNIFIED IDEOGRAPH	W	2
9EA1	68D5	E6A395	棕	CJK UNIFIED IDEOGRAPH	W	2
9EA2	6936	E6A4B6	椶	CJK UNIFIED IDEOGRAPH	W	2
9EA3	6912	E6A492	椒	CJK UNIFIED IDEOGRAPH	W	2
9EA4	6904	E6A484	椄	CJK UNIFIED IDEOGRAPH	W	2
9EA5	68D7	E6A397	棗	CJK UNIFIED IDEOGRAPH	W	2
9EA6	68E3	E6A3A3	棣	CJK UNIFIED IDEOGRAPH	W	2
9EA7	6925	E6A4A5	椥	CJK UNIFIED IDEOGRAPH	W	2
9EA8	68F9	E6A3B9	棹	CJK UNIFIED IDEOGRAPH	W	2
9EA9	68E0	E6A3A0	棠	CJK UNIFIED IDEOGRAPH	W	2
9EAA	68EF	E6A3AF	棯	CJK UNIFIED IDEOGRAPH	W	2
9EAB	6928	E6A4A8	椨	CJK UNIFIED IDEOGRAPH	W	2
9EAC	692A	E6A4AA	椪	CJK UNIFIED IDEOGRAPH	W	2
9EAD	691A	E6A49A	椚	CJK UNIFIED IDEOGRAPH	W	2
9EAE	6923	E6A4A3	椣	CJK UNIFIED IDEOGRAPH	W	2
9EAF	6921	E6A4A1	椡	CJK UNIFIED IDEOGRAPH	W	2
9EB0	68C6	E6A386	棆	CJK UNIFIED IDEOGRAPH	W	2
9EB1	6979	E6A5B9	楹	CJK UNIFIED IDEOGRAPH	W	2
9EB2	6977	E6A5B7	楷	CJK UNIFIED IDEOGRAPH	W	2
9EB3	695C	E6A59C	楜	CJK UNIFIED IDEOGRAPH	W	2
9EB4	6978	E6A5B8	楸	CJK UNIFIED IDEOGRAPH	W	2
9EB5	696B	E6A5AB	楫	CJK UNIFIED IDEOGRAPH	W	2
9EB6	6954	E6A594	楔	CJK UNIFIED IDEOGRAPH	W	2
9EB7	697E	E6A5BE	楾	CJK UNIFIED IDEOGRAPH	W	2
9EB8	696E	E6A5AE	楮	CJK UNIFIED IDEOGRAPH	W	2
9EB9	6939	E6A4B9	椹	CJK UNIFIED IDEOGRAPH	W	2
9EBA	6974	E6A5B4	楴	CJK UNIFIED IDEOGRAPH	W	2
9EBB	693D	E6A4BD	椽	CJK UNIFIED IDEOGRAPH	W	2
9EBC	6959	E6A599	楙	CJK UNIFIED IDEOGRAPH	W	2
9EBD	6930	E6A4B0	椰	CJK UNIFIED IDEOGRAPH	W	2
9EBE	6961	E6A5A1	楡	CJK UNIFIED IDEOGRAPH	W	2
9EBF	695E	E6A59E	楞	CJK UNIFIED IDEOGRAPH	W	2
9EC0	695D	E6A59D	楝	CJK UNIFIED IDEOGRAPH	W	2
9EC1	6981	E6A681	榁	CJK UNIFIED IDEOGRAPH	W	2
9EC2	696A	E6A5AA	楪	CJK UNIFIED IDEOGRAPH	W	2
9EC3	69B2	E6A6B2	榲	CJK UNIFIED IDEOGRAPH	W	2
9EC4	69AE	E6A6AE	榮	CJK UNIFIED IDEOGRAPH	W	2
9EC5	69D0	E6A790	槐	CJK UNIFIED IDEOGRAPH	W	2
9EC6	69BF	E6A6BF	榿	CJK UNIFIED IDEOGRAPH	W	2
9EC7	69C1	E6A781	槁	CJK UNIFIED IDEOGRAPH	W	2
9EC8	69D3	E6A793	槓	CJK UNIFIED IDEOGRAPH	W	2
9EC9	69BE	E6A6BE	榾	CJK UNIFIED IDEOGRAPH	W	2
9ECA	69CE	E6A78E	槎	CJK UNIFIED IDEOGRAPH	W	2
9ECB	5BE8	E5AFA8	寨	CJK UNIFIED IDEOGRAPH	W	2
9ECC	69CA	E6A78A	槊	CJK UNIFIED IDEOGRAPH	W	2
9ECD	69DD	E6A79D	槝	CJK UNIFIED IDEOGRAPH	W	2
9ECE	69BB	E6A6BB	榻	CJK UNIFIED IDEOGRAPH	W	2
9ECF	69C3	E6A783	槃	CJK UNIFIED IDEOGRAPH	W	2
9ED0	69A7	E6A6A7	榧	CJK UNIFIED IDEOGRAPH	W	2
9ED1	6A2E	E6A8AE	樮	CJK UNIFIED IDEOGRAPH	W	2
9ED2	6991	E6A691	榑	CJK UNIFIED IDEOGRAPH	W	2
9ED3	69A0	E6A6A0	榠	CJK UNIFIED IDEOGRAPH	W	2
9ED4	699C	E6A69C	榜	CJK UNIFIED IDEOGRAPH	W	2
9ED5	6995	E6A695	榕	CJK UNIFIED IDEOGRAPH	W	2
9ED6	69B4	E6A6B4	榴	CJK UNIFIED IDEOGRAPH	W	2
9ED7	69DE	E6A79E	槞	CJK UNIFIED IDEOGRAPH	W	2
9ED8	69E8	E6A7A8	槨	CJK UNIFIED IDEOGRAPH	W	2
9ED9	6A02	E6A882	樂	CJK UNIFIED IDEOGRAPH	W	2
9EDA	6A1B	E6A89B	樛	CJK UNIFIED IDEOGRAPH	W	2
9EDB	69FF	E6A7BF	槿	CJK UNIFIED IDEOGRAPH	W	2
9EDC	6B0A	E6AC8A	權	CJK UNIFIED IDEOGRAPH	W	2
9EDD	69F9	E6A7B9	槹	CJK UNIFIED IDEOGRAPH	W	2
9EDE	69F2	E6A7B2	槲	CJK UNIFIED IDEOGRAPH	W	2
9EDF	69E7	E6A7A7	槧	CJK UNIFIED IDEOGRAPH	W	2
9EE0	6A05	E6A885	樅	CJK UNIFIED IDEOGRAPH	W	2
9EE1	69B1	E6A6B1	榱	CJK UNIFIED IDEOGRAPH	W	2
9EE2	6A1E	E6A89E	樞	CJK UNIFIED IDEOGRAPH	W	2
9EE3	69ED	E6A7AD	槭	CJK UNIFIED IDEOGRAPH	W	2
9EE4	6A14	E6A894	樔	CJK UNIFIED IDEOGRAPH	W	2
9EE5	69EB	E6A7AB	槫	CJK UNIFIED IDEOGRAPH	W	2
9EE6	6A0A	E6A88A	樊	CJK UNIFIED IDEOGRAPH	W	2
9EE7	6A12	E6A892	樒	CJK UNIFIED IDEOGRAPH	W	2
9EE8	6AC1	E6AB81	櫁	CJK UNIFIED IDEOGRAPH	W	2
9EE9	6A23	E6A8A3	樣	CJK UNIFIED IDEOGRAPH	W	2
9EEA	6A13	E6A893	樓	CJK UNIFIED IDEOGRAPH	W	2
9EEB	6A44	E6A984	橄	CJK UNIFIED IDEOGRAPH	W	2
9EEC	6A0C	E6A88C	樌	CJK UNIFIED IDEOGRAPH	W	2
9EED	6A72	E6A9B2	橲	CJK UNIFIED IDEOGRAPH	W	2
9EEE	6A36	E6A8B6	樶	CJK UNIFIED IDEOGRAPH	W	2
9EEF	6A78	E6A9B8	橸	CJK UNIFIED IDEOGRAPH	W	2
9EF0	6A47	E6A987	橇	CJK UNIFIED IDEOGRAPH	W	2
9EF1	6A62	E6A9A2	橢	CJK UNIFIED IDEOGRAPH	W	2
9EF2	6A59	E6A999	橙	CJK UNIFIED IDEOGRAPH	W	2
9EF3	6A66	E6A9A6	橦	CJK UNIFIED IDEOGRAPH	W	2
9EF4	6A48	E6A988	橈	CJK UNIFIED IDEOGRAPH	W	2
9EF5	6A38	E6A8B8	樸	CJK UNIFIED IDEOGRAPH	W	2
9EF6	6A22	E6A8A2	樢	CJK UNIFIED IDEOGRAPH	W	2
9EF7	6A90	E6AA90	檐	CJK UNIFIED IDEOGRAPH	W	2
9EF8	6A8D	E6AA8D	檍	CJK UNIFIED IDEOGRAPH	W	2
9EF9	6AA0	E6AAA0	檠	CJK UNIFIED IDEOGRAPH	W	2
9EFA	6A84	E6AA84	檄	CJK UNIFIED IDEOGRAPH	W	2
9EFB	6AA2	E6AAA2	檢	CJK UNIFIED IDEOGRAPH	W	2
9EFC	6AA3	E6AAA3	檣	CJK UNIFIED IDEOGRAPH	W	2
9F40	6A97	E6AA97	檗	CJK UNIFIED IDEOGRAPH	W	2
9F41	8617	E89897	蘗	CJK UNIFIED IDEOGRAPH	W	2
9F42	6ABB	E6AABB	檻	CJK UNIFIED IDEOGRAPH	W	2
9F43	6AC3	E6AB83	櫃	CJK UNIFIED IDEOGRAPH	W	2
9F44	6AC2	E6AB82	櫂	CJK UNIFIED IDEOGRAPH	W	2
9F45	6AB8	E6AAB8	檸	CJK UNIFIED IDEOGRAPH	W	2
9F46	6AB3	E6AAB3	檳	CJK UNIFIED IDEOGRAPH	W	2
9F47	6AAC	E6AAAC	檬	CJK UNIFIED IDEOGRAPH	W	2
9F48	6ADE	E6AB9E	櫞	CJK UNIFIED IDEOGRAPH	W	2
9F49	6AD1	E6AB91	櫑	CJK UNIFIED IDEOGRAPH	W	2
9F4A	6ADF	E6AB9F	櫟	CJK UNIFIED IDEOGRAPH	W	2
9F4B	6AAA	E6AAAA	檪	CJK UNIFIED IDEOGRAPH	W	2
9F4C	6ADA	E6AB9A	櫚	CJK UNIFIED IDEOGRAPH	W	2
9F4D	6AEA	E6ABAA	櫪	CJK UNIFIED IDEOGRAPH	W	2
9F4E	6AFB	E6ABBB	櫻	CJK UNIFIED IDEOGRAPH	W	2
9F4F	6B05	E6AC85	欅	CJK UNIFIED IDEOGRAPH	W	2
9F50	8616	E89896	蘖	CJK UNIFIED IDEOGRAPH	W	2
9F51	6AFA	E6ABBA	櫺	CJK UNIFIED IDEOGRAPH	W	2
9F52	6B12	E6AC92	欒	CJK UNIFIED IDEOGRAPH	W	2
9F53	6B16	E6AC96	欖	CJK UNIFIED IDEOGRAPH	W	2
9F54	9B31	E9ACB1	鬱	CJK UNIFIED IDEOGRAPH	W	2
9F55	6B1F	E6AC9F	欟	CJK UNIFIED IDEOGRAPH	W	2
9F56	6B38	E6ACB8	欸	CJK UNIFIED IDEOGRAPH	W	2
9F57	6B37	E6ACB7	欷	CJK UNIFIED IDEOGRAPH	W	2
9F58	76DC	E79B9C	盜	CJK UNIFIED IDEOGRAPH	W	2
9F59	6B39	E6ACB9	欹	CJK UNIFIED IDEOGRAPH	W	2
9F5A	98EE	E9A3AE	飮	CJK UNIFIED IDEOGRAPH	W	2
9F5B	6B47	E6AD87	歇	CJK UNIFIED IDEOGRAPH	W	2
9F5C	6B43	E6AD83	歃	CJK UNIFIED IDEOGRAPH	W	2
9F5D	6B49	E6AD89	歉	CJK UNIFIED IDEOGRAPH	W	2
9F5E	6B50	E6AD90	歐	CJK UNIFIED IDEOGRAPH	W	2
9F5F	6B59	E6AD99	歙	CJK UNIFIED IDEOGRAPH	W	2
9F60	6B54	E6AD94	歔	CJK UNIFIED IDEOGRAPH	W	2
9F61	6B5B	E6AD9B	歛	CJK UNIFIED IDEOGRAPH	W	2
9F62	6B5F	E6AD9F	歟	CJK UNIFIED IDEOGRAPH	W	2
9F63	6B61	E6ADA1	歡	CJK UNIFIED IDEOGRAPH	W	2
9F64	6B78	E6ADB8	歸	CJK UNIFIED IDEOGRAPH	W	2
9F65	6B79	E6ADB9	歹	CJK UNIFIED IDEOGRAPH	W	2
9F66	6B7F	E6ADBF	歿	CJK UNIFIED IDEOGRAPH	W	2
9F67	6B80	E6AE80	殀	CJK UNIFIED IDEOGRAPH	W	2
9F68	6B84	E6AE84	殄	CJK UNIFIED IDEOGRAPH	W	2
9F69	6B83	E6AE83	殃	CJK UNIFIED IDEOGRAPH	W	2
9F6A	6B8D	E6AE8D	殍	CJK UNIFIED IDEOGRAPH	W	2
9F6B	6B98	E6AE98	殘	CJK UNIFIED IDEOGRAPH	W	2
9F6C	6B95	E6AE95	殕	CJK UNIFIED IDEOGRAPH	W	2
9F6D	6B9E	E6AE9E	殞	CJK UNIFIED IDEOGRAPH	W	2
9F6E	6BA4	E6AEA4	殤	CJK UNIFIED IDEOGRAPH	W	2
9F6F	6BAA	E6AEAA	殪	CJK UNIFIED IDEOGRAPH	W	2
9F70	6BAB	E6AEAB	殫	CJK UNIFIED IDEOGRAPH	W	2
9F71	6BAF	E6AEAF	殯	CJK UNIFIED IDEOGRAPH	W	2
9F72	6BB2	E6AEB2	殲	CJK UNIFIED IDEOGRAPH	W	2
9F73	6BB1	E6AEB1	殱	CJK UNIFIED IDEOGRAPH	W	2
9F74	6BB3	E6AEB3	殳	CJK UNIFIED IDEOGRAPH	W	2
9F75	6BB7	E6AEB7	殷	CJK UNIFIED IDEOGRAPH	W	2
9F76	6BBC	E6AEBC	殼	CJK UNIFIED IDEOGRAPH	W	2
9F77	6BC6	E6AF86	毆	CJK UNIFIED IDEOGRAPH	W	2
9F78	6BCB	E6AF8B	毋	CJK UNIFIED IDEOGRAPH	W	2
9F79	6BD3	E6AF93	毓	CJK UNIFIED IDEOGRAPH	W	2
9F7A	6BDF	E6AF9F	毟	CJK UNIFIED IDEOGRAPH	W	2
9F7B	6BEC	E6AFAC	毬	CJK UNIFIED IDEOGRAPH	W	2
9F7C	6BEB	E6AFAB	毫	CJK UNIFIED IDEOGRAPH	W	2
9F7D	6BF3	E6AFB3	毳	CJK UNIFIED IDEOGRAPH	W	2
9F7E	6BEF	E6AFAF	毯	CJK UNIFIED IDEOGRAPH	W	2
9F80	9EBE	E9BABE	麾	CJK UNIFIED IDEOGRAPH	W	2
9F81	6C08	E6B088	氈	CJK UNIFIED IDEOGRAPH	W	2
9F82	6C13	E6B093	氓	CJK UNIFIED IDEOGRAPH	W	2
9F83	6C14	E6B094	气	CJK UNIFIED IDEOGRAPH	W	2
9F84	6C1B	E6B09B	氛	CJK UNIFIED IDEOGRAPH	W	2
9F85	6C24	E6B0A4	氤	CJK UNIFIED IDEOGRAPH	W	2
9F86	6C23	E6B0A3	氣	CJK UNIFIED IDEOGRAPH	W	2
9F87	6C5E	E6B19E	汞	CJK UNIFIED IDEOGRAPH	W	2
9F88	6C55	E6B195	汕	CJK UNIFIED IDEOGRAPH	W	2
9F89	6C62	E6B1A2	汢	CJK UNIFIED IDEOGRAPH	W	2
9F8A	6C6A	E6B1AA	汪	CJK UNIFIED IDEOGRAPH	W	2
9F8B	6C82	E6B282	沂	CJK UNIFIED IDEOGRAPH	W	2
9F8C	6C8D	E6B28D	沍	CJK UNIFIED IDEOGRAPH	W	2
9F8D	6C9A	E6B29A	沚	CJK UNIFIED IDEOGRAPH	W	2
9F8E	6C81	E6B281	沁	CJK UNIFIED IDEOGRAPH	W	2
9F8F	6C9B	E6B29B	沛	CJK UNIFIED IDEOGRAPH	W	2
9F90	6C7E	E6B1BE	汾	CJK UNIFIED IDEOGRAPH	W	2
9F91	6C68	E6B1A8	汨	CJK UNIFIED IDEOGRAPH	W	2
9F92	6C73	E6B1B3	汳	CJK UNIFIED IDEOGRAPH	W	2
9F93	6C92	E6B292	沒	CJK UNIFIED IDEOGRAPH	W	2
9F94	6C90	E6B290	沐	CJK UNIFIED IDEOGRAPH	W	2
9F95	6CC4	E6B384	泄	CJK UNIFIED IDEOGRAPH	W	2
9F96	6CF1	E6B3B1	泱	CJK UNIFIED IDEOGRAPH	W	2
9F97	6CD3	E6B393	泓	CJK UNIFIED IDEOGRAPH	W	2
9F98	6CBD	E6B2BD	沽	CJK UNIFIED IDEOGRAPH	W	2
9F99	6CD7	E6B397	泗	CJK UNIFIED IDEOGRAPH	W	2
9F9A	6CC5	E6B385	泅	CJK UNIFIED IDEOGRAPH	W	2
9F9B	6CDD	E6B39D	泝	CJK UNIFIED IDEOGRAPH	W	2
9F9C	6CAE	E6B2AE	沮	CJK UNIFIED IDEOGRAPH	W	2
9F9D	6CB1	E6B2B1	沱	CJK UNIFIED IDEOGRAPH	W	2
9F9E	6CBE	E6B2BE	沾	CJK UNIFIED IDEOGRAPH	W	2
9F9F	6CBA	E6B2BA	沺	CJK UNIFIED IDEOGRAPH	W	2
9FA0	6CDB	E6B39B	泛	CJK UNIFIED IDEOGRAPH	W	2
9FA1	6CEF	E6B3AF	泯	CJK UNIFIED IDEOGRAPH	W	2
9FA2	6CD9	E6B399	泙	CJK UNIFIED IDEOGRAPH	W	2
9FA3	6CEA	E6B3AA	泪	CJK UNIFIED IDEOGRAPH	W	2
9FA4	6D1F	E6B49F	洟	CJK UNIFIED IDEOGRAPH	W	2
9FA5	884D	E8A18D	衍	CJK UNIFIED IDEOGRAPH	W	2
9FA6	6D36	E6B4B6	洶	CJK UNIFIED IDEOGRAPH	W	2
9FA7	6D2B	E6B4AB	洫	CJK UNIFIED IDEOGRAPH	W	2
9FA8	6D3D	E6B4BD	洽	CJK UNIFIED IDEOGRAPH	W	2
9FA9	6D38	E6B4B8	洸	CJK UNIFIED IDEOGRAPH	W	2
9FAA	6D19	E6B499	洙	CJK UNIFIED IDEOGRAPH	W	2
9FAB	6D35	E6B4B5	洵	CJK UNIFIED IDEOGRAPH	W	2
9FAC	6D33	E6B4B3	洳	CJK UNIFIED IDEOGRAPH	W	2
9FAD	6D12	E6B492	洒	CJK UNIFIED IDEOGRAPH	W	2
9FAE	6D0C	E6B48C	洌	CJK UNIFIED IDEOGRAPH	W	2
9FAF	6D63	E6B5A3	浣	CJK UNIFIED IDEOGRAPH	W	2
9FB0	6D93	E6B693	涓	CJK UNIFIED IDEOGRAPH	W	2
9FB1	6D64	E6B5A4	浤	CJK UNIFIED IDEOGRAPH	W	2
9FB2	6D5A	E6B59A	浚	CJK UNIFIED IDEOGRAPH	W	2
9FB3	6D79	E6B5B9	浹	CJK UNIFIED IDEOGRAPH	W	2
9FB4	6D59	E6B599	浙	CJK UNIFIED IDEOGRAPH	W	2
9FB5	6D8E	E6B68E	涎	CJK UNIFIED IDEOGRAPH	W	2
9FB6	6D95	E6B695	涕	CJK UNIFIED IDEOGRAPH	W	2
9FB7	6FE4	E6BFA4	濤	CJK UNIFIED IDEOGRAPH	W	2
9FB8	6D85	E6B685	涅	CJK UNIFIED IDEOGRAPH	W	2
9FB9	6DF9	E6B7B9	淹	CJK UNIFIED IDEOGRAPH	W	2
9FBA	6E15	E6B895	渕	CJK UNIFIED IDEOGRAPH	W	2
9FBB	6E0A	E6B88A	渊	CJK UNIFIED IDEOGRAPH	W	2
9FBC	6DB5	E6B6B5	涵	CJK UNIFIED IDEOGRAPH	W	2
9FBD	6DC7	E6B787	淇	CJK UNIFIED IDEOGRAPH	W	2
9FBE	6DE6	E6B7A6	淦	CJK UNIFIED IDEOGRAPH	W	2
9FBF	6DB8	E6B6B8	涸	CJK UNIFIED IDEOGRAPH	W	2
9FC0	6DC6	E6B786	淆	CJK UNIFIED IDEOGRAPH	W	2
9FC1	6DEC	E6B7AC	淬	CJK UNIFIED IDEOGRAPH	W	2
9FC2	6DDE	E6B79E	淞	CJK UNIFIED IDEOGRAPH	W	2
9FC3	6DCC	E6B78C	淌	CJK UNIFIED IDEOGRAPH	W	2
9FC4	6DE8	E6B7A8	淨	CJK UNIFIED IDEOGRAPH	W	2
9FC5	6DD2	E6B792	淒	CJK UNIFIED IDEOGRAPH	W	2
9FC6	6DC5	E6B785	淅	CJK UNIFIED IDEOGRAPH	W	2
9FC7	6DFA	E6B7BA	淺	CJK UNIFIED IDEOGRAPH	W	2
9FC8	6DD9	E6B799	淙	CJK UNIFIED IDEOGRAPH	W	2
9FC9	6DE4	E6B7A4	淤	CJK UNIFIED IDEOGRAPH	W	2
9FCA	6DD5	E6B795	淕	CJK UNIFIED IDEOGRAPH	W	2
9FCB	6DEA	E6B7AA	淪	CJK UNIFIED IDEOGRAPH	W	2
9FCC	6DEE	E6B7AE	淮	CJK UNIFIED IDEOGRAPH	W	2
9FCD	6E2D	E6B8AD	渭	CJK UNIFIED IDEOGRAPH	W	2
9FCE	6E6E	E6B9AE	湮	CJK UNIFIED IDEOGRAPH	W	2
9FCF	6E2E	E6B8AE	渮	CJK UNIFIED IDEOGRAPH	W	2
9FD0	6E19	E6B899	渙	CJK UNIFIED IDEOGRAPH	W	2
9FD1	6E72	E6B9B2	湲	CJK UNIFIED IDEOGRAPH	W	2
9FD2	6E5F	E6B99F	湟	CJK UNIFIED IDEOGRAPH	W	2
9FD3	6E3E	E6B8BE	渾	CJK UNIFIED IDEOGRAPH	W	2
9FD4	6E23	E6B8A3	渣	CJK UNIFIED IDEOGRAPH	W	2
9FD5	6E6B	E6B9AB	湫	CJK UNIFIED IDEOGRAPH	W	2
9FD6	6E2B	E6B8AB	渫	CJK UNIFIED IDEOGRAPH	W	2
9FD7	6E76	E6B9B6	湶	CJK UNIFIED IDEOGRAPH	W	2
9FD8	6E4D	E6B98D	湍	CJK UNIFIED IDEOGRAPH	W	2
9FD9	6E1F	E6B89F	渟	CJK UNIFIED IDEOGRAPH	W	2
9FDA	6E43	E6B983	湃	CJK UNIFIED IDEOGRAPH	W	2
9FDB	6E3A	E6B8BA	渺	CJK UNIFIED IDEOGRAPH	W	2
9FDC	6E4E	E6B98E	湎	CJK UNIFIED IDEOGRAPH	W	2
9FDD	6E24	E6B8A4	渤	CJK UNIFIED IDEOGRAPH	W	2
9FDE	6EFF	E6BBBF	滿	CJK UNIFIED IDEOGRAPH	W	2
9FDF	6E1D	E6B89D	渝	CJK UNIFIED IDEOGRAPH	W	2
9FE0	6E38	E6B8B8	游	CJK UNIFIED IDEOGRAPH	W	2
9FE1	6E82	E6BA82	溂	CJK UNIFIED IDEOGRAPH	W	2
9FE2	6EAA	E6BAAA	溪	CJK UNIFIED IDEOGRAPH	W	2
9FE3	6E98	E6BA98	溘	CJK UNIFIED IDEOGRAPH	W	2
9FE4	6EC9	E6BB89	滉	CJK UNIFIED IDEOGRAPH	W	2
9FE5	6EB7	E6BAB7	溷	CJK UNIFIED IDEOGRAPH	W	2
9FE6	6ED3	E6BB93	滓	CJK UNIFIED IDEOGRAPH	W	2
9FE7	6EBD	E6BABD	溽	CJK UNIFIED IDEOGRAPH	W	2
9FE8	6EAF	E6BAAF	溯	CJK UNIFIED IDEOGRAPH	W	2
9FE9	6EC4	E6BB84	滄	CJK UNIFIED IDEOGRAPH	W	2
9FEA	6EB2	E6BAB2	溲	CJK UNIFIED IDEOGRAPH	W	2
9FEB	6ED4	E6BB94	滔	CJK UNIFIED IDEOGRAPH	W	2
9FEC	6ED5	E6BB95	滕	CJK UNIFIED IDEOGRAPH	W	2
9FED	6E8F	E6BA8F	溏	CJK UNIFIED IDEOGRAPH	W	2
9FEE	6EA5	E6BAA5	溥	CJK UNIFIED IDEOGRAPH	W	2
9FEF	6EC2	E6BB82	滂	CJK UNIFIED IDEOGRAPH	W	2
9FF0	6E9F	E6BA9F	溟	CJK UNIFIED IDEOGRAPH	W	2
9FF1	6F41	E6BD81	潁	CJK UNIFIED IDEOGRAPH	W	2
9FF2	6F11	E6BC91	漑	CJK UNIFIED IDEOGRAPH	W	2
9FF3	704C	E7818C	灌	CJK UNIFIED IDEOGRAPH	W	2
9FF4	6EEC	E6BBAC	滬	CJK UNIFIED IDEOGRAPH	W	2
9FF5	6EF8	E6BBB8	滸	CJK UNIFIED IDEOGRAPH	W	2
9FF6	6EFE	E6BBBE	滾	CJK UNIFIED IDEOGRAPH	W	2
9FF7	6F3F	E6BCBF	漿	CJK UNIFIED IDEOGRAPH	W	2
9FF8	6EF2	E6BBB2	滲	CJK UNIFIED IDEOGRAPH	W	2
9FF9	6F31	E6BCB1	漱	CJK UNIFIED IDEOGRAPH	W	2
9FFA	6EEF	E6BBAF	滯	CJK UNIFIED IDEOGRAPH	W	2
9FFB	6F32	E6BCB2	漲	CJK UNIFIED IDEOGRAPH	W	2
9FFC	6ECC	E6BB8C	滌	CJK UNIFIED IDEOGRAPH	W	2
E040	6F3E	E6BCBE	漾	CJK UNIFIED IDEOGRAPH	W	2
E041	6F13	E6BC93	漓	CJK UNIFIED IDEOGRAPH	W	2
E042	6EF7	E6BBB7	滷	CJK UNIFIED IDEOGRAPH	W	2
E043	6F86	E6BE86	澆	CJK UNIFIED IDEOGRAPH	W	2
E044	6F7A	E6BDBA	潺	CJK UNIFIED IDEOGRAPH	W	2
E045	6F78	E6BDB8	潸	CJK UNIFIED IDEOGRAPH	W	2
E046	6F81	E6BE81	澁	CJK UNIFIED IDEOGRAPH	W	2
E047	6F80	E6BE80	澀	CJK UNIFIED IDEOGRAPH	W	2
E048	6F6F	E6BDAF	潯	CJK UNIFIED IDEOGRAPH	W	2
E049	6F5B	E6BD9B	潛	CJK UNIFIED IDEOGRAPH	W	2
E04A	6FF3	E6BFB3	濳	CJK UNIFIED IDEOGRAPH	W	2
E04B	6F6D	E6BDAD	潭	CJK UNIFIED IDEOGRAPH	W	2
E04C	6F82	E6BE82	澂	CJK UNIFIED IDEOGRAPH	W	2
E04D	6F7C	E6BDBC	潼	CJK UNIFIED IDEOGRAPH	W	2
E04E	6F58	E6BD98	潘	CJK UNIFIED IDEOGRAPH	W	2
E04F	6F8E	E6BE8E	澎	CJK UNIFIED IDEOGRAPH	W	2
E050	6F91	E6BE91	澑	CJK UNIFIED IDEOGRAPH	W	2
E051	6FC2	E6BF82	濂	CJK UNIFIED IDEOGRAPH	W	2
E052	6F66	E6BDA6	潦	CJK UNIFIED IDEOGRAPH	W	2
E053	6FB3	E6BEB3	澳	CJK UNIFIED IDEOGRAPH	W	2
E054	6FA3	E6BEA3	澣	CJK UNIFIED IDEOGRAPH	W	2
E055	6FA1	E6BEA1	澡	CJK UNIFIED IDEOGRAPH	W	2
E056	6FA4	E6BEA4	澤	CJK UNIFIED IDEOGRAPH	W	2
E057	6FB9	E6BEB9	澹	CJK UNIFIED IDEOGRAPH	W	2
E058	6FC6	E6BF86	濆	CJK UNIFIED IDEOGRAPH	W	2
E059	6FAA	E6BEAA	澪	CJK UNIFIED IDEOGRAPH	W	2
E05A	6FDF	E6BF9F	濟	CJK UNIFIED IDEOGRAPH	W	2
E05B	6FD5	E6BF95	濕	CJK UNIFIED IDEOGRAPH	W	2
E05C	6FEC	E6BFAC	濬	CJK UNIFIED IDEOGRAPH	W	2
E05D	6FD4	E6BF94	濔	CJK UNIFIED IDEOGRAPH	W	2
E05E	6FD8	E6BF98	濘	CJK UNIFIED IDEOGRAPH	W	2
E05F	6FF1	E6BFB1	濱	CJK UNIFIED IDEOGRAPH	W	2
E060	6FEE	E6BFAE	濮	CJK UNIFIED IDEOGRAPH	W	2
E061	6FDB	E6BF9B	濛	CJK UNIFIED IDEOGRAPH	W	2
E062	7009	E78089	瀉	CJK UNIFIED IDEOGRAPH	W	2
E063	700B	E7808B	瀋	CJK UNIFIED IDEOGRAPH	W	2
E064	6FFA	E6BFBA	濺	CJK UNIFIED IDEOGRAPH	W	2
E065	7011	E78091	瀑	CJK UNIFIED IDEOGRAPH	W	2
E066	7001	E78081	瀁	CJK UNIFIED IDEOGRAPH	W	2
E067	700F	E7808F	瀏	CJK UNIFIED IDEOGRAPH	W	2
E068	6FFE	E6BFBE	濾	CJK UNIFIED IDEOGRAPH	W	2
E069	701B	E7809B	瀛	CJK UNIFIED IDEOGRAPH	W	2
E06A	701A	E7809A	瀚	CJK UNIFIED IDEOGRAPH	W	2
E06B	6F74	E6BDB4	潴	CJK UNIFIED IDEOGRAPH	W	2
E06C	701D	E7809D	瀝	CJK UNIFIED IDEOGRAPH	W	2
E06D	7018	E78098	瀘	CJK UNIFIED IDEOGRAPH	W	2
E06E	701F	E7809F	瀟	CJK UNIFIED IDEOGRAPH	W	2
E06F	7030	E780B0	瀰	CJK UNIFIED IDEOGRAPH	W	2
E070	703E	E780BE	瀾	CJK UNIFIED IDEOGRAPH	W	2
E071	7032	E780B2	瀲	CJK UNIFIED IDEOGRAPH	W	2
E072	7051	E78191	灑	CJK UNIFIED IDEOGRAPH	W	2
E073	7063	E781A3	灣	CJK UNIFIED IDEOGRAPH	W	2
E074	7099	E78299	炙	CJK UNIFIED IDEOGRAPH	W	2
E075	7092	E78292	炒	CJK UNIFIED IDEOGRAPH	W	2
E076	70AF	E782AF	炯	CJK UNIFIED IDEOGRAPH	W	2
E077	70F1	E783B1	烱	CJK UNIFIED IDEOGRAPH	W	2
E078	70AC	E782AC	炬	CJK UNIFIED IDEOGRAPH	W	2
E079	70B8	E782B8	炸	CJK UNIFIED IDEOGRAPH	W	2
E07A	70B3	E782B3	炳	CJK UNIFIED IDEOGRAPH	W	2
E07B	70AE	E782AE	炮	CJK UNIFIED IDEOGRAPH	W	2
E07C	70DF	E7839F	烟	CJK UNIFIED IDEOGRAPH	W	2
E07D	70CB	E7838B	烋	CJK UNIFIED IDEOGRAPH	W	2
E07E	70DD	E7839D	烝	CJK UNIFIED IDEOGRAPH	W	2
E080	70D9	E78399	烙	CJK UNIFIED IDEOGRAPH	W	2
E081	7109	E78489	焉	CJK UNIFIED IDEOGRAPH	W	2
E082	70FD	E783BD	烽	CJK UNIFIED IDEOGRAPH	W	2
E083	711C	E7849C	焜	CJK UNIFIED IDEOGRAPH	W	2
E084	7119	E78499	焙	CJK UNIFIED IDEOGRAPH	W	2
E085	7165	E785A5	煥	CJK UNIFIED IDEOGRAPH	W	2
E086	7155	E78595	煕	CJK UNIFIED IDEOGRAPH	W	2
E087	7188	E78688	熈	CJK UNIFIED IDEOGRAPH	W	2
E088	7166	E785A6	煦	CJK UNIFIED IDEOGRAPH	W	2
E089	7162	E785A2	煢	CJK UNIFIED IDEOGRAPH	W	2
E08A	714C	E7858C	煌	CJK UNIFIED IDEOGRAPH	W	2
E08B	7156	E78596	煖	CJK UNIFIED IDEOGRAPH	W	2
E08C	716C	E785AC	煬	CJK UNIFIED IDEOGRAPH	W	2
E08D	718F	E7868F	熏	CJK UNIFIED IDEOGRAPH	W	2
E08E	71FB	E787BB	燻	CJK UNIFIED IDEOGRAPH	W	2
E08F	7184	E78684	熄	CJK UNIFIED IDEOGRAPH	W	2
E090	7195	E78695	熕	CJK UNIFIED IDEOGRAPH	W	2
E091	71A8	E786A8	熨	CJK UNIFIED IDEOGRAPH	W	2
E092	71AC	E786AC	熬	CJK UNIFIED IDEOGRAPH	W	2
E093	71D7	E78797	燗	CJK UNIFIED IDEOGRAPH	W	2
E094	71B9	E786B9	熹	CJK UNIFIED IDEOGRAPH	W	2
E095	71BE	E786BE	熾	CJK UNIFIED IDEOGRAPH	W	2
E096	71D2	E78792	燒	CJK UNIFIED IDEOGRAPH	W	2
E097	71C9	E78789	燉	CJK UNIFIED IDEOGRAPH	W	2
E098	71D4	E78794	燔	CJK UNIFIED IDEOGRAPH	W	2
E099	71CE	E7878E	燎	CJK UNIFIED IDEOGRAPH	W	2
E09A	71E0	E787A0	燠	CJK UNIFIED IDEOGRAPH	W	2
E09B	71EC	E787AC	燬	CJK UNIFIED IDEOGRAPH	W	2
E09C	71E7	E787A7	燧	CJK UNIFIED IDEOGRAPH	W	2
E09D	71F5	E787B5	燵	CJK UNIFIED IDEOGRAPH	W	2
E09E	71FC	E787BC	燼	CJK UNIFIED IDEOGRAPH	W	2
E09F	71F9	E787B9	燹	CJK UNIFIED IDEOGRAPH	W	2
E0A0	71FF	E787BF	燿	CJK UNIFIED IDEOGRAPH	W	2
E0A1	720D	E7888D	爍	CJK UNIFIED IDEOGRAPH	W	2
E0A2	7210	E78890	爐	CJK UNIFIED IDEOGRAPH	W	2
E0A3	721B	E7889B	爛	CJK UNIFIED IDEOGRAPH	W	2
E0A4	7228	E788A8	爨	CJK UNIFIED IDEOGRAPH	W	2
E0A5	722D	E788AD	爭	CJK UNIFIED IDEOGRAPH	W	2
E0A6	722C	E788AC	爬	CJK UNIFIED IDEOGRAPH	W	2
E0A7	7230	E788B0	爰	CJK UNIFIED IDEOGRAPH	W	2
E0A8	7232	E788B2	爲	CJK UNIFIED IDEOGRAPH	W	2
E0A9	723B	E788BB	爻	CJK UNIFIED IDEOGRAPH	W	2
E0AA	723C	E788BC	爼	CJK UNIFIED IDEOGRAPH	W	2
E0AB	723F	E788BF	爿	CJK UNIFIED IDEOGRAPH	W	2
E0AC	7240	E78980	牀	CJK UNIFIED IDEOGRAPH	W	2
E0AD	7246	E78986	牆	CJK UNIFIED IDEOGRAPH	W	2
E0AE	724B	E7898B	牋	CJK UNIFIED IDEOGRAPH	W	2
E0AF	7258	E78998	牘	CJK UNIFIED IDEOGRAPH	W	2
E0B0	7274	E789B4	牴	CJK UNIFIED IDEOGRAPH	W	2
E0B1	727E	E789BE	牾	CJK UNIFIED IDEOGRAPH	W	2
E0B2	7282	E78A82	犂	CJK UNIFIED IDEOGRAPH	W	2
E0B3	7281	E78A81	犁	CJK UNIFIED IDEOGRAPH	W	2
E0B4	7287	E78A87	犇	CJK UNIFIED IDEOGRAPH	W	2
E0B5	7292	E78A92	犒	CJK UNIFIED IDEOGRAPH	W	2
E0B6	7296	E78A96	犖	CJK UNIFIED IDEOGRAPH	W	2
E0B7	72A2	E78AA2	犢	CJK UNIFIED IDEOGRAPH	W	2
E0B8	72A7	E78AA7	犧	CJK UNIFIED IDEOGRAPH	W	2
E0B9	72B9	E78AB9	犹	CJK UNIFIED IDEOGRAPH	W	2
E0BA	72B2	E78AB2	犲	CJK UNIFIED IDEOGRAPH	W	2
E0BB	72C3	E78B83	狃	CJK UNIFIED IDEOGRAPH	W	2
E0BC	72C6	E78B86	狆	CJK UNIFIED IDEOGRAPH	W	2
E0BD	72C4	E78B84	狄	CJK UNIFIED IDEOGRAPH	W	2
E0BE	72CE	E78B8E	狎	CJK UNIFIED IDEOGRAPH	W	2
E0BF	72D2	E78B92	狒	CJK UNIFIED IDEOGRAPH	W	2
E0C0	72E2	E78BA2	狢	CJK UNIFIED IDEOGRAPH	W	2
E0C1	72E0	E78BA0	狠	CJK UNIFIED IDEOGRAPH	W	2
E0C2	72E1	E78BA1	狡	CJK UNIFIED IDEOGRAPH	W	2
E0C3	72F9	E78BB9	狹	CJK UNIFIED IDEOGRAPH	W	2
E0C4	72F7	E78BB7	狷	CJK UNIFIED IDEOGRAPH	W	2
E0C5	500F	E5808F	倏	CJK UNIFIED IDEOGRAPH	W	2
E0C6	7317	E78C97	猗	CJK UNIFIED IDEOGRAPH	W	2
E0C7	730A	E78C8A	猊	CJK UNIFIED IDEOGRAPH	W	2
E0C8	731C	E78C9C	猜	CJK UNIFIED IDEOGRAPH	W	2
E0C9	7316	E78C96	猖	CJK UNIFIED IDEOGRAPH	W	2
E0CA	731D	E78C9D	猝	CJK UNIFIED IDEOGRAPH	W	2
E0CB	7334	E78CB4	猴	CJK UNIFIED IDEOGRAPH	W	2
E0CC	732F	E78CAF	猯	CJK UNIFIED IDEOGRAPH	W	2
E0CD	7329	E78CA9	猩	CJK UNIFIED IDEOGRAPH	W	2
E0CE	7325	E78CA5	猥	CJK UNIFIED IDEOGRAPH	W	2
E0CF	733E	E78CBE	猾	CJK UNIFIED IDEOGRAPH	W	2
E0D0	734E	E78D8E	獎	CJK UNIFIED IDEOGRAPH	W	2
E0D1	734F	E78D8F	獏	CJK UNIFIED IDEOGRAPH	W	2
E0D2	9ED8	E9BB98	默	CJK UNIFIED IDEOGRAPH	W	2
E0D3	7357	E78D97	獗	CJK UNIFIED IDEOGRAPH	W	2
E0D4	736A	E78DAA	獪	CJK UNIFIED IDEOGRAPH	W	2
E0D5	7368	E78DA8	獨	CJK UNIFIED IDEOGRAPH	W	2
E0D6	7370	E78DB0	獰	CJK UNIFIED IDEOGRAPH	W	2
E0D7	7378	E78DB8	獸	CJK UNIFIED IDEOGRAPH	W	2
E0D8	7375	E78DB5	獵	CJK UNIFIED IDEOGRAPH	W	2
E0D9	737B	E78DBB	獻	CJK UNIFIED IDEOGRAPH	W	2
E0DA	737A	E78DBA	獺	CJK UNIFIED IDEOGRAPH	W	2
E0DB	73C8	E78F88	珈	CJK UNIFIED IDEOGRAPH	W	2
E0DC	73B3	E78EB3	玳	CJK UNIFIED IDEOGRAPH	W	2
E0DD	73CE	E78F8E	珎	CJK UNIFIED IDEOGRAPH	W	2
E0DE	73BB	E78EBB	玻	CJK UNIFIED IDEOGRAPH	W	2
E0DF	73C0	E78F80	珀	CJK UNIFIED IDEOGRAPH	W	2
E0E0	73E5	E78FA5	珥	CJK UNIFIED IDEOGRAPH	W	2
E0E1	73EE	E78FAE	珮	CJK UNIFIED IDEOGRAPH	W	2
E0E2	73DE	E78F9E	珞	CJK UNIFIED IDEOGRAPH	W	2
E0E3	74A2	E792A2	璢	CJK UNIFIED IDEOGRAPH	W	2
E0E4	7405	E79085	琅	CJK UNIFIED IDEOGRAPH	W	2
E0E5	746F	E791AF	瑯	CJK UNIFIED IDEOGRAPH	W	2
E0E6	7425	E790A5	琥	CJK UNIFIED IDEOGRAPH	W	2
E0E7	73F8	E78FB8	珸	CJK UNIFIED IDEOGRAPH	W	2
E0E8	7432	E790B2	琲	CJK UNIFIED IDEOGRAPH	W	2
E0E9	743A	E790BA	琺	CJK UNIFIED IDEOGRAPH	W	2
E0EA	7455	E79195	瑕	CJK UNIFIED IDEOGRAPH	W	2
E0EB	743F	E790BF	琿	CJK UNIFIED IDEOGRAPH	W	2
E0EC	745F	E7919F	瑟	CJK UNIFIED IDEOGRAPH	W	2
E0ED	7459	E79199	瑙	CJK UNIFIED IDEOGRAPH	W	2
E0EE	7441	E79181	瑁	CJK UNIFIED IDEOGRAPH	W	2
E0EF	745C	E7919C	瑜	CJK UNIFIED IDEOGRAPH	W	2
E0F0	7469	E791A9	瑩	CJK UNIFIED IDEOGRAPH	W	2
E0F1	7470	E791B0	瑰	CJK UNIFIED IDEOGRAPH	W	2
E0F2	7463	E791A3	瑣	CJK UNIFIED IDEOGRAPH	W	2
E0F3	746A	E791AA	瑪	CJK UNIFIED IDEOGRAPH	W	2
E0F4	7476	E791B6	瑶	CJK UNIFIED IDEOGRAPH	W	2
E0F5	747E	E791BE	瑾	CJK UNIFIED IDEOGRAPH	W	2
E0F6	748B	E7928B	璋	CJK UNIFIED IDEOGRAPH	W	2
E0F7	749E	E7929E	璞	CJK UNIFIED IDEOGRAPH	W	2
E0F8	74A7	E792A7	璧	CJK UNIFIED IDEOGRAPH	W	2
E0F9	74CA	E7938A	瓊	CJK UNIFIED IDEOGRAPH	W	2
E0FA	74CF	E7938F	瓏	CJK UNIFIED IDEOGRAPH	W	2
E0FB	74D4	E79394	瓔	CJK UNIFIED IDEOGRAPH	W	2
E0FC	73F1	E78FB1	珱	CJK UNIFIED IDEOGRAPH	W	2
E140	74E0	E793A0	瓠	CJK UNIFIED IDEOGRAPH	W	2
E141	74E3	E793A3	瓣	CJK UNIFIED IDEOGRAPH	W	2
E142	74E7	E793A7	瓧	CJK UNIFIED IDEOGRAPH	W	2
E143	74E9	E793A9	瓩	CJK UNIFIED IDEOGRAPH	W	2
E144	74EE	E793AE	瓮	CJK UNIFIED IDEOGRAPH	W	2
E145	74F2	E793B2	瓲	CJK UNIFIED IDEOGRAPH	W	2
E146	74F0	E793B0	瓰	CJK UNIFIED IDEOGRAPH	W	2
E147	74F1	E793B1	瓱	CJK UNIFIED IDEOGRAPH	W	2
E148	74F8	E793B8	瓸	CJK UNIFIED IDEOGRAPH	W	2
E149	74F7	E793B7	瓷	CJK UNIFIED IDEOGRAPH	W	2
E14A	7504	E79484	甄	CJK UNIFIED IDEOGRAPH	W	2
E14B	7503	E79483	甃	CJK UNIFIED IDEOGRAPH	W	2
E14C	7505	E79485	甅	CJK UNIFIED IDEOGRAPH	W	2
E14D	750C	E7948C	甌	CJK UNIFIED IDEOGRAPH	W	2
E14E	750E	E7948E	甎	CJK UNIFIED IDEOGRAPH	W	2
E14F	750D	E7948D	甍	CJK UNIFIED IDEOGRAPH	W	2
E150	7515	E79495	甕	CJK UNIFIED IDEOGRAPH	W	2
E151	7513	E79493	甓	CJK UNIFIED IDEOGRAPH	W	2
E152	751E	E7949E	甞	CJK UNIFIED IDEOGRAPH	W	2
E153	7526	E794A6	甦	CJK UNIFIED IDEOGRAPH	W	2
E154	752C	E794AC	甬	CJK UNIFIED IDEOGRAPH	W	2
E155	753C	E794BC	甼	CJK UNIFIED IDEOGRAPH	W	2
E156	7544	E79584	畄	CJK UNIFIED IDEOGRAPH	W	2
E157	754D	E7958D	畍	CJK UNIFIED IDEOGRAPH	W	2
E158	754A	E7958A	畊	CJK UNIFIED IDEOGRAPH	W	2
E159	7549	E79589	畉	CJK UNIFIED IDEOGRAPH	W	2
E15A	755B	E7959B	畛	CJK UNIFIED IDEOGRAPH	W	2
E15B	7546	E79586	畆	CJK UNIFIED IDEOGRAPH	W	2
E15C	755A	E7959A	畚	CJK UNIFIED IDEOGRAPH	W	2
E15D	7569	E795A9	畩	CJK UNIFIED IDEOGRAPH	W	2
E15E	7564	E795A4	畤	CJK UNIFIED IDEOGRAPH	W	2
E15F	7567	E795A7	畧	CJK UNIFIED IDEOGRAPH	W	2
E160	756B	E795AB	畫	CJK UNIFIED IDEOGRAPH	W	2
E161	756D	E795AD	畭	CJK UNIFIED IDEOGRAPH	W	2
E162	7578	E795B8	畸	CJK UNIFIED IDEOGRAPH	W	2
E163	7576	E795B6	當	CJK UNIFIED IDEOGRAPH	W	2
E164	7586	E79686	疆	CJK UNIFIED IDEOGRAPH	W	2
E165	7587	E79687	疇	CJK UNIFIED IDEOGRAPH	W	2
E166	7574	E795B4	畴	CJK UNIFIED IDEOGRAPH	W	2
E167	758A	E7968A	疊	CJK UNIFIED IDEOGRAPH	W	2
E168	7589	E79689	疉	CJK UNIFIED IDEOGRAPH	W	2
E169	7582	E79682	疂	CJK UNIFIED IDEOGRAPH	W	2
E16A	7594	E79694	疔	CJK UNIFIED IDEOGRAPH	W	2
E16B	759A	E7969A	疚	CJK UNIFIED IDEOGRAPH	W	2
E16C	759D	E7969D	疝	CJK UNIFIED IDEOGRAPH	W	2
E16D	75A5	E796A5	疥	CJK UNIFIED IDEOGRAPH	W	2
E16E	75A3	E796A3	疣	CJK UNIFIED IDEOGRAPH	W	2
E16F	75C2	E79782	痂	CJK UNIFIED IDEOGRAPH	W	2
E170	75B3	E796B3	疳	CJK UNIFIED IDEOGRAPH	W	2
E171	75C3	E79783	痃	CJK UNIFIED IDEOGRAPH	W	2
E172	75B5	E796B5	疵	CJK UNIFIED IDEOGRAPH	W	2
E173	75BD	E796BD	疽	CJK UNIFIED IDEOGRAPH	W	2
E174	75B8	E796B8	疸	CJK UNIFIED IDEOGRAPH	W	2
E175	75BC	E796BC	疼	CJK UNIFIED IDEOGRAPH	W	2
E176	75B1	E796B1	疱	CJK UNIFIED IDEOGRAPH	W	2
E177	75CD	E7978D	痍	CJK UNIFIED IDEOGRAPH	W	2
E178	75CA	E7978A	痊	CJK UNIFIED IDEOGRAPH	W	2
E179	75D2	E79792	痒	CJK UNIFIED IDEOGRAPH	W	2
E17A	75D9	E79799	痙	CJK UNIFIED IDEOGRAPH	W	2
E17B	75E3	E797A3	痣	CJK UNIFIED IDEOGRAPH	W	2
E17C	75DE	E7979E	痞	CJK UNIFIED IDEOGRAPH	W	2
E17D	75FE	E797BE	痾	CJK UNIFIED IDEOGRAPH	W	2
E17E	75FF	E797BF	痿	CJK UNIFIED IDEOGRAPH	W	2
E180	75FC	E797BC	痼	CJK UNIFIED IDEOGRAPH	W	2
E181	7601	E79881	瘁	CJK UNIFIED IDEOGRAPH	W	2
E182	75F0	E797B0	痰	CJK UNIFIED IDEOGRAPH	W	2
E183	75FA	E797BA	痺	CJK UNIFIED IDEOGRAPH	W	2
E184	75F2	E797B2	痲	CJK UNIFIED IDEOGRAPH	W	2
E185	75F3	E797B3	痳	CJK UNIFIED IDEOGRAPH	W	2
E186	760B	E7988B	瘋	CJK UNIFIED IDEOGRAPH	W	2
E187	760D	E7988D	瘍	CJK UNIFIED IDEOGRAPH	W	2
E188	7609	E79889	瘉	CJK UNIFIED IDEOGRAPH	W	2
E189	761F	E7989F	瘟	CJK UNIFIED IDEOGRAPH	W	2
E18A	7627	E798A7	瘧	CJK UNIFIED IDEOGRAPH	W	2
E18B	7620	E798A0	瘠	CJK UNIFIED IDEOGRAPH	W	2
E18C	7621	E798A1	瘡	CJK UNIFIED IDEOGRAPH	W	2
E18D	7622	E798A2	瘢	CJK UNIFIED IDEOGRAPH	W	2
E18E	7624	E798A4	瘤	CJK UNIFIED IDEOGRAPH	W	2
E18F	7634	E798B4	瘴	CJK UNIFIED IDEOGRAPH	W	2
E190	7630	E798B0	瘰	CJK UNIFIED IDEOGRAPH	W	2
E191	763B	E798BB	瘻	CJK UNIFIED IDEOGRAPH	W	2
E192	7647	E79987	癇	CJK UNIFIED IDEOGRAPH	W	2
E193	7648	E79988	癈	CJK UNIFIED IDEOGRAPH	W	2
E194	7646	E79986	癆	CJK UNIFIED IDEOGRAPH	W	2
E195	765C	E7999C	癜	CJK UNIFIED IDEOGRAPH	W	2
E196	7658	E79998	癘	CJK UNIFIED IDEOGRAPH	W	2
E197	7661	E799A1	癡	CJK UNIFIED IDEOGRAPH	W	2
E198	7662	E799A2	癢	CJK UNIFIED IDEOGRAPH	W	2
E199	7668	E799A8	癨	CJK UNIFIED IDEOGRAPH	W	2
E19A	7669	E799A9	癩	CJK UNIFIED IDEOGRAPH	W	2
E19B	766A	E799AA	癪	CJK UNIFIED IDEOGRAPH	W	2
E19C	7667	E799A7	癧	CJK UNIFIED IDEOGRAPH	W	2
E19D	766C	E799AC	癬	CJK UNIFIED IDEOGRAPH	W	2
E19E	7670	E799B0	癰	CJK UNIFIED IDEOGRAPH	W	2
E19F	7672	E799B2	癲	CJK UNIFIED IDEOGRAPH	W	2
E1A0	7676	E799B6	癶	CJK UNIFIED IDEOGRAPH	W	2
E1A1	7678	E799B8	癸	CJK UNIFIED IDEOGRAPH	W	2
E1A2	767C	E799BC	發	CJK UNIFIED IDEOGRAPH	W	2
E1A3	7680	E79A80	皀	CJK UNIFIED IDEOGRAPH	W	2
E1A4	7683	E79A83	皃	CJK UNIFIED IDEOGRAPH	W	2
E1A5	7688	E79A88	皈	CJK UNIFIED IDEOGRAPH	W	2
E1A6	768B	E79A8B	皋	CJK UNIFIED IDEOGRAPH	W	2
E1A7	768E	E79A8E	皎	CJK UNIFIED IDEOGRAPH	W	2
E1A8	7696	E79A96	皖	CJK UNIFIED IDEOGRAPH	W	2
E1A9	7693	E79A93	皓	CJK UNIFIED IDEOGRAPH	W	2
E1AA	7699	E79A99	皙	CJK UNIFIED IDEOGRAPH	W	2
E1AB	769A	E79A9A	皚	CJK UNIFIED IDEOGRAPH	W	2
E1AC	76B0	E79AB0	皰	CJK UNIFIED IDEOGRAPH	W	2
E1AD	76B4	E79AB4	皴	CJK UNIFIED IDEOGRAPH	W	2
E1AE	76B8	E79AB8	皸	CJK UNIFIED IDEOGRAPH	W	2
E1AF	76B9	E79AB9	皹	CJK UNIFIED IDEOGRAPH	W	2
E1B0	76BA	E79ABA	皺	CJK UNIFIED IDEOGRAPH	W	2
E1B1	76C2	E79B82	盂	CJK UNIFIED IDEOGRAPH	W	2
E1B2	76CD	E79B8D	盍	CJK UNIFIED IDEOGRAPH	W	2
E1B3	76D6	E79B96	盖	CJK UNIFIED IDEOGRAPH	W	2
E1B4	76D2	E79B92	盒	CJK UNIFIED IDEOGRAPH	W	2
E1B5	76DE	E79B9E	盞	CJK UNIFIED IDEOGRAPH	W	2
E1B6	76E1	E79BA1	盡	CJK UNIFIED IDEOGRAPH	W	2
E1B7	76E5	E79BA5	盥	CJK UNIFIED IDEOGRAPH	W	2
E1B8	76E7	E79BA7	盧	CJK UNIFIED IDEOGRAPH	W	2
E1B9	76EA	E79BAA	盪	CJK UNIFIED IDEOGRAPH	W	2
E1BA	862F	E898AF	蘯	CJK UNIFIED IDEOGRAPH	W	2
E1BB	76FB	E79BBB	盻	CJK UNIFIED IDEOGRAPH	W	2
E1BC	7708	E79C88	眈	CJK UNIFIED IDEOGRAPH	W	2
E1BD	7707	E79C87	眇	CJK UNIFIED IDEOGRAPH	W	2
E1BE	7704	E79C84	眄	CJK UNIFIED IDEOGRAPH	W	2
E1BF	7729	E79CA9	眩	CJK UNIFIED IDEOGRAPH	W	2
E1C0	7724	E79CA4	眤	CJK UNIFIED IDEOGRAPH	W	2
E1C1	771E	E79C9E	眞	CJK UNIFIED IDEOGRAPH	W	2
E1C2	7725	E79CA5	眥	CJK UNIFIED IDEOGRAPH	W	2
E1C3	7726	E79CA6	眦	CJK UNIFIED IDEOGRAPH	W	2
E1C4	771B	E79C9B	眛	CJK UNIFIED IDEOGRAPH	W	2
E1C5	7737	E79CB7	眷	CJK UNIFIED IDEOGRAPH	W	2
E1C6	7738	E79CB8	眸	CJK UNIFIED IDEOGRAPH	W	2
E1C7	7747	E79D87	睇	CJK UNIFIED IDEOGRAPH	W	2
E1C8	775A	E79D9A	睚	CJK UNIFIED IDEOGRAPH	W	2
E1C9	7768	E79DA8	睨	CJK UNIFIED IDEOGRAPH	W	2
E1CA	776B	E79DAB	睫	CJK UNIFIED IDEOGRAPH	W	2
E1CB	775B	E79D9B	睛	CJK UNIFIED IDEOGRAPH	W	2
E1CC	7765	E79DA5	睥	CJK UNIFIED IDEOGRAPH	W	2
E1CD	777F	E79DBF	睿	CJK UNIFIED IDEOGRAPH	W	2
E1CE	777E	E79DBE	睾	CJK UNIFIED IDEOGRAPH	W	2
E1CF	7779	E79DB9	睹	CJK UNIFIED IDEOGRAPH	W	2
E1D0	778E	E79E8E	瞎	CJK UNIFIED IDEOGRAPH	W	2
E1D1	778B	E79E8B	瞋	CJK UNIFIED IDEOGRAPH	W	2
E1D2	7791	E79E91	瞑	CJK UNIFIED IDEOGRAPH	W	2
E1D3	77A0	E79EA0	瞠	CJK UNIFIED IDEOGRAPH	W	2
E1D4	779E	E79E9E	瞞	CJK UNIFIED IDEOGRAPH	W	2
E1D5	77B0	E79EB0	瞰	CJK UNIFIED IDEOGRAPH	W	2
E1D6	77B6	E79EB6	瞶	CJK UNIFIED IDEOGRAPH	W	2
E1D7	77B9	E79EB9	瞹	CJK UNIFIED IDEOGRAPH	W	2
E1D8	77BF	E79EBF	瞿	CJK UNIFIED IDEOGRAPH	W	2
E1D9	77BC	E79EBC	瞼	CJK UNIFIED IDEOGRAPH	W	2
E1DA	77BD	E79EBD	瞽	CJK UNIFIED IDEOGRAPH	W	2
E1DB	77BB	E79EBB	瞻	CJK UNIFIED IDEOGRAPH	W	2
E1DC	77C7	E79F87	矇	CJK UNIFIED IDEOGRAPH	W	2
E1DD	77CD	E79F8D	矍	CJK UNIFIED IDEOGRAPH	W	2
E1DE	77D7	E79F97	矗	CJK UNIFIED IDEOGRAPH	W	2
E1DF	77DA	E79F9A	矚	CJK UNIFIED IDEOGRAPH	W	2
E1E0	77DC	E79F9C	矜	CJK UNIFIED IDEOGRAPH	W	2
E1E1	77E3	E79FA3	矣	CJK UNIFIED IDEOGRAPH	W	2
E1E2	77EE	E79FAE	矮	CJK UNIFIED IDEOGRAPH	W	2
E1E3	77FC	E79FBC	矼	CJK UNIFIED IDEOGRAPH	W	2
E1E4	780C	E7A08C	砌	CJK UNIFIED IDEOGRAPH	W	2
E1E5	7812	E7A092	砒	CJK UNIFIED IDEOGRAPH	W	2
E1E6	7926	E7A4A6	礦	CJK UNIFIED IDEOGRAPH	W	2
E1E7	7820	E7A0A0	砠	CJK UNIFIED IDEOGRAPH	W	2
E1E8	792A	E7A4AA	礪	CJK UNIFIED IDEOGRAPH	W	2
E1E9	7845	E7A185	硅	CJK UNIFIED IDEOGRAPH	W	2
E1EA	788E	E7A28E	碎	CJK UNIFIED IDEOGRAPH	W	2
E1EB	7874	E7A1B4	硴	CJK UNIFIED IDEOGRAPH	W	2
E1EC	7886	E7A286	碆	CJK UNIFIED IDEOGRAPH	W	2
E1ED	787C	E7A1BC	硼	CJK UNIFIED IDEOGRAPH	W	2
E1EE	789A	E7A29A	碚	CJK UNIFIED IDEOGRAPH	W	2
E1EF	788C	E7A28C	碌	CJK UNIFIED IDEOGRAPH	W	2
E1F0	78A3	E7A2A3	碣	CJK UNIFIED IDEOGRAPH	W	2
E1F1	78B5	E7A2B5	碵	CJK UNIFIED IDEOGRAPH	W	2
E1F2	78AA	E7A2AA	碪	CJK UNIFIED IDEOGRAPH	W	2
E1F3	78AF	E7A2AF	碯	CJK UNIFIED IDEOGRAPH	W	2
E1F4	78D1	E7A391	磑	CJK UNIFIED IDEOGRAPH	W	2
E1F5	78C6	E7A386	磆	CJK UNIFIED IDEOGRAPH	W	2
E1F6	78CB	E7A38B	磋	CJK UNIFIED IDEOGRAPH	W	2
E1F7	78D4	E7A394	磔	CJK UNIFIED IDEOGRAPH	W	2
E1F8	78BE	E7A2BE	碾	CJK UNIFIED IDEOGRAPH	W	2
E1F9	78BC	E7A2BC	碼	CJK UNIFIED IDEOGRAPH	W	2
E1FA	78C5	E7A385	磅	CJK UNIFIED IDEOGRAPH	W	2
E1FB	78CA	E7A38A	磊	CJK UNIFIED IDEOGRAPH	W	2
E1FC	78EC	E7A3AC	磬	CJK UNIFIED IDEOGRAPH	W	2
E240	78E7	E7A3A7	磧	CJK UNIFIED IDEOGRAPH	W	2
E241	78DA	E7A39A	磚	CJK UNIFIED IDEOGRAPH	W	2
E242	78FD	E7A3BD	磽	CJK UNIFIED IDEOGRAPH	W	2
E243	78F4	E7A3B4	磴	CJK UNIFIED IDEOGRAPH	W	2
E244	7907	E7A487	礇	CJK UNIFIED IDEOGRAPH	W	2
E245	7912	E7A492	礒	CJK UNIFIED IDEOGRAPH	W	2
E246	7911	E7A491	礑	CJK UNIFIED IDEOGRAPH	W	2
E247	7919	E7A499	礙	CJK UNIFIED IDEOGRAPH	W	2
E248	792C	E7A4AC	礬	CJK UNIFIED IDEOGRAPH	W	2
E249	792B	E7A4AB	礫	CJK UNIFIED IDEOGRAPH	W	2
E24A	7940	E7A580	祀	CJK UNIFIED IDEOGRAPH	W	2
E24B	7960	E7A5A0	祠	CJK UNIFIED IDEOGRAPH	W	2
E24C	7957	E7A597	祗	CJK UNIFIED IDEOGRAPH	W	2
E24D	795F	E7A59F	祟	CJK UNIFIED IDEOGRAPH	W	2
E24E	795A	E7A59A	祚	CJK UNIFIED IDEOGRAPH	W	2
E24F	7955	E7A595	祕	CJK UNIFIED IDEOGRAPH	W	2
E250	7953	E7A593	祓	CJK UNIFIED IDEOGRAPH	W	2
E251	797A	E7A5BA	祺	CJK UNIFIED IDEOGRAPH	W	2
E252	797F	E7A5BF	祿	CJK UNIFIED IDEOGRAPH	W	2
E253	798A	E7A68A	禊	CJK UNIFIED IDEOGRAPH	W	2
E254	799D	E7A69D	禝	CJK UNIFIED IDEOGRAPH	W	2
E255	79A7	E7A6A7	禧	CJK UNIFIED IDEOGRAPH	W	2
E256	9F4B	E9BD8B	齋	CJK UNIFIED IDEOGRAPH	W	2
E257	79AA	E7A6AA	禪	CJK UNIFIED IDEOGRAPH	W	2
E258	79AE	E7A6AE	禮	CJK UNIFIED IDEOGRAPH	W	2
E259	79B3	E7A6B3	禳	CJK UNIFIED IDEOGRAPH	W	2
E25A	79B9	E7A6B9	禹	CJK UNIFIED IDEOGRAPH	W	2
E25B	79BA	E7A6BA	禺	CJK UNIFIED IDEOGRAPH	W	2
E25C	79C9	E7A789	秉	CJK UNIFIED IDEOGRAPH	W	2
E25D	79D5	E7A795	秕	CJK UNIFIED IDEOGRAPH	W	2
E25E	79E7	E7A7A7	秧	CJK UNIFIED IDEOGRAPH	W	2
E25F	79EC	E7A7AC	秬	CJK UNIFIED IDEOGRAPH	W	2
E260	79E1	E7A7A1	秡	CJK UNIFIED IDEOGRAPH	W	2
E261	79E3	E7A7A3	秣	CJK UNIFIED IDEOGRAPH	W	2
E262	7A08	E7A888	稈	CJK UNIFIED IDEOGRAPH	W	2
E263	7A0D	E7A88D	稍	CJK UNIFIED IDEOGRAPH	W	2
E264	7A18	E7A898	稘	CJK UNIFIED IDEOGRAPH	W	2
E265	7A19	E7A899	稙	CJK UNIFIED IDEOGRAPH	W	2
E266	7A20	E7A8A0	稠	CJK UNIFIED IDEOGRAPH	W	2
E267	7A1F	E7A89F	稟	CJK UNIFIED IDEOGRAPH	W	2
E268	7980	E7A680	禀	CJK UNIFIED IDEOGRAPH	W	2
E269	7A31	E7A8B1	稱	CJK UNIFIED IDEOGRAPH	W	2
E26A	7A3B	E7A8BB	稻	CJK UNIFIED IDEOGRAPH	W	2
E26B	7A3E	E7A8BE	稾	CJK UNIFIED IDEOGRAPH	W	2
E26C	7A37	E7A8B7	稷	CJK UNIFIED IDEOGRAPH	W	2
E26D	7A43	E7A983	穃	CJK UNIFIED IDEOGRAPH	W	2
E26E	7A57	E7A997	穗	CJK UNIFIED IDEOGRAPH	W	2
E26F	7A49	E7A989	穉	CJK UNIFIED IDEOGRAPH	W	2
E270	7A61	E7A9A1	穡	CJK UNIFIED IDEOGRAPH	W	2
E271	7A62	E7A9A2	穢	CJK UNIFIED IDEOGRAPH	W	2
E272	7A69	E7A9A9	穩	CJK UNIFIED IDEOGRAPH	W	2
E273	9F9D	E9BE9D	龝	CJK UNIFIED IDEOGRAPH	W	2
E274	7A70	E7A9B0	穰	CJK UNIFIED IDEOGRAPH	W	2
E275	7A79	E7A9B9	穹	CJK UNIFIED IDEOGRAPH	W	2
E276	7A7D	E7A9BD	穽	CJK UNIFIED IDEOGRAPH	W	2
E277	7A88	E7AA88	窈	CJK UNIFIED IDEOGRAPH	W	2
E278	7A97	E7AA97	窗	CJK UNIFIED IDEOGRAPH	W	2
E279	7A95	E7AA95	窕	CJK UNIFIED IDEOGRAPH	W	2
E27A	7A98	E7AA98	窘	CJK UNIFIED IDEOGRAPH	W	2
E27B	7A96	E7AA96	窖	CJK UNIFIED IDEOGRAPH	W	2
E27C	7AA9	E7AAA9	窩	CJK UNIFIED IDEOGRAPH	W	2
E27D	7AC8	E7AB88	竈	CJK UNIFIED IDEOGRAPH	W	2
E27E	7AB0	E7AAB0	窰	CJK UNIFIED IDEOGRAPH	W	2
E280	7AB6	E7AAB6	窶	CJK UNIFIED IDEOGRAPH	W	2
E281	7AC5	E7AB85	竅	CJK UNIFIED IDEOGRAPH	W	2
E282	7AC4	E7AB84	竄	CJK UNIFIED IDEOGRAPH	W	2
E283	7ABF	E7AABF	窿	CJK UNIFIED IDEOGRAPH	W	2
E284	9083	E98283	邃	CJK UNIFIED IDEOGRAPH	W	2
E285	7AC7	E7AB87	竇	CJK UNIFIED IDEOGRAPH	W	2
E286	7ACA	E7AB8A	竊	CJK UNIFIED IDEOGRAPH	W	2
E287	7ACD	E7AB8D	竍	CJK UNIFIED IDEOGRAPH	W	2
E288	7ACF	E7AB8F	竏	CJK UNIFIED IDEOGRAPH	W	2
E289	7AD5	E7AB95	竕	CJK UNIFIED IDEOGRAPH	W	2
E28A	7AD3	E7AB93	竓	CJK UNIFIED IDEOGRAPH	W	2
E28B	7AD9	E7AB99	站	CJK UNIFIED IDEOGRAPH	W	2
E28C	7ADA	E7AB9A	竚	CJK UNIFIED IDEOGRAPH	W	2
E28D	7ADD	E7AB9D	竝	CJK UNIFIED IDEOGRAPH	W	2
E28E	7AE1	E7ABA1	竡	CJK UNIFIED IDEOGRAPH	W	2
E28F	7AE2	E7ABA2	竢	CJK UNIFIED IDEOGRAPH	W	2
E290	7AE6	E7ABA6	竦	CJK UNIFIED IDEOGRAPH	W	2
E291	7AED	E7ABAD	竭	CJK UNIFIED IDEOGRAPH	W	2
E292	7AF0	E7ABB0	竰	CJK UNIFIED IDEOGRAPH	W	2
E293	7B02	E7AC82	笂	CJK UNIFIED IDEOGRAPH	W	2
E294	7B0F	E7AC8F	笏	CJK UNIFIED IDEOGRAPH	W	2
E295	7B0A	E7AC8A	笊	CJK UNIFIED IDEOGRAPH	W	2
E296	7B06	E7AC86	笆	CJK UNIFIED IDEOGRAPH	W	2
E297	7B33	E7ACB3	笳	CJK UNIFIED IDEOGRAPH	W	2
E298	7B18	E7AC98	笘	CJK UNIFIED IDEOGRAPH	W	2
E299	7B19	E7AC99	笙	CJK UNIFIED IDEOGRAPH	W	2
E29A	7B1E	E7AC9E	笞	CJK UNIFIED IDEOGRAPH	W	2
E29B	7B35	E7ACB5	笵	CJK UNIFIED IDEOGRAPH	W	2
E29C	7B28	E7ACA8	笨	CJK UNIFIED IDEOGRAPH	W	2
E29D	7B36	E7ACB6	笶	CJK UNIFIED IDEOGRAPH	W	2
E29E	7B50	E7AD90	筐	CJK UNIFIED IDEOGRAPH	W	2
E29F	7B7A	E7ADBA	筺	CJK UNIFIED IDEOGRAPH	W	2
E2A0	7B04	E7AC84	笄	CJK UNIFIED IDEOGRAPH	W	2
E2A1	7B4D	E7AD8D	筍	CJK UNIFIED IDEOGRAPH	W	2
E2A2	7B0B	E7AC8B	笋	CJK UNIFIED IDEOGRAPH	W	2
E2A3	7B4C	E7AD8C	筌	CJK UNIFIED IDEOGRAPH	W	2
E2A4	7B45	E7AD85	筅	CJK UNIFIED IDEOGRAPH	W	2
E2A5	7B75	E7ADB5	筵	CJK UNIFIED IDEOGRAPH	W	2
E2A6	7B65	E7ADA5	筥	CJK UNIFIED IDEOGRAPH	W	2
E2A7	7B74	E7ADB4	筴	CJK UNIFIED IDEOGRAPH	W	2
E2A8	7B67	E7ADA7	筧	CJK UNIFIED IDEOGRAPH	W	2
E2A9	7B70	E7ADB0	筰	CJK UNIFIED IDEOGRAPH	W	2
E2AA	7B71	E7ADB1	筱	CJK UNIFIED IDEOGRAPH	W	2
E2AB	7B6C	E7ADAC	筬	CJK UNIFIED IDEOGRAPH	W	2
E2AC	7B6E	E7ADAE	筮	CJK UNIFIED IDEOGRAPH	W	2
E2AD	7B9D	E7AE9D	箝	CJK UNIFIED IDEOGRAPH	W	2
E2AE	7B98	E7AE98	箘	CJK UNIFIED IDEOGRAPH	W	2
E2AF	7B9F	E7AE9F	箟	CJK UNIFIED IDEOGRAPH	W	2
E2B0	7B8D	E7AE8D	箍	CJK UNIFIED IDEOGRAPH	W	2
E2B1	7B9C	E7AE9C	箜	CJK UNIFIED IDEOGRAPH	W	2
E2B2	7B9A	E7AE9A	箚	CJK UNIFIED IDEOGRAPH	W	2
E2B3	7B8B	E7AE8B	箋	CJK UNIFIED IDEOGRAPH	W	2
E2B4	7B92	E7AE92	箒	CJK UNIFIED IDEOGRAPH	W	2
E2B5	7B8F	E7AE8F	箏	CJK UNIFIED IDEOGRAPH	W	2
E2B6	7B5D	E7AD9D	筝	CJK UNIFIED IDEOGRAPH	W	2
E2B7	7B99	E7AE99	箙	CJK UNIFIED IDEOGRAPH	W	2
E2B8	7BCB	E7AF8B	篋	CJK UNIFIED IDEOGRAPH	W	2
E2B9	7BC1	E7AF81	篁	CJK UNIFIED IDEOGRAPH	W	2
E2BA	7BCC	E7AF8C	篌	CJK UNIFIED IDEOGRAPH	W	2
E2BB	7BCF	E7AF8F	篏	CJK UNIFIED IDEOGRAPH	W	2
E2BC	7BB4	E7AEB4	箴	CJK UNIFIED IDEOGRAPH	W	2
E2BD	7BC6	E7AF86	篆	CJK UNIFIED IDEOGRAPH	W	2
E2BE	7BDD	E7AF9D	篝	CJK UNIFIED IDEOGRAPH	W	2
E2BF	7BE9	E7AFA9	篩	CJK UNIFIED IDEOGRAPH	W	2
E2C0	7C11	E7B091	簑	CJK UNIFIED IDEOGRAPH	W	2
E2C1	7C14	E7B094	簔	CJK UNIFIED IDEOGRAPH	W	2
E2C2	7BE6	E7AFA6	篦	CJK UNIFIED IDEOGRAPH	W	2
E2C3	7BE5	E7AFA5	篥	CJK UNIFIED IDEOGRAPH	W	2
E2C4	7C60	E7B1A0	籠	CJK UNIFIED IDEOGRAPH	W	2
E2C5	7C00	E7B080	簀	CJK UNIFIED IDEOGRAPH	W	2
E2C6	7C07	E7B087	簇	CJK UNIFIED IDEOGRAPH	W	2
E2C7	7C13	E7B093	簓	CJK UNIFIED IDEOGRAPH	W	2
E2C8	7BF3	E7AFB3	篳	CJK UNIFIED IDEOGRAPH	W	2
E2C9	7BF7	E7AFB7	篷	CJK UNIFIED IDEOGRAPH	W	2
E2CA	7C17	E7B097	簗	CJK UNIFIED IDEOGRAPH	W	2
E2CB	7C0D	E7B08D	簍	CJK UNIFIED IDEOGRAPH	W	2
E2CC	7BF6	E7AFB6	篶	CJK UNIFIED IDEOGRAPH	W	2
E2CD	7C23	E7B0A3	簣	CJK UNIFIED IDEOGRAPH	W	2
E2CE	7C27	E7B0A7	簧	CJK UNIFIED IDEOGRAPH	W	2
E2CF	7C2A	E7B0AA	簪	CJK UNIFIED IDEOGRAPH	W	2
E2D0	7C1F	E7B09F	簟	CJK UNIFIED IDEOGRAPH	W	2
E2D1	7C37	E7B0B7	簷	CJK UNIFIED IDEOGRAPH	W	2
E2D2	7C2B	E7B0AB	簫	CJK UNIFIED IDEOGRAPH	W	2
E2D3	7C3D	E7B0BD	簽	CJK UNIFIED IDEOGRAPH	W	2
E2D4	7C4C	E7B18C	籌	CJK UNIFIED IDEOGRAPH	W	2
E2D5	7C43	E7B183	籃	CJK UNIFIED IDEOGRAPH	W	2
E2D6	7C54	E7B194	籔	CJK UNIFIED IDEOGRAPH	W	2
E2D7	7C4F	E7B18F	籏	CJK UNIFIED IDEOGRAPH	W	2
E2D8	7C40	E7B180	籀	CJK UNIFIED IDEOGRAPH	W	2
E2D9	7C50	E7B190	籐	CJK UNIFIED IDEOGRAPH	W	2
E2DA	7C58	E7B198	籘	CJK UNIFIED IDEOGRAPH	W	2
E2DB	7C5F	E7B19F	籟	CJK UNIFIED IDEOGRAPH	W	2
E2DC	7C64	E7B1A4	籤	CJK UNIFIED IDEOGRAPH	W	2
E2DD	7C56	E7B196	籖	CJK UNIFIED IDEOGRAPH	W	2
E2DE	7C65	E7B1A5	籥	CJK UNIFIED IDEOGRAPH	W	2
E2DF	7C6C	E7B1AC	籬	CJK UNIFIED IDEOGRAPH	W	2
E2E0	7C75	E7B1B5	籵	CJK UNIFIED IDEOGRAPH	W	2
E2E1	7C83	E7B283	粃	CJK UNIFIED IDEOGRAPH	W	2
E2E2	7C90	E7B290	粐	CJK UNIFIED IDEOGRAPH	W	2
E2E3	7CA4	E7B2A4	粤	CJK UNIFIED IDEOGRAPH	W	2
E2E4	7CAD	E7B2AD	粭	CJK UNIFIED IDEOGRAPH	W	2
E2E5	7CA2	E7B2A2	粢	CJK UNIFIED IDEOGRAPH	W	2
E2E6	7CAB	E7B2AB	粫	CJK UNIFIED IDEOGRAPH	W	2
E2E7	7CA1	E7B2A1	粡	CJK UNIFIED IDEOGRAPH	W	2
E2E8	7CA8	E7B2A8	粨	CJK UNIFIED IDEOGRAPH	W	2
E2E9	7CB3	E7B2B3	粳	CJK UNIFIED IDEOGRAPH	W	2
E2EA	7CB2	E7B2B2	粲	CJK UNIFIED IDEOGRAPH	W	2
E2EB	7CB1	E7B2B1	粱	CJK UNIFIED IDEOGRAPH	W	2
E2EC	7CAE	E7B2AE	粮	CJK UNIFIED IDEOGRAPH	W	2
E2ED	7CB9	E7B2B9	粹	CJK UNIFIED IDEOGRAPH	W	2
E2EE	7CBD	E7B2BD	粽	CJK UNIFIED IDEOGRAPH	W	2
E2EF	7CC0	E7B380	糀	CJK UNIFIED IDEOGRAPH	W	2
E2F0	7CC5	E7B385	糅	CJK UNIFIED IDEOGRAPH	W	2
E2F1	7CC2	E7B382	糂	CJK UNIFIED IDEOGRAPH	W	2
E2F2	7CD8	E7B398	糘	CJK UNIFIED IDEOGRAPH	W	2
E2F3	7CD2	E7B392	糒	CJK UNIFIED IDEOGRAPH	W	2
E2F4	7CDC	E7B39C	糜	CJK UNIFIED IDEOGRAPH	W	2
E2F5	7CE2	E7B3A2	糢	CJK UNIFIED IDEOGRAPH	W	2
E2F6	9B3B	E9ACBB	鬻	CJK UNIFIED IDEOGRAPH	W	2
E2F7	7CEF	E7B3AF	糯	CJK UNIFIED IDEOGRAPH	W	2
E2F8	7CF2	E7B3B2	糲	CJK UNIFIED IDEOGRAPH	W	2
E2F9	7CF4	E7B3B4	糴	CJK UNIFIED IDEOGRAPH	W	2
E2FA	7CF6	E7B3B6	糶	CJK UNIFIED IDEOGRAPH	W	2
E2FB	7CFA	E7B3BA	糺	CJK UNIFIED IDEOGRAPH	W	2
E2FC	7D06	E7B486	紆	CJK UNIFIED IDEOGRAPH	W	2
E340	7D02	E7B482	紂	CJK UNIFIED IDEOGRAPH	W	2
E341	7D1C	E7B49C	紜	CJK UNIFIED IDEOGRAPH	W	2
E342	7D15	E7B495	紕	CJK UNIFIED IDEOGRAPH	W	2
E343	7D0A	E7B48A	紊	CJK UNIFIED IDEOGRAPH	W	2
E344	7D45	E7B585	絅	CJK UNIFIED IDEOGRAPH	W	2
E345	7D4B	E7B58B	絋	CJK UNIFIED IDEOGRAPH	W	2
E346	7D2E	E7B4AE	紮	CJK UNIFIED IDEOGRAPH	W	2
E347	7D32	E7B4B2	紲	CJK UNIFIED IDEOGRAPH	W	2
E348	7D3F	E7B4BF	紿	CJK UNIFIED IDEOGRAPH	W	2
E349	7D35	E7B4B5	紵	CJK UNIFIED IDEOGRAPH	W	2
E34A	7D46	E7B586	絆	CJK UNIFIED IDEOGRAPH	W	2
E34B	7D73	E7B5B3	絳	CJK UNIFIED IDEOGRAPH	W	2
E34C	7D56	E7B596	絖	CJK UNIFIED IDEOGRAPH	W	2
E34D	7D4E	E7B58E	絎	CJK UNIFIED IDEOGRAPH	W	2
E34E	7D72	E7B5B2	絲	CJK UNIFIED IDEOGRAPH	W	2
E34F	7D68	E7B5A8	絨	CJK UNIFIED IDEOGRAPH	W	2
E350	7D6E	E7B5AE	絮	CJK UNIFIED IDEOGRAPH	W	2
E351	7D4F	E7B58F	絏	CJK UNIFIED IDEOGRAPH	W	2
E352	7D63	E7B5A3	絣	CJK UNIFIED IDEOGRAPH	W	2
E353	7D93	E7B693	經	CJK UNIFIED IDEOGRAPH	W	2
E354	7D89	E7B689	綉	CJK UNIFIED IDEOGRAPH	W	2
E355	7D5B	E7B59B	絛	CJK UNIFIED IDEOGRAPH	W	2
E356	7D8F	E7B68F	綏	CJK UNIFIED IDEOGRAPH	W	2
E357	7D7D	E7B5BD	絽	CJK UNIFIED IDEOGRAPH	W	2
E358	7D9B	E7B69B	綛	CJK UNIFIED IDEOGRAPH	W	2
E359	7DBA	E7B6BA	綺	CJK UNIFIED IDEOGRAPH	W	2
E35A	7DAE	E7B6AE	綮	CJK UNIFIED IDEOGRAPH	W	2
E35B	7DA3	E7B6A3	綣	CJK UNIFIED IDEOGRAPH	W	2
E35C	7DB5	E7B6B5	綵	CJK UNIFIED IDEOGRAPH	W	2
E35D	7DC7	E7B787	緇	CJK UNIFIED IDEOGRAPH	W	2
E35E	7DBD	E7B6BD	綽	CJK UNIFIED IDEOGRAPH	W	2
E35F	7DAB	E7B6AB	綫	CJK UNIFIED IDEOGRAPH	W	2
E360	7E3D	E7B8BD	總	CJK UNIFIED IDEOGRAPH	W	2
E361	7DA2	E7B6A2	綢	CJK UNIFIED IDEOGRAPH	W	2
E362	7DAF	E7B6AF	綯	CJK UNIFIED IDEOGRAPH	W	2
E363	7DDC	E7B79C	緜	CJK UNIFIED IDEOGRAPH	W	2
E364	7DB8	E7B6B8	綸	CJK UNIFIED IDEOGRAPH	W	2
E365	7D9F	E7B69F	綟	CJK UNIFIED IDEOGRAPH	W	2
E366	7DB0	E7B6B0	綰	CJK UNIFIED IDEOGRAPH	W	2
E367	7DD8	E7B798	緘	CJK UNIFIED IDEOGRAPH	W	2
E368	7DDD	E7B79D	緝	CJK UNIFIED IDEOGRAPH	W	2
E369	7DE4	E7B7A4	緤	CJK UNIFIED IDEOGRAPH	W	2
E36A	7DDE	E7B79E	緞	CJK UNIFIED IDEOGRAPH	W	2
E36B	7DFB	E7B7BB	緻	CJK UNIFIED IDEOGRAPH	W	2
E36C	7DF2	E7B7B2	緲	CJK UNIFIED IDEOGRAPH	W	2
E36D	7DE1	E7B7A1	緡	CJK UNIFIED IDEOGRAPH	W	2
E36E	7E05	E7B885	縅	CJK UNIFIED IDEOGRAPH	W	2
E36F	7E0A	E7B88A	縊	CJK UNIFIED IDEOGRAPH	W	2
E370	7E23	E7B8A3	縣	CJK UNIFIED IDEOGRAPH	W	2
E371	7E21	E7B8A1	縡	CJK UNIFIED IDEOGRAPH	W	2
E372	7E12	E7B892	縒	CJK UNIFIED IDEOGRAPH	W	2
E373	7E31	E7B8B1	縱	CJK UNIFIED IDEOGRAPH	W	2
E374	7E1F	E7B89F	縟	CJK UNIFIED IDEOGRAPH	W	2
E375	7E09	E7B889	縉	CJK UNIFIED IDEOGRAPH	W	2
E376	7E0B	E7B88B	縋	CJK UNIFIED IDEOGRAPH	W	2
E377	7E22	E7B8A2	縢	CJK UNIFIED IDEOGRAPH	W	2
E378	7E46	E7B986	繆	CJK UNIFIED IDEOGRAPH	W	2
E379	7E66	E7B9A6	繦	CJK UNIFIED IDEOGRAPH	W	2
E37A	7E3B	E7B8BB	縻	CJK UNIFIED IDEOGRAPH	W	2
E37B	7E35	E7B8B5	縵	CJK UNIFIED IDEOGRAPH	W	2
E37C	7E39	E7B8B9	縹	CJK UNIFIED IDEOGRAPH	W	2
E37D	7E43	E7B983	繃	CJK UNIFIED IDEOGRAPH	W	2
E37E	7E37	E7B8B7	縷	CJK UNIFIED IDEOGRAPH	W	2
E380	7E32	E7B8B2	縲	CJK UNIFIED IDEOGRAPH	W	2
E381	7E3A	E7B8BA	縺	CJK UNIFIED IDEOGRAPH	W	2
E382	7E67	E7B9A7	繧	CJK UNIFIED IDEOGRAPH	W	2
E383	7E5D	E7B99D	繝	CJK UNIFIED IDEOGRAPH	W	2
E384	7E56	E7B996	繖	CJK UNIFIED IDEOGRAPH	W	2
E385	7E5E	E7B99E	繞	CJK UNIFIED IDEOGRAPH	W	2
E386	7E59	E7B999	繙	CJK UNIFIED IDEOGRAPH	W	2
E387	7E5A	E7B99A	繚	CJK UNIFIED IDEOGRAPH	W	2
E388	7E79	E7B9B9	繹	CJK UNIFIED IDEOGRAPH	W	2
E389	7E6A	E7B9AA	繪	CJK UNIFIED IDEOGRAPH	W	2
E38A	7E69	E7B9A9	繩	CJK UNIFIED IDEOGRAPH	W	2
E38B	7E7C	E7B9BC	繼	CJK UNIFIED IDEOGRAPH	W	2
E38C	7E7B	E7B9BB	繻	CJK UNIFIED IDEOGRAPH	W	2
E38D	7E83	E7BA83	纃	CJK UNIFIED IDEOGRAPH	W	2
E38E	7DD5	E7B795	緕	CJK UNIFIED IDEOGRAPH	W	2
E38F	7E7D	E7B9BD	繽	CJK UNIFIED IDEOGRAPH	W	2
E390	8FAE	E8BEAE	辮	CJK UNIFIED IDEOGRAPH	W	2
E391	7E7F	E7B9BF	繿	CJK UNIFIED IDEOGRAPH	W	2
E392	7E88	E7BA88	纈	CJK UNIFIED IDEOGRAPH	W	2
E393	7E89	E7BA89	纉	CJK UNIFIED IDEOGRAPH	W	2
E394	7E8C	E7BA8C	續	CJK UNIFIED IDEOGRAPH	W	2
E395	7E92	E7BA92	纒	CJK UNIFIED IDEOGRAPH	W	2
E396	7E90	E7BA90	纐	CJK UNIFIED IDEOGRAPH	W	2
E397	7E93	E7BA93	纓	CJK UNIFIED IDEOGRAPH	W	2
E398	7E94	E7BA94	纔	CJK UNIFIED IDEOGRAPH	W	2
E399	7E96	E7BA96	纖	CJK UNIFIED IDEOGRAPH	W	2
E39A	7E8E	E7BA8E	纎	CJK UNIFIED IDEOGRAPH	W	2
E39B	7E9B	E7BA9B	纛	CJK UNIFIED IDEOGRAPH	W	2
E39C	7E9C	E7BA9C	纜	CJK UNIFIED IDEOGRAPH	W	2
E39D	7F38	E7BCB8	缸	CJK UNIFIED IDEOGRAPH	W	2
E39E	7F3A	E7BCBA	缺	CJK UNIFIED IDEOGRAPH	W	2
E39F	7F45	E7BD85	罅	CJK UNIFIED IDEOGRAPH	W	2
E3A0	7F4C	E7BD8C	罌	CJK UNIFIED IDEOGRAPH	W	2
E3A1	7F4D	E7BD8D	罍	CJK UNIFIED IDEOGRAPH	W	2
E3A2	7F4E	E7BD8E	罎	CJK UNIFIED IDEOGRAPH	W	2
E3A3	7F50	E7BD90	罐	CJK UNIFIED IDEOGRAPH	W	2
E3A4	7F51	E7BD91	网	CJK UNIFIED IDEOGRAPH	W	2
E3A5	7F55	E7BD95	罕	CJK UNIFIED IDEOGRAPH	W	2
E3A6	7F54	E7BD94	罔	CJK UNIFIED IDEOGRAPH	W	2
E3A7	7F58	E7BD98	罘	CJK UNIFIED IDEOGRAPH	W	2
E3A8	7F5F	E7BD9F	罟	CJK UNIFIED IDEOGRAPH	W	2
E3A9	7F60	E7BDA0	罠	CJK UNIFIED IDEOGRAPH	W	2
E3AA	7F68	E7BDA8	罨	CJK UNIFIED IDEOGRAPH	W	2
E3AB	7F69	E7BDA9	罩	CJK UNIFIED IDEOGRAPH	W	2
E3AC	7F67	E7BDA7	罧	CJK UNIFIED IDEOGRAPH	W	2
E3AD	7F78	E7BDB8	罸	CJK UNIFIED IDEOGRAPH	W	2
E3AE	7F82	E7BE82	羂	CJK UNIFIED IDEOGRAPH	W	2
E3AF	7F86	E7BE86	羆	CJK UNIFIED IDEOGRAPH	W	2
E3B0	7F83	E7BE83	羃	CJK UNIFIED IDEOGRAPH	W	2
E3B1	7F88	E7BE88	羈	CJK UNIFIED IDEOGRAPH	W	2
E3B2	7F87	E7BE87	羇	CJK UNIFIED IDEOGRAPH	W	2
E3B3	7F8C	E7BE8C	羌	CJK UNIFIED IDEOGRAPH	W	2
E3B4	7F94	E7BE94	羔	CJK UNIFIED IDEOGRAPH	W	2
E3B5	7F9E	E7BE9E	羞	CJK UNIFIED IDEOGRAPH	W	2
E3B6	7F9D	E7BE9D	羝	CJK UNIFIED IDEOGRAPH	W	2
E3B7	7F9A	E7BE9A	羚	CJK UNIFIED IDEOGRAPH	W	2
E3B8	7FA3	E7BEA3	羣	CJK UNIFIED IDEOGRAPH	W	2
E3B9	7FAF	E7BEAF	羯	CJK UNIFIED IDEOGRAPH	W	2
E3BA	7FB2	E7BEB2	羲	CJK UNIFIED IDEOGRAPH	W	2
E3BB	7FB9	E7BEB9	羹	CJK UNIFIED IDEOGRAPH	W	2
E3BC	7FAE	E7BEAE	羮	CJK UNIFIED IDEOGRAPH	W	2
E3BD	7FB6	E7BEB6	羶	CJK UNIFIED IDEOGRAPH	W	2
E3BE	7FB8	E7BEB8	羸	CJK UNIFIED IDEOGRAPH	W	2
E3BF	8B71	E8ADB1	譱	CJK UNIFIED IDEOGRAPH	W	2
E3C0	7FC5	E7BF85	翅	CJK UNIFIED IDEOGRAPH	W	2
E3C1	7FC6	E7BF86	翆	CJK UNIFIED IDEOGRAPH	W	2
E3C2	7FCA	E7BF8A	翊	CJK UNIFIED IDEOGRAPH	W	2
E3C3	7FD5	E7BF95	翕	CJK UNIFIED IDEOGRAPH	W	2
E3C4	7FD4	E7BF94	翔	CJK UNIFIED IDEOGRAPH	W	2
E3C5	7FE1	E7BFA1	翡	CJK UNIFIED IDEOGRAPH	W	2
E3C6	7FE6	E7BFA6	翦	CJK UNIFIED IDEOGRAPH	W	2
E3C7	7FE9	E7BFA9	翩	CJK UNIFIED IDEOGRAPH	W	2
E3C8	7FF3	E7BFB3	翳	CJK UNIFIED IDEOGRAPH	W	2
E3C9	7FF9	E7BFB9	翹	CJK UNIFIED IDEOGRAPH	W	2
E3CA	98DC	E9A39C	飜	CJK UNIFIED IDEOGRAPH	W	2
E3CB	8006	E88086	耆	CJK UNIFIED IDEOGRAPH	W	2
E3CC	8004	E88084	耄	CJK UNIFIED IDEOGRAPH	W	2
E3CD	800B	E8808B	耋	CJK UNIFIED IDEOGRAPH	W	2
E3CE	8012	E88092	耒	CJK UNIFIED IDEOGRAPH	W	2
E3CF	8018	E88098	耘	CJK UNIFIED IDEOGRAPH	W	2
E3D0	8019	E88099	耙	CJK UNIFIED IDEOGRAPH	W	2
E3D1	801C	E8809C	耜	CJK UNIFIED IDEOGRAPH	W	2
E3D2	8021	E880A1	耡	CJK UNIFIED IDEOGRAPH	W	2
E3D3	8028	E880A8	耨	CJK UNIFIED IDEOGRAPH	W	2
E3D4	803F	E880BF	耿	CJK UNIFIED IDEOGRAPH	W	2
E3D5	803B	E880BB	耻	CJK UNIFIED IDEOGRAPH	W	2
E3D6	804A	E8818A	聊	CJK UNIFIED IDEOGRAPH	W	2
E3D7	8046	E88186	聆	CJK UNIFIED IDEOGRAPH	W	2
E3D8	8052	E88192	聒	CJK UNIFIED IDEOGRAPH	W	2
E3D9	8058	E88198	聘	CJK UNIFIED IDEOGRAPH	W	2
E3DA	805A	E8819A	聚	CJK UNIFIED IDEOGRAPH	W	2
E3DB	805F	E8819F	聟	CJK UNIFIED IDEOGRAPH	W	2
E3DC	8062	E881A2	聢	CJK UNIFIED IDEOGRAPH	W	2
E3DD	8068	E881A8	聨	CJK UNIFIED IDEOGRAPH	W	2
E3DE	8073	E881B3	聳	CJK UNIFIED IDEOGRAPH	W	2
E3DF	8072	E881B2	聲	CJK UNIFIED IDEOGRAPH	W	2
E3E0	8070	E881B0	聰	CJK UNIFIED IDEOGRAPH	W	2
E3E1	8076	E881B6	聶	CJK UNIFIED IDEOGRAPH	W	2
E3E2	8079	E881B9	聹	CJK UNIFIED IDEOGRAPH	W	2
E3E3	807D	E881BD	聽	CJK UNIFIED IDEOGRAPH	W	2
E3E4	807F	E881BF	聿	CJK UNIFIED IDEOGRAPH	W	2
E3E5	8084	E88284	肄	CJK UNIFIED IDEOGRAPH	W	2
E3E6	8086	E88286	肆	CJK UNIFIED IDEOGRAPH	W	2
E3E7	8085	E88285	肅	CJK UNIFIED IDEOGRAPH	W	2
E3E8	809B	E8829B	肛	CJK UNIFIED IDEOGRAPH	W	2
E3E9	8093	E88293	肓	CJK UNIFIED IDEOGRAPH	W	2
E3EA	809A	E8829A	肚	CJK UNIFIED IDEOGRAPH	W	2
E3EB	80AD	E882AD	肭	CJK UNIFIED IDEOGRAPH	W	2
E3EC	5190	E58690	冐	CJK UNIFIED IDEOGRAPH	W	2
E3ED	80AC	E882AC	肬	CJK UNIFIED IDEOGRAPH	W	2
E3EE	80DB	E8839B	胛	CJK UNIFIED IDEOGRAPH	W	2
E3EF	80E5	E883A5	胥	CJK UNIFIED IDEOGRAPH	W	2
E3F0	80D9	E88399	胙	CJK UNIFIED IDEOGRAPH	W	2
E3F1	80DD	E8839D	胝	CJK UNIFIED IDEOGRAPH	W	2
E3F2	80C4	E88384	胄	CJK UNIFIED IDEOGRAPH	W	2
E3F3	80DA	E8839A	胚	CJK UNIFIED IDEOGRAPH	W	2
E3F4	80D6	E88396	胖	CJK UNIFIED IDEOGRAPH	W	2
E3F5	8109	E88489	脉	CJK UNIFIED IDEOGRAPH	W	2
E3F6	80EF	E883AF	胯	CJK UNIFIED IDEOGRAPH	W	2
E3F7	80F1	E883B1	胱	CJK UNIFIED IDEOGRAPH	W	2
E3F8	811B	E8849B	脛	CJK UNIFIED IDEOGRAPH	W	2
E3F9	8129	E884A9	脩	CJK UNIFIED IDEOGRAPH	W	2
E3FA	8123	E884A3	脣	CJK UNIFIED IDEOGRAPH	W	2
E3FB	812F	E884AF	脯	CJK UNIFIED IDEOGRAPH	W	2
E3FC	814B	E8858B	腋	CJK UNIFIED IDEOGRAPH	W	2
E440	968B	E99A8B	隋	CJK UNIFIED IDEOGRAPH	W	2
E441	8146	E88586	腆	CJK UNIFIED IDEOGRAPH	W	2
E442	813E	E884BE	脾	CJK UNIFIED IDEOGRAPH	W	2
E443	8153	E88593	腓	CJK UNIFIED IDEOGRAPH	W	2
E444	8151	E88591	腑	CJK UNIFIED IDEOGRAPH	W	2
E445	80FC	E883BC	胼	CJK UNIFIED IDEOGRAPH	W	2
E446	8171	E885B1	腱	CJK UNIFIED IDEOGRAPH	W	2
E447	816E	E885AE	腮	CJK UNIFIED IDEOGRAPH	W	2
E448	8165	E885A5	腥	CJK UNIFIED IDEOGRAPH	W	2
E449	8166	E885A6	腦	CJK UNIFIED IDEOGRAPH	W	2
E44A	8174	E885B4	腴	CJK UNIFIED IDEOGRAPH	W	2
E44B	8183	E88683	膃	CJK UNIFIED IDEOGRAPH	W	2
E44C	8188	E88688	膈	CJK UNIFIED IDEOGRAPH	W	2
E44D	818A	E8868A	膊	CJK UNIFIED IDEOGRAPH	W	2
E44E	8180	E88680	膀	CJK UNIFIED IDEOGRAPH	W	2
E44F	8182	E88682	膂	CJK UNIFIED IDEOGRAPH	W	2
E450	81A0	E886A0	膠	CJK UNIFIED IDEOGRAPH	W	2
E451	8195	E88695	膕	CJK UNIFIED IDEOGRAPH	W	2
E452	81A4	E886A4	膤	CJK UNIFIED IDEOGRAPH	W	2
E453	81A3	E886A3	膣	CJK UNIFIED IDEOGRAPH	W	2
E454	815F	E8859F	腟	CJK UNIFIED IDEOGRAPH	W	2
E455	8193	E88693	膓	CJK UNIFIED IDEOGRAPH	W	2
E456	81A9	E886A9	膩	CJK UNIFIED IDEOGRAPH	W	2
E457	81B0	E886B0	膰	CJK UNIFIED IDEOGRAPH	W	2
E458	81B5	E886B5	膵	CJK UNIFIED IDEOGRAPH	W	2
E459	81BE	E886BE	膾	CJK UNIFIED IDEOGRAPH	W	2
E45A	81B8	E886B8	膸	CJK UNIFIED IDEOGRAPH	W	2
E45B	81BD	E886BD	膽	CJK UNIFIED IDEOGRAPH	W	2
E45C	81C0	E88780	臀	CJK UNIFIED IDEOGRAPH	W	2
E45D	81C2	E88782	臂	CJK UNIFIED IDEOGRAPH	W	2
E45E	81BA	E886BA	膺	CJK UNIFIED IDEOGRAPH	W	2
E45F	81C9	E88789	臉	CJK UNIFIED IDEOGRAPH	W	2
E460	81CD	E8878D	臍	CJK UNIFIED IDEOGRAPH	W	2
E461	81D1	E88791	臑	CJK UNIFIED IDEOGRAPH	W	2
E462	81D9	E88799	臙	CJK UNIFIED IDEOGRAPH	W	2
E463	81D8	E88798	臘	CJK UNIFIED IDEOGRAPH	W	2
E464	81C8	E88788	臈	CJK UNIFIED IDEOGRAPH	W	2
E465	81DA	E8879A	臚	CJK UNIFIED IDEOGRAPH	W	2
E466	81DF	E8879F	臟	CJK UNIFIED IDEOGRAPH	W	2
E467	81E0	E887A0	臠	CJK UNIFIED IDEOGRAPH	W	2
E468	81E7	E887A7	臧	CJK UNIFIED IDEOGRAPH	W	2
E469	81FA	E887BA	臺	CJK UNIFIED IDEOGRAPH	W	2
E46A	81FB	E887BB	臻	CJK UNIFIED IDEOGRAPH	W	2
E46B	81FE	E887BE	臾	CJK UNIFIED IDEOGRAPH	W	2
E46C	8201	E88881	舁	CJK UNIFIED IDEOGRAPH	W	2
E46D	8202	E88882	舂	CJK UNIFIED IDEOGRAPH	W	2
E46E	8205	E88885	舅	CJK UNIFIED IDEOGRAPH	W	2
E46F	8207	E88887	與	CJK UNIFIED IDEOGRAPH	W	2
E470	820A	E8888A	舊	CJK UNIFIED IDEOGRAPH	W	2
E471	820D	E8888D	舍	CJK UNIFIED IDEOGRAPH	W	2
E472	8210	E88890	舐	CJK UNIFIED IDEOGRAPH	W	2
E473	8216	E88896	舖	CJK UNIFIED IDEOGRAPH	W	2
E474	8229	E888A9	舩	CJK UNIFIED IDEOGRAPH	W	2
E475	822B	E888AB	舫	CJK UNIFIED IDEOGRAPH	W	2
E476	8238	E888B8	舸	CJK UNIFIED IDEOGRAPH	W	2
E477	8233	E888B3	舳	CJK UNIFIED IDEOGRAPH	W	2
E478	8240	E88980	艀	CJK UNIFIED IDEOGRAPH	W	2
E479	8259	E88999	艙	CJK UNIFIED IDEOGRAPH	W	2
E47A	8258	E88998	艘	CJK UNIFIED IDEOGRAPH	W	2
E47B	825D	E8899D	艝	CJK UNIFIED IDEOGRAPH	W	2
E47C	825A	E8899A	艚	CJK UNIFIED IDEOGRAPH	W	2
E47D	825F	E8899F	艟	CJK UNIFIED IDEOGRAPH	W	2
E47E	8264	E889A4	艤	CJK UNIFIED IDEOGRAPH	W	2
E480	8262	E889A2	艢	CJK UNIFIED IDEOGRAPH	W	2
E481	8268	E889A8	艨	CJK UNIFIED IDEOGRAPH	W	2
E482	826A	E889AA	艪	CJK UNIFIED IDEOGRAPH	W	2
E483	826B	E889AB	艫	CJK UNIFIED IDEOGRAPH	W	2
E484	822E	E888AE	舮	CJK UNIFIED IDEOGRAPH	W	2
E485	8271	E889B1	艱	CJK UNIFIED IDEOGRAPH	W	2
E486	8277	E889B7	艷	CJK UNIFIED IDEOGRAPH	W	2
E487	8278	E889B8	艸	CJK UNIFIED IDEOGRAPH	W	2
E488	827E	E889BE	艾	CJK UNIFIED IDEOGRAPH	W	2
E489	828D	E88A8D	芍	CJK UNIFIED IDEOGRAPH	W	2
E48A	8292	E88A92	芒	CJK UNIFIED IDEOGRAPH	W	2
E48B	82AB	E88AAB	芫	CJK UNIFIED IDEOGRAPH	W	2
E48C	829F	E88A9F	芟	CJK UNIFIED IDEOGRAPH	W	2
E48D	82BB	E88ABB	芻	CJK UNIFIED IDEOGRAPH	W	2
E48E	82AC	E88AAC	芬	CJK UNIFIED IDEOGRAPH	W	2
E48F	82E1	E88BA1	苡	CJK UNIFIED IDEOGRAPH	W	2
E490	82E3	E88BA3	苣	CJK UNIFIED IDEOGRAPH	W	2
E491	82DF	E88B9F	苟	CJK UNIFIED IDEOGRAPH	W	2
E492	82D2	E88B92	苒	CJK UNIFIED IDEOGRAPH	W	2
E493	82F4	E88BB4	苴	CJK UNIFIED IDEOGRAPH	W	2
E494	82F3	E88BB3	苳	CJK UNIFIED IDEOGRAPH	W	2
E495	82FA	E88BBA	苺	CJK UNIFIED IDEOGRAPH	W	2
E496	8393	E88E93	莓	CJK UNIFIED IDEOGRAPH	W	2
E497	8303	E88C83	范	CJK UNIFIED IDEOGRAPH	W	2
E498	82FB	E88BBB	苻	CJK UNIFIED IDEOGRAPH	W	2
E499	82F9	E88BB9	苹	CJK UNIFIED IDEOGRAPH	W	2
E49A	82DE	E88B9E	苞	CJK UNIFIED IDEOGRAPH	W	2
E49B	8306	E88C86	茆	CJK UNIFIED IDEOGRAPH	W	2
E49C	82DC	E88B9C	苜	CJK UNIFIED IDEOGRAPH	W	2
E49D	8309	E88C89	茉	CJK UNIFIED IDEOGRAPH	W	2
E49E	82D9	E88B99	苙	CJK UNIFIED IDEOGRAPH	W	2
E49F	8335	E88CB5	茵	CJK UNIFIED IDEOGRAPH	W	2
E4A0	8334	E88CB4	茴	CJK UNIFIED IDEOGRAPH	W	2
E4A1	8316	E88C96	茖	CJK UNIFIED IDEOGRAPH	W	2
E4A2	8332	E88CB2	茲	CJK UNIFIED IDEOGRAPH	W	2
E4A3	8331	E88CB1	茱	CJK UNIFIED IDEOGRAPH	W	2
E4A4	8340	E88D80	荀	CJK UNIFIED IDEOGRAPH	W	2
E4A5	8339	E88CB9	茹	CJK UNIFIED IDEOGRAPH	W	2
E4A6	8350	E88D90	荐	CJK UNIFIED IDEOGRAPH	W	2
E4A7	8345	E88D85	荅	CJK UNIFIED IDEOGRAPH	W	2
E4A8	832F	E88CAF	茯	CJK UNIFIED IDEOGRAPH	W	2
E4A9	832B	E88CAB	茫	CJK UNIFIED IDEOGRAPH	W	2
E4AA	8317	E88C97	茗	CJK UNIFIED IDEOGRAPH	W	2
E4AB	8318	E88C98	茘	CJK UNIFIED IDEOGRAPH	W	2
E4AC	8385	E88E85	莅	CJK UNIFIED IDEOGRAPH	W	2
E4AD	839A	E88E9A	莚	CJK UNIFIED IDEOGRAPH	W	2
E4AE	83AA	E88EAA	莪	CJK UNIFIED IDEOGRAPH	W	2
E4AF	839F	E88E9F	莟	CJK UNIFIED IDEOGRAPH	W	2
E4B0	83A2	E88EA2	莢	CJK UNIFIED IDEOGRAPH	W	2
E4B1	8396	E88E96	莖	CJK UNIFIED IDEOGRAPH	W	2
E4B2	8323	E88CA3	茣	CJK UNIFIED IDEOGRAPH	W	2
E4B3	838E	E88E8E	莎	CJK UNIFIED IDEOGRAPH	W	2
E4B4	8387	E88E87	莇	CJK UNIFIED IDEOGRAPH	W	2
E4B5	838A	E88E8A	莊	CJK UNIFIED IDEOGRAPH	W	2
E4B6	837C	E88DBC	荼	CJK UNIFIED IDEOGRAPH	W	2
E4B7	83B5	E88EB5	莵	CJK UNIFIED IDEOGRAPH	W	2
E4B8	8373	E88DB3	荳	CJK UNIFIED IDEOGRAPH	W	2
E4B9	8375	E88DB5	荵	CJK UNIFIED IDEOGRAPH	W	2
E4BA	83A0	E88EA0	莠	CJK UNIFIED IDEOGRAPH	W	2
E4BB	8389	E88E89	莉	CJK UNIFIED IDEOGRAPH	W	2
E4BC	83A8	E88EA8	莨	CJK UNIFIED IDEOGRAPH	W	2
E4BD	83F4	E88FB4	菴	CJK UNIFIED IDEOGRAPH	W	2
E4BE	8413	E89093	萓	CJK UNIFIED IDEOGRAPH	W	2
E4BF	83EB	E88FAB	菫	CJK UNIFIED IDEOGRAPH	W	2
E4C0	83CE	E88F8E	菎	CJK UNIFIED IDEOGRAPH	W	2
E4C1	83FD	E88FBD	菽	CJK UNIFIED IDEOGRAPH	W	2
E4C2	8403	E89083	萃	CJK UNIFIED IDEOGRAPH	W	2
E4C3	83D8	E88F98	菘	CJK UNIFIED IDEOGRAPH	W	2
E4C4	840B	E8908B	萋	CJK UNIFIED IDEOGRAPH	W	2
E4C5	83C1	E88F81	菁	CJK UNIFIED IDEOGRAPH	W	2
E4C6	83F7	E88FB7	菷	CJK UNIFIED IDEOGRAPH	W	2
E4C7	8407	E89087	萇	CJK UNIFIED IDEOGRAPH	W	2
E4C8	83E0	E88FA0	菠	CJK UNIFIED IDEOGRAPH	W	2
E4C9	83F2	E88FB2	菲	CJK UNIFIED IDEOGRAPH	W	2
E4CA	840D	E8908D	萍	CJK UNIFIED IDEOGRAPH	W	2
E4CB	8422	E890A2	萢	CJK UNIFIED IDEOGRAPH	W	2
E4CC	8420	E890A0	萠	CJK UNIFIED IDEOGRAPH	W	2
E4CD	83BD	E88EBD	莽	CJK UNIFIED IDEOGRAPH	W	2
E4CE	8438	E890B8	萸	CJK UNIFIED IDEOGRAPH	W	2
E4CF	8506	E89486	蔆	CJK UNIFIED IDEOGRAPH	W	2
E4D0	83FB	E88FBB	菻	CJK UNIFIED IDEOGRAPH	W	2
E4D1	846D	E891AD	葭	CJK UNIFIED IDEOGRAPH	W	2
E4D2	842A	E890AA	萪	CJK UNIFIED IDEOGRAPH	W	2
E4D3	843C	E890BC	萼	CJK UNIFIED IDEOGRAPH	W	2
E4D4	855A	E8959A	蕚	CJK UNIFIED IDEOGRAPH	W	2
E4D5	8484	E89284	蒄	CJK UNIFIED IDEOGRAPH	W	2
E4D6	8477	E891B7	葷	CJK UNIFIED IDEOGRAPH	W	2
E4D7	846B	E891AB	葫	CJK UNIFIED IDEOGRAPH	W	2
E4D8	84AD	E892AD	蒭	CJK UNIFIED IDEOGRAPH	W	2
E4D9	846E	E891AE	葮	CJK UNIFIED IDEOGRAPH	W	2
E4DA	8482	E89282	蒂	CJK UNIFIED IDEOGRAPH	W	2
E4DB	8469	E891A9	葩	CJK UNIFIED IDEOGRAPH	W	2
E4DC	8446	E89186	葆	CJK UNIFIED IDEOGRAPH	W	2
E4DD	842C	E890AC	萬	CJK UNIFIED IDEOGRAPH	W	2
E4DE	846F	E891AF	葯	CJK UNIFIED IDEOGRAPH	W	2
E4DF	8479	E891B9	葹	CJK UNIFIED IDEOGRAPH	W	2
E4E0	8435	E890B5	萵	CJK UNIFIED IDEOGRAPH	W	2
E4E1	84CA	E8938A	蓊	CJK UNIFIED IDEOGRAPH	W	2
E4E2	8462	E891A2	葢	CJK UNIFIED IDEOGRAPH	W	2
E4E3	84B9	E892B9	蒹	CJK UNIFIED IDEOGRAPH	W	2
E4E4	84BF	E892BF	蒿	CJK UNIFIED IDEOGRAPH	W	2
E4E5	849F	E8929F	蒟	CJK UNIFIED IDEOGRAPH	W	2
E4E6	84D9	E89399	蓙	CJK UNIFIED IDEOGRAPH	W	2
E4E7	84CD	E8938D	蓍	CJK UNIFIED IDEOGRAPH	W	2
E4E8	84BB	E892BB	蒻	CJK UNIFIED IDEOGRAPH	W	2
E4E9	84DA	E8939A	蓚	CJK UNIFIED IDEOGRAPH	W	2
E4EA	84D0	E89390	蓐	CJK UNIFIED IDEOGRAPH	W	2
E4EB	84C1	E89381	蓁	CJK UNIFIED IDEOGRAPH	W	2
E4EC	84C6	E89386	蓆	CJK UNIFIED IDEOGRAPH	W	2
E4ED	84D6	E89396	蓖	CJK UNIFIED IDEOGRAPH	W	2
E4EE	84A1	E892A1	蒡	CJK UNIFIED IDEOGRAPH	W	2
E4EF	8521	E894A1	蔡	CJK UNIFIED IDEOGRAPH	W	2
E4F0	84FF	E893BF	蓿	CJK UNIFIED IDEOGRAPH	W	2
E4F1	84F4	E893B4	蓴	CJK UNIFIED IDEOGRAPH	W	2
E4F2	8517	E89497	蔗	CJK UNIFIED IDEOGRAPH	W	2
E4F3	8518	E89498	蔘	CJK UNIFIED IDEOGRAPH	W	2
E4F4	852C	E894AC	蔬	CJK UNIFIED IDEOGRAPH	W	2
E4F5	851F	E8949F	蔟	CJK UNIFIED IDEOGRAPH	W	2
E4F6	8515	E89495	蔕	CJK UNIFIED IDEOGRAPH	W	2
E4F7	8514	E89494	蔔	CJK UNIFIED IDEOGRAPH	W	2
E4F8	84FC	E893BC	蓼	CJK UNIFIED IDEOGRAPH	W	2
E4F9	8540	E89580	蕀	CJK UNIFIED IDEOGRAPH	W	2
E4FA	8563	E895A3	蕣	CJK UNIFIED IDEOGRAPH	W	2
E4FB	8558	E89598	蕘	CJK UNIFIED IDEOGRAPH	W	2
E4FC	8548	E89588	蕈	CJK UNIFIED IDEOGRAPH	W	2
E540	8541	E89581	蕁	CJK UNIFIED IDEOGRAPH	W	2
E541	8602	E89882	蘂	CJK UNIFIED IDEOGRAPH	W	2
E542	854B	E8958B	蕋	CJK UNIFIED IDEOGRAPH	W	2
E543	8555	E89595	蕕	CJK UNIFIED IDEOGRAPH	W	2
E544	8580	E89680	薀	CJK UNIFIED IDEOGRAPH	W	2
E545	85A4	E896A4	薤	CJK UNIFIED IDEOGRAPH	W	2
E546	8588	E89688	薈	CJK UNIFIED IDEOGRAPH	W	2
E547	8591	E89691	薑	CJK UNIFIED IDEOGRAPH	W	2
E548	858A	E8968A	薊	CJK UNIFIED IDEOGRAPH	W	2
E549	85A8	E896A8	薨	CJK UNIFIED IDEOGRAPH	W	2
E54A	856D	E895AD	蕭	CJK UNIFIED IDEOGRAPH	W	2
E54B	8594	E89694	薔	CJK UNIFIED IDEOGRAPH	W	2
E54C	859B	E8969B	薛	CJK UNIFIED IDEOGRAPH	W	2
E54D	85EA	E897AA	藪	CJK UNIFIED IDEOGRAPH	W	2
E54E	8587	E89687	薇	CJK UNIFIED IDEOGRAPH	W	2
E54F	859C	E8969C	薜	CJK UNIFIED IDEOGRAPH	W	2
E550	8577	E895B7	蕷	CJK UNIFIED IDEOGRAPH	W	2
E551	857E	E895BE	蕾	CJK UNIFIED IDEOGRAPH	W	2
E552	8590	E89690	薐	CJK UNIFIED IDEOGRAPH	W	2
E553	85C9	E89789	藉	CJK UNIFIED IDEOGRAPH	W	2
E554	85BA	E896BA	薺	CJK UNIFIED IDEOGRAPH	W	2
E555	85CF	E8978F	藏	CJK UNIFIED IDEOGRAPH	W	2
E556	85B9	E896B9	薹	CJK UNIFIED IDEOGRAPH	W	2
E557	85D0	E89790	藐	CJK UNIFIED IDEOGRAPH	W	2
E558	85D5	E89795	藕	CJK UNIFIED IDEOGRAPH	W	2
E559	85DD	E8979D	藝	CJK UNIFIED IDEOGRAPH	W	2
E55A	85E5	E897A5	藥	CJK UNIFIED IDEOGRAPH	W	2
E55B	85DC	E8979C	藜	CJK UNIFIED IDEOGRAPH	W	2
E55C	85F9	E897B9	藹	CJK UNIFIED IDEOGRAPH	W	2
E55D	860A	E8988A	蘊	CJK UNIFIED IDEOGRAPH	W	2
E55E	8613	E89893	蘓	CJK UNIFIED IDEOGRAPH	W	2
E55F	860B	E8988B	蘋	CJK UNIFIED IDEOGRAPH	W	2
E560	85FE	E897BE	藾	CJK UNIFIED IDEOGRAPH	W	2
E561	85FA	E897BA	藺	CJK UNIFIED IDEOGRAPH	W	2
E562	8606	E89886	蘆	CJK UNIFIED IDEOGRAPH	W	2
E563	8622	E898A2	蘢	CJK UNIFIED IDEOGRAPH	W	2
E564	861A	E8989A	蘚	CJK UNIFIED IDEOGRAPH	W	2
E565	8630	E898B0	蘰	CJK UNIFIED IDEOGRAPH	W	2
E566	863F	E898BF	蘿	CJK UNIFIED IDEOGRAPH	W	2
E567	864D	E8998D	虍	CJK UNIFIED IDEOGRAPH	W	2
E568	4E55	E4B995	乕	CJK UNIFIED IDEOGRAPH	W	2
E569	8654	E89994	虔	CJK UNIFIED IDEOGRAPH	W	2
E56A	865F	E8999F	號	CJK UNIFIED IDEOGRAPH	W	2
E56B	8667	E899A7	虧	CJK UNIFIED IDEOGRAPH	W	2
E56C	8671	E899B1	虱	CJK UNIFIED IDEOGRAPH	W	2
E56D	8693	E89A93	蚓	CJK UNIFIED IDEOGRAPH	W	2
E56E	86A3	E89AA3	蚣	CJK UNIFIED IDEOGRAPH	W	2
E56F	86A9	E89AA9	蚩	CJK UNIFIED IDEOGRAPH	W	2
E570	86AA	E89AAA	蚪	CJK UNIFIED IDEOGRAPH	W	2
E571	868B	E89A8B	蚋	CJK UNIFIED IDEOGRAPH	W	2
E572	868C	E89A8C	蚌	CJK UNIFIED IDEOGRAPH	W	2
E573	86B6	E89AB6	蚶	CJK UNIFIED IDEOGRAPH	W	2
E574	86AF	E89AAF	蚯	CJK UNIFIED IDEOGRAPH	W	2
E575	86C4	E89B84	蛄	CJK UNIFIED IDEOGRAPH	W	2
E576	86C6	E89B86	蛆	CJK UNIFIED IDEOGRAPH	W	2
E577	86B0	E89AB0	蚰	CJK UNIFIED IDEOGRAPH	W	2
E578	86C9	E89B89	蛉	CJK UNIFIED IDEOGRAPH	W	2
E579	8823	E8A0A3	蠣	CJK UNIFIED IDEOGRAPH	W	2
E57A	86AB	E89AAB	蚫	CJK UNIFIED IDEOGRAPH	W	2
E57B	86D4	E89B94	蛔	CJK UNIFIED IDEOGRAPH	W	2
E57C	86DE	E89B9E	蛞	CJK UNIFIED IDEOGRAPH	W	2
E57D	86E9	E89BA9	蛩	CJK UNIFIED IDEOGRAPH	W	2
E57E	86EC	E89BAC	蛬	CJK UNIFIED IDEOGRAPH	W	2
E580	86DF	E89B9F	蛟	CJK UNIFIED IDEOGRAPH	W	2
E581	86DB	E89B9B	蛛	CJK UNIFIED IDEOGRAPH	W	2
E582	86EF	E89BAF	蛯	CJK UNIFIED IDEOGRAPH	W	2
E583	8712	E89C92	蜒	CJK UNIFIED IDEOGRAPH	W	2
E584	8706	E89C86	蜆	CJK UNIFIED IDEOGRAPH	W	2
E585	8708	E89C88	蜈	CJK UNIFIED IDEOGRAPH	W	2
E586	8700	E89C80	蜀	CJK UNIFIED IDEOGRAPH	W	2
E587	8703	E89C83	蜃	CJK UNIFIED IDEOGRAPH	W	2
E588	86FB	E89BBB	蛻	CJK UNIFIED IDEOGRAPH	W	2
E589	8711	E89C91	蜑	CJK UNIFIED IDEOGRAPH	W	2
E58A	8709	E89C89	蜉	CJK UNIFIED IDEOGRAPH	W	2
E58B	870D	E89C8D	蜍	CJK UNIFIED IDEOGRAPH	W	2
E58C	86F9	E89BB9	蛹	CJK UNIFIED IDEOGRAPH	W	2
E58D	870A	E89C8A	蜊	CJK UNIFIED IDEOGRAPH	W	2
E58E	8734	E89CB4	蜴	CJK UNIFIED IDEOGRAPH	W	2
E58F	873F	E89CBF	蜿	CJK UNIFIED IDEOGRAPH	W	2
E590	8737	E89CB7	蜷	CJK UNIFIED IDEOGRAPH	W	2
E591	873B	E89CBB	蜻	CJK UNIFIED IDEOGRAPH	W	2
E592	8725	E89CA5	蜥	CJK UNIFIED IDEOGRAPH	W	2
E593	8729	E89CA9	蜩	CJK UNIFIED IDEOGRAPH	W	2
E594	871A	E89C9A	蜚	CJK UNIFIED IDEOGRAPH	W	2
E595	8760	E89DA0	蝠	CJK UNIFIED IDEOGRAPH	W	2
E596	875F	E89D9F	蝟	CJK UNIFIED IDEOGRAPH	W	2
E597	8778	E89DB8	蝸	CJK UNIFIED IDEOGRAPH	W	2
E598	874C	E89D8C	蝌	CJK UNIFIED IDEOGRAPH	W	2
E599	874E	E89D8E	蝎	CJK UNIFIED IDEOGRAPH	W	2
E59A	8774	E89DB4	蝴	CJK UNIFIED IDEOGRAPH	W	2
E59B	8757	E89D97	蝗	CJK UNIFIED IDEOGRAPH	W	2
E59C	8768	E89DA8	蝨	CJK UNIFIED IDEOGRAPH	W	2
E59D	876E	E89DAE	蝮	CJK UNIFIED IDEOGRAPH	W	2
E59E	8759	E89D99	蝙	CJK UNIFIED IDEOGRAPH	W	2
E59F	8753	E89D93	蝓	CJK UNIFIED IDEOGRAPH	W	2
E5A0	8763	E89DA3	蝣	CJK UNIFIED IDEOGRAPH	W	2
E5A1	876A	E89DAA	蝪	CJK UNIFIED IDEOGRAPH	W	2
E5A2	8805	E8A085	蠅	CJK UNIFIED IDEOGRAPH	W	2
E5A3	87A2	E89EA2	螢	CJK UNIFIED IDEOGRAPH	W	2
E5A4	879F	E89E9F	螟	CJK UNIFIED IDEOGRAPH	W	2
E5A5	8782	E89E82	螂	CJK UNIFIED IDEOGRAPH	W	2
E5A6	87AF	E89EAF	螯	CJK UNIFIED IDEOGRAPH	W	2
E5A7	87CB	E89F8B	蟋	CJK UNIFIED IDEOGRAPH	W	2
E5A8	87BD	E89EBD	螽	CJK UNIFIED IDEOGRAPH	W	2
E5A9	87C0	E89F80	蟀	CJK UNIFIED IDEOGRAPH	W	2
E5AA	87D0	E89F90	蟐	CJK UNIFIED IDEOGRAPH	W	2
E5AB	96D6	E99B96	雖	CJK UNIFIED IDEOGRAPH	W	2
E5AC	87AB	E89EAB	螫	CJK UNIFIED IDEOGRAPH	W	2
E5AD	87C4	E89F84	蟄	CJK UNIFIED IDEOGRAPH	W	2
E5AE	87B3	E89EB3	螳	CJK UNIFIED IDEOGRAPH	W	2
E5AF	87C7	E89F87	蟇	CJK UNIFIED IDEOGRAPH	W	2
E5B0	87C6	E89F86	蟆	CJK UNIFIED IDEOGRAPH	W	2
E5B1	87BB	E89EBB	螻	CJK UNIFIED IDEOGRAPH	W	2
E5B2	87EF	E89FAF	蟯	CJK UNIFIED IDEOGRAPH	W	2
E5B3	87F2	E89FB2	蟲	CJK UNIFIED IDEOGRAPH	W	2
E5B4	87E0	E89FA0	蟠	CJK UNIFIED IDEOGRAPH	W	2
E5B5	880F	E8A08F	蠏	CJK UNIFIED IDEOGRAPH	W	2
E5B6	880D	E8A08D	蠍	CJK UNIFIED IDEOGRAPH	W	2
E5B7	87FE	E89FBE	蟾	CJK UNIFIED IDEOGRAPH	W	2
E5B8	87F6	E89FB6	蟶	CJK UNIFIED IDEOGRAPH	W	2
E5B9	87F7	E89FB7	蟷	CJK UNIFIED IDEOGRAPH	W	2
E5BA	880E	E8A08E	蠎	CJK UNIFIED IDEOGRAPH	W	2
E5BB	87D2	E89F92	蟒	CJK UNIFIED IDEOGRAPH	W	2
E5BC	8811	E8A091	蠑	CJK UNIFIED IDEOGRAPH	W	2
E5BD	8816	E8A096	蠖	CJK UNIFIED IDEOGRAPH	W	2
E5BE	8815	E8A095	蠕	CJK UNIFIED IDEOGRAPH	W	2
E5BF	8822	E8A0A2	蠢	CJK UNIFIED IDEOGRAPH	W	2
E5C0	8821	E8A0A1	蠡	CJK UNIFIED IDEOGRAPH	W	2
E5C1	8831	E8A0B1	蠱	CJK UNIFIED IDEOGRAPH	W	2
E5C2	8836	E8A0B6	蠶	CJK UNIFIED IDEOGRAPH	W	2
E5C3	8839	E8A0B9	蠹	CJK UNIFIED IDEOGRAPH	W	2
E5C4	8827	E8A0A7	蠧	CJK UNIFIED IDEOGRAPH	W	2
E5C5	883B	E8A0BB	蠻	CJK UNIFIED IDEOGRAPH	W	2
E5C6	8844	E8A184	衄	CJK UNIFIED IDEOGRAPH	W	2
E5C7	8842	E8A182	衂	CJK UNIFIED IDEOGRAPH	W	2
E5C8	8852	E8A192	衒	CJK UNIFIED IDEOGRAPH	W	2
E5C9	8859	E8A199	衙	CJK UNIFIED IDEOGRAPH	W	2
E5CA	885E	E8A19E	衞	CJK UNIFIED IDEOGRAPH	W	2
E5CB	8862	E8A1A2	衢	CJK UNIFIED IDEOGRAPH	W	2
E5CC	886B	E8A1AB	衫	CJK UNIFIED IDEOGRAPH	W	2
E5CD	8881	E8A281	袁	CJK UNIFIED IDEOGRAPH	W	2
E5CE	887E	E8A1BE	衾	CJK UNIFIED IDEOGRAPH	W	2
E5CF	889E	E8A29E	袞	CJK UNIFIED IDEOGRAPH	W	2
E5D0	8875	E8A1B5	衵	CJK UNIFIED IDEOGRAPH	W	2
E5D1	887D	E8A1BD	衽	CJK UNIFIED IDEOGRAPH	W	2
E5D2	88B5	E8A2B5	袵	CJK UNIFIED IDEOGRAPH	W	2
E5D3	8872	E8A1B2	衲	CJK UNIFIED IDEOGRAPH	W	2
E5D4	8882	E8A282	袂	CJK UNIFIED IDEOGRAPH	W	2
E5D5	8897	E8A297	袗	CJK UNIFIED IDEOGRAPH	W	2
E5D6	8892	E8A292	袒	CJK UNIFIED IDEOGRAPH	W	2
E5D7	88AE	E8A2AE	袮	CJK UNIFIED IDEOGRAPH	W	2
E5D8	8899	E8A299	袙	CJK UNIFIED IDEOGRAPH	W	2
E5D9	88A2	E8A2A2	袢	CJK UNIFIED IDEOGRAPH	W	2
E5DA	888D	E8A28D	袍	CJK UNIFIED IDEOGRAPH	W	2
E5DB	88A4	E8A2A4	袤	CJK UNIFIED IDEOGRAPH	W	2
E5DC	88B0	E8A2B0	袰	CJK UNIFIED IDEOGRAPH	W	2
E5DD	88BF	E8A2BF	袿	CJK UNIFIED IDEOGRAPH	W	2
E5DE	88B1	E8A2B1	袱	CJK UNIFIED IDEOGRAPH	W	2
E5DF	88C3	E8A383	裃	CJK UNIFIED IDEOGRAPH	W	2
E5E0	88C4	E8A384	裄	CJK UNIFIED IDEOGRAPH	W	2
E5E1	88D4	E8A394	裔	CJK UNIFIED IDEOGRAPH	W	2
E5E2	88D8	E8A398	裘	CJK UNIFIED IDEOGRAPH	W	2
E5E3	88D9	E8A399	裙	CJK UNIFIED IDEOGRAPH	W	2
E5E4	88DD	E8A39D	裝	CJK UNIFIED IDEOGRAPH	W	2
E5E5	88F9	E8A3B9	裹	CJK UNIFIED IDEOGRAPH	W	2
E5E6	8902	E8A482	褂	CJK UNIFIED IDEOGRAPH	W	2
E5E7	88FC	E8A3BC	裼	CJK UNIFIED IDEOGRAPH	W	2
E5E8	88F4	E8A3B4	裴	CJK UNIFIED IDEOGRAPH	W	2
E5E9	88E8	E8A3A8	裨	CJK UNIFIED IDEOGRAPH	W	2
E5EA	88F2	E8A3B2	裲	CJK UNIFIED IDEOGRAPH	W	2
E5EB	8904	E8A484	褄	CJK UNIFIED IDEOGRAPH	W	2
E5EC	890C	E8A48C	褌	CJK UNIFIED IDEOGRAPH	W	2
E5ED	890A	E8A48A	褊	CJK UNIFIED IDEOGRAPH	W	2
E5EE	8913	E8A493	褓	CJK UNIFIED IDEOGRAPH	W	2
E5EF	8943	E8A583	襃	CJK UNIFIED IDEOGRAPH	W	2
E5F0	891E	E8A49E	褞	CJK UNIFIED IDEOGRAPH	W	2
E5F1	8925	E8A4A5	褥	CJK UNIFIED IDEOGRAPH	W	2
E5F2	892A	E8A4AA	褪	CJK UNIFIED IDEOGRAPH	W	2
E5F3	892B	E8A4AB	褫	CJK UNIFIED IDEOGRAPH	W	2
E5F4	8941	E8A581	襁	CJK UNIFIED IDEOGRAPH	W	2
E5F5	8944	E8A584	襄	CJK UNIFIED IDEOGRAPH	W	2
E5F6	893B	E8A4BB	褻	CJK UNIFIED IDEOGRAPH	W	2
E5F7	8936	E8A4B6	褶	CJK UNIFIED IDEOGRAPH	W	2
E5F8	8938	E8A4B8	褸	CJK UNIFIED IDEOGRAPH	W	2
E5F9	894C	E8A58C	襌	CJK UNIFIED IDEOGRAPH	W	2
E5FA	891D	E8A49D	褝	CJK UNIFIED IDEOGRAPH	W	2
E5FB	8960	E8A5A0	襠	CJK UNIFIED IDEOGRAPH	W	2
E5FC	895E	E8A59E	襞	CJK UNIFIED IDEOGRAPH	W	2
E640	8966	E8A5A6	襦	CJK UNIFIED IDEOGRAPH	W	2
E641	8964	E8A5A4	襤	CJK UNIFIED IDEOGRAPH	W	2
E642	896D	E8A5AD	襭	CJK UNIFIED IDEOGRAPH	W	2
E643	896A	E8A5AA	襪	CJK UNIFIED IDEOGRAPH	W	2
E644	896F	E8A5AF	襯	CJK UNIFIED IDEOGRAPH	W	2
E645	8974	E8A5B4	襴	CJK UNIFIED IDEOGRAPH	W	2
E646	8977	E8A5B7	襷	CJK UNIFIED IDEOGRAPH	W	2
E647	897E	E8A5BE	襾	CJK UNIFIED IDEOGRAPH	W	2
E648	8983	E8A683	覃	CJK UNIFIED IDEOGRAPH	W	2
E649	8988	E8A688	覈	CJK UNIFIED IDEOGRAPH	W	2
E64A	898A	E8A68A	覊	CJK UNIFIED IDEOGRAPH	W	2
E64B	8993	E8A693	覓	CJK UNIFIED IDEOGRAPH	W	2
E64C	8998	E8A698	覘	CJK UNIFIED IDEOGRAPH	W	2
E64D	89A1	E8A6A1	覡	CJK UNIFIED IDEOGRAPH	W	2
E64E	89A9	E8A6A9	覩	CJK UNIFIED IDEOGRAPH	W	2
E64F	89A6	E8A6A6	覦	CJK UNIFIED IDEOGRAPH	W	2
E650	89AC	E8A6AC	覬	CJK UNIFIED IDEOGRAPH	W	2
E651	89AF	E8A6AF	覯	CJK UNIFIED IDEOGRAPH	W	2
E652	89B2	E8A6B2	覲	CJK UNIFIED IDEOGRAPH	W	2
E653	89BA	E8A6BA	覺	CJK UNIFIED IDEOGRAPH	W	2
E654	89BD	E8A6BD	覽	CJK UNIFIED IDEOGRAPH	W	2
E655	89BF	E8A6BF	覿	CJK UNIFIED IDEOGRAPH	W	2
E656	89C0	E8A780	觀	CJK UNIFIED IDEOGRAPH	W	2
E657	89DA	E8A79A	觚	CJK UNIFIED IDEOGRAPH	W	2
E658	89DC	E8A79C	觜	CJK UNIFIED IDEOGRAPH	W	2
E659	89DD	E8A79D	觝	CJK UNIFIED IDEOGRAPH	W	2
E65A	89E7	E8A7A7	觧	CJK UNIFIED IDEOGRAPH	W	2
E65B	89F4	E8A7B4	觴	CJK UNIFIED IDEOGRAPH	W	2
E65C	89F8	E8A7B8	觸	CJK UNIFIED IDEOGRAPH	W	2
E65D	8A03	E8A883	訃	CJK UNIFIED IDEOGRAPH	W	2
E65E	8A16	E8A896	訖	CJK UNIFIED IDEOGRAPH	W	2
E65F	8A10	E8A890	訐	CJK UNIFIED IDEOGRAPH	W	2
E660	8A0C	E8A88C	訌	CJK UNIFIED IDEOGRAPH	W	2
E661	8A1B	E8A89B	訛	CJK UNIFIED IDEOGRAPH	W	2
E662	8A1D	E8A89D	訝	CJK UNIFIED IDEOGRAPH	W	2
E663	8A25	E8A8A5	訥	CJK UNIFIED IDEOGRAPH	W	2
E664	8A36	E8A8B6	訶	CJK UNIFIED IDEOGRAPH	W	2
E665	8A41	E8A981	詁	CJK UNIFIED IDEOGRAPH	W	2
E666	8A5B	E8A99B	詛	CJK UNIFIED IDEOGRAPH	W	2
E667	8A52	E8A992	詒	CJK UNIFIED IDEOGRAPH	W	2
E668	8A46	E8A986	詆	CJK UNIFIED IDEOGRAPH	W	2
E669	8A48	E8A988	詈	CJK UNIFIED IDEOGRAPH	W	2
E66A	8A7C	E8A9BC	詼	CJK UNIFIED IDEOGRAPH	W	2
E66B	8A6D	E8A9AD	詭	CJK UNIFIED IDEOGRAPH	W	2
E66C	8A6C	E8A9AC	詬	CJK UNIFIED IDEOGRAPH	W	2
E66D	8A62	E8A9A2	詢	CJK UNIFIED IDEOGRAPH	W	2
E66E	8A85	E8AA85	誅	CJK UNIFIED IDEOGRAPH	W	2
E66F	8A82	E8AA82	誂	CJK UNIFIED IDEOGRAPH	W	2
E670	8A84	E8AA84	誄	CJK UNIFIED IDEOGRAPH	W	2
E671	8AA8	E8AAA8	誨	CJK UNIFIED IDEOGRAPH	W	2
E672	8AA1	E8AAA1	誡	CJK UNIFIED IDEOGRAPH	W	2
E673	8A91	E8AA91	誑	CJK UNIFIED IDEOGRAPH	W	2
E674	8AA5	E8AAA5	誥	CJK UNIFIED IDEOGRAPH	W	2
E675	8AA6	E8AAA6	誦	CJK UNIFIED IDEOGRAPH	W	2
E676	8A9A	E8AA9A	誚	CJK UNIFIED IDEOGRAPH	W	2
E677	8AA3	E8AAA3	誣	CJK UNIFIED IDEOGRAPH	W	2
E678	8AC4	E8AB84	諄	CJK UNIFIED IDEOGRAPH	W	2
E679	8ACD	E8AB8D	諍	CJK UNIFIED IDEOGRAPH	W	2
E67A	8AC2	E8AB82	諂	CJK UNIFIED IDEOGRAPH	W	2
E67B	8ADA	E8AB9A	諚	CJK UNIFIED IDEOGRAPH	W	2
E67C	8AEB	E8ABAB	諫	CJK UNIFIED IDEOGRAPH	W	2
E67D	8AF3	E8ABB3	諳	CJK UNIFIED IDEOGRAPH	W	2
E67E	8AE7	E8ABA7	諧	CJK UNIFIED IDEOGRAPH	W	2
E680	8AE4	E8ABA4	諤	CJK UNIFIED IDEOGRAPH	W	2
E681	8AF1	E8ABB1	諱	CJK UNIFIED IDEOGRAPH	W	2
E682	8B14	E8AC94	謔	CJK UNIFIED IDEOGRAPH	W	2
E683	8AE0	E8ABA0	諠	CJK UNIFIED IDEOGRAPH	W	2
E684	8AE2	E8ABA2	諢	CJK UNIFIED IDEOGRAPH	W	2
E685	8AF7	E8ABB7	諷	CJK UNIFIED IDEOGRAPH	W	2
E686	8ADE	E8AB9E	諞	CJK UNIFIED IDEOGRAPH	W	2
E687	8ADB	E8AB9B	諛	CJK UNIFIED IDEOGRAPH	W	2
E688	8B0C	E8AC8C	謌	CJK UNIFIED IDEOGRAPH	W	2
E689	8B07	E8AC87	謇	CJK UNIFIED IDEOGRAPH	W	2
E68A	8B1A	E8AC9A	謚	CJK UNIFIED IDEOGRAPH	W	2
E68B	8AE1	E8ABA1	諡	CJK UNIFIED IDEOGRAPH	W	2
E68C	8B16	E8AC96	謖	CJK UNIFIED IDEOGRAPH	W	2
E68D	8B10	E8AC90	謐	CJK UNIFIED IDEOGRAPH	W	2
E68E	8B17	E8AC97	謗	CJK UNIFIED IDEOGRAPH	W	2
E68F	8B20	E8ACA0	謠	CJK UNIFIED IDEOGRAPH	W	2
E690	8B33	E8ACB3	謳	CJK UNIFIED IDEOGRAPH	W	2
E691	97AB	E99EAB	鞫	CJK UNIFIED IDEOGRAPH	W	2
E692	8B26	E8ACA6	謦	CJK UNIFIED IDEOGRAPH	W	2
E693	8B2B	E8ACAB	謫	CJK UNIFIED IDEOGRAPH	W	2
E694	8B3E	E8ACBE	謾	CJK UNIFIED IDEOGRAPH	W	2
E695	8B28	E8ACA8	謨	CJK UNIFIED IDEOGRAPH	W	2
E696	8B41	E8AD81	譁	CJK UNIFIED IDEOGRAPH	W	2
E697	8B4C	E8AD8C	譌	CJK UNIFIED IDEOGRAPH	W	2
E698	8B4F	E8AD8F	譏	CJK UNIFIED IDEOGRAPH	W	2
E699	8B4E	E8AD8E	譎	CJK UNIFIED IDEOGRAPH	W	2
E69A	8B49	E8AD89	證	CJK UNIFIED IDEOGRAPH	W	2
E69B	8B56	E8AD96	譖	CJK UNIFIED IDEOGRAPH	W	2
E69C	8B5B	E8AD9B	譛	CJK UNIFIED IDEOGRAPH	W	2
E69D	8B5A	E8AD9A	譚	CJK UNIFIED IDEOGRAPH	W	2
E69E	8B6B	E8ADAB	譫	CJK UNIFIED IDEOGRAPH	W	2
E69F	8B5F	E8AD9F	譟	CJK UNIFIED IDEOGRAPH	W	2
E6A0	8B6C	E8ADAC	譬	CJK UNIFIED IDEOGRAPH	W	2
E6A1	8B6F	E8ADAF	譯	CJK UNIFIED IDEOGRAPH	W	2
E6A2	8B74	E8ADB4	譴	CJK UNIFIED IDEOGRAPH	W	2
E6A3	8B7D	E8ADBD	譽	CJK UNIFIED IDEOGRAPH	W	2
E6A4	8B80	E8AE80	讀	CJK UNIFIED IDEOGRAPH	W	2
E6A5	8B8C	E8AE8C	讌	CJK UNIFIED IDEOGRAPH	W	2
E6A6	8B8E	E8AE8E	讎	CJK UNIFIED IDEOGRAPH	W	2
E6A7	8B92	E8AE92	讒	CJK UNIFIED IDEOGRAPH	W	2
E6A8	8B93	E8AE93	讓	CJK UNIFIED IDEOGRAPH	W	2
E6A9	8B96	E8AE96	讖	CJK UNIFIED IDEOGRAPH	W	2
E6AA	8B99	E8AE99	讙	CJK UNIFIED IDEOGRAPH	W	2
E6AB	8B9A	E8AE9A	讚	CJK UNIFIED IDEOGRAPH	W	2
E6AC	8C3A	E8B0BA	谺	CJK UNIFIED IDEOGRAPH	W	2
E6AD	8C41	E8B181	豁	CJK UNIFIED IDEOGRAPH	W	2
E6AE	8C3F	E8B0BF	谿	CJK UNIFIED IDEOGRAPH	W	2
E6AF	8C48	E8B188	豈	CJK UNIFIED IDEOGRAPH	W	2
E6B0	8C4C	E8B18C	豌	CJK UNIFIED IDEOGRAPH	W	2
E6B1	8C4E	E8B18E	豎	CJK UNIFIED IDEOGRAPH	W	2
E6B2	8C50	E8B190	豐	CJK UNIFIED IDEOGRAPH	W	2
E6B3	8C55	E8B195	豕	CJK UNIFIED IDEOGRAPH	W	2
E6B4	8C62	E8B1A2	豢	CJK UNIFIED IDEOGRAPH	W	2
E6B5	8C6C	E8B1AC	豬	CJK UNIFIED IDEOGRAPH	W	2
E6B6	8C78	E8B1B8	豸	CJK UNIFIED IDEOGRAPH	W	2
E6B7	8C7A	E8B1BA	豺	CJK UNIFIED IDEOGRAPH	W	2
E6B8	8C82	E8B282	貂	CJK UNIFIED IDEOGRAPH	W	2
E6B9	8C89	E8B289	貉	CJK UNIFIED IDEOGRAPH	W	2
E6BA	8C85	E8B285	貅	CJK UNIFIED IDEOGRAPH	W	2
E6BB	8C8A	E8B28A	貊	CJK UNIFIED IDEOGRAPH	W	2
E6BC	8C8D	E8B28D	貍	CJK UNIFIED IDEOGRAPH	W	2
E6BD	8C8E	E8B28E	貎	CJK UNIFIED IDEOGRAPH	W	2
E6BE	8C94	E8B294	貔	CJK UNIFIED IDEOGRAPH	W	2
E6BF	8C7C	E8B1BC	豼	CJK UNIFIED IDEOGRAPH	W	2
E6C0	8C98	E8B298	貘	CJK UNIFIED IDEOGRAPH	W	2
E6C1	621D	E6889D	戝	CJK UNIFIED IDEOGRAPH	W	2
E6C2	8CAD	E8B2AD	貭	CJK UNIFIED IDEOGRAPH	W	2
E6C3	8CAA	E8B2AA	貪	CJK UNIFIED IDEOGRAPH	W	2
E6C4	8CBD	E8B2BD	貽	CJK UNIFIED IDEOGRAPH	W	2
E6C5	8CB2	E8B2B2	貲	CJK UNIFIED IDEOGRAPH	W	2
E6C6	8CB3	E8B2B3	貳	CJK UNIFIED IDEOGRAPH	W	2
E6C7	8CAE	E8B2AE	貮	CJK UNIFIED IDEOGRAPH	W	2
E6C8	8CB6	E8B2B6	貶	CJK UNIFIED IDEOGRAPH	W	2
E6C9	8CC8	E8B388	賈	CJK UNIFIED IDEOGRAPH	W	2
E6CA	8CC1	E8B381	賁	CJK UNIFIED IDEOGRAPH	W	2
E6CB	8CE4	E8B3A4	賤	CJK UNIFIED IDEOGRAPH	W	2
E6CC	8CE3	E8B3A3	賣	CJK UNIFIED IDEOGRAPH	W	2
E6CD	8CDA	E8B39A	賚	CJK UNIFIED IDEOGRAPH	W	2
E6CE	8CFD	E8B3BD	賽	CJK UNIFIED IDEOGRAPH	W	2
E6CF	8CFA	E8B3BA	賺	CJK UNIFIED IDEOGRAPH	W	2
E6D0	8CFB	E8B3BB	賻	CJK UNIFIED IDEOGRAPH	W	2
E6D1	8D04	E8B484	贄	CJK UNIFIED IDEOGRAPH	W	2
E6D2	8D05	E8B485	贅	CJK UNIFIED IDEOGRAPH	W	2
E6D3	8D0A	E8B48A	贊	CJK UNIFIED IDEOGRAPH	W	2
E6D4	8D07	E8B487	贇	CJK UNIFIED IDEOGRAPH	W	2
E6D5	8D0F	E8B48F	贏	CJK UNIFIED IDEOGRAPH	W	2
E6D6	8D0D	E8B48D	贍	CJK UNIFIED IDEOGRAPH	W	2
E6D7	8D10	E8B490	贐	CJK UNIFIED IDEOGRAPH	W	2
E6D8	9F4E	E9BD8E	齎	CJK UNIFIED IDEOGRAPH	W	2
E6D9	8D13	E8B493	贓	CJK UNIFIED IDEOGRAPH	W	2
E6DA	8CCD	E8B38D	賍	CJK UNIFIED IDEOGRAPH	W	2
E6DB	8D14	E8B494	贔	CJK UNIFIED IDEOGRAPH	W	2
E6DC	8D16	E8B496	贖	CJK UNIFIED IDEOGRAPH	W	2
E6DD	8D67	E8B5A7	赧	CJK UNIFIED IDEOGRAPH	W	2
E6DE	8D6D	E8B5AD	赭	CJK UNIFIED IDEOGRAPH	W	2
E6DF	8D71	E8B5B1	赱	CJK UNIFIED IDEOGRAPH	W	2
E6E0	8D73	E8B5B3	赳	CJK UNIFIED IDEOGRAPH	W	2
E6E1	8D81	E8B681	趁	CJK UNIFIED IDEOGRAPH	W	2
E6E2	8D99	E8B699	趙	CJK UNIFIED IDEOGRAPH	W	2
E6E3	8DC2	E8B782	跂	CJK UNIFIED IDEOGRAPH	W	2
E6E4	8DBE	E8B6BE	趾	CJK UNIFIED IDEOGRAPH	W	2
E6E5	8DBA	E8B6BA	趺	CJK UNIFIED IDEOGRAPH	W	2
E6E6	8DCF	E8B78F	跏	CJK UNIFIED IDEOGRAPH	W	2
E6E7	8DDA	E8B79A	跚	CJK UNIFIED IDEOGRAPH	W	2
E6E8	8DD6	E8B796	跖	CJK UNIFIED IDEOGRAPH	W	2
E6E9	8DCC	E8B78C	跌	CJK UNIFIED IDEOGRAPH	W	2
E6EA	8DDB	E8B79B	跛	CJK UNIFIED IDEOGRAPH	W	2
E6EB	8DCB	E8B78B	跋	CJK UNIFIED IDEOGRAPH	W	2
E6EC	8DEA	E8B7AA	跪	CJK UNIFIED IDEOGRAPH	W	2
E6ED	8DEB	E8B7AB	跫	CJK UNIFIED IDEOGRAPH	W	2
E6EE	8DDF	E8B79F	跟	CJK UNIFIED IDEOGRAPH	W	2
E6EF	8DE3	E8B7A3	跣	CJK UNIFIED IDEOGRAPH	W	2
E6F0	8DFC	E8B7BC	跼	CJK UNIFIED IDEOGRAPH	W	2
E6F1	8E08	E8B888	踈	CJK UNIFIED IDEOGRAPH	W	2
E6F2	8E09	E8B889	踉	CJK UNIFIED IDEOGRAPH	W	2
E6F3	8DFF	E8B7BF	跿	CJK UNIFIED IDEOGRAPH	W	2
E6F4	8E1D	E8B89D	踝	CJK UNIFIED IDEOGRAPH	W	2
E6F5	8E1E	E8B89E	踞	CJK UNIFIED IDEOGRAPH	W	2
E6F6	8E10	E8B890	踐	CJK UNIFIED IDEOGRAPH	W	2
E6F7	8E1F	E8B89F	踟	CJK UNIFIED IDEOGRAPH	W	2
E6F8	8E42	E8B982	蹂	CJK UNIFIED IDEOGRAPH	W	2
E6F9	8E35	E8B8B5	踵	CJK UNIFIED IDEOGRAPH	W	2
E6FA	8E30	E8B8B0	踰	CJK UNIFIED IDEOGRAPH	W	2
E6FB	8E34	E8B8B4	踴	CJK UNIFIED IDEOGRAPH	W	2
E6FC	8E4A	E8B98A	蹊	CJK UNIFIED IDEOGRAPH	W	2
E740	8E47	E8B987	蹇	CJK UNIFIED IDEOGRAPH	W	2
E741	8E49	E8B989	蹉	CJK UNIFIED IDEOGRAPH	W	2
E742	8E4C	E8B98C	蹌	CJK UNIFIED IDEOGRAPH	W	2
E743	8E50	E8B990	蹐	CJK UNIFIED IDEOGRAPH	W	2
E744	8E48	E8B988	蹈	CJK UNIFIED IDEOGRAPH	W	2
E745	8E59	E8B999	蹙	CJK UNIFIED IDEOGRAPH	W	2
E746	8E64	E8B9A4	蹤	CJK UNIFIED IDEOGRAPH	W	2
E747	8E60	E8B9A0	蹠	CJK UNIFIED IDEOGRAPH	W	2
E748	8E2A	E8B8AA	踪	CJK UNIFIED IDEOGRAPH	W	2
E749	8E63	E8B9A3	蹣	CJK UNIFIED IDEOGRAPH	W	2
E74A	8E55	E8B995	蹕	CJK UNIFIED IDEOGRAPH	W	2
E74B	8E76	E8B9B6	蹶	CJK UNIFIED IDEOGRAPH	W	2
E74C	8E72	E8B9B2	蹲	CJK UNIFIED IDEOGRAPH	W	2
E74D	8E7C	E8B9BC	蹼	CJK UNIFIED IDEOGRAPH	W	2
E74E	8E81	E8BA81	躁	CJK UNIFIED IDEOGRAPH	W	2
E74F	8E87	E8BA87	躇	CJK UNIFIED IDEOGRAPH	W	2
E750	8E85	E8BA85	躅	CJK UNIFIED IDEOGRAPH	W	2
E751	8E84	E8BA84	躄	CJK UNIFIED IDEOGRAPH	W	2
E752	8E8B	E8BA8B	躋	CJK UNIFIED IDEOGRAPH	W	2
E753	8E8A	E8BA8A	躊	CJK UNIFIED IDEOGRAPH	W	2
E754	8E93	E8BA93	躓	CJK UNIFIED IDEOGRAPH	W	2
E755	8E91	E8BA91	躑	CJK UNIFIED IDEOGRAPH	W	2
E756	8E94	E8BA94	躔	CJK UNIFIED IDEOGRAPH	W	2
E757	8E99	E8BA99	躙	CJK UNIFIED IDEOGRAPH	W	2
E758	8EAA	E8BAAA	躪	CJK UNIFIED IDEOGRAPH	W	2
E759	8EA1	E8BAA1	躡	CJK UNIFIED IDEOGRAPH	W	2
E75A	8EAC	E8BAAC	躬	CJK UNIFIED IDEOGRAPH	W	2
E75B	8EB0	E8BAB0	躰	CJK UNIFIED IDEOGRAPH	W	2
E75C	8EC6	E8BB86	軆	CJK UNIFIED IDEOGRAPH	W	2
E75D	8EB1	E8BAB1	躱	CJK UNIFIED IDEOGRAPH	W	2
E75E	8EBE	E8BABE	躾	CJK UNIFIED IDEOGRAPH	W	2
E75F	8EC5	E8BB85	軅	CJK UNIFIED IDEOGRAPH	W	2
E760	8EC8	E8BB88	軈	CJK UNIFIED IDEOGRAPH	W	2
E761	8ECB	E8BB8B	軋	CJK UNIFIED IDEOGRAPH	W	2
E762	8EDB	E8BB9B	軛	CJK UNIFIED IDEOGRAPH	W	2
E763	8EE3	E8BBA3	軣	CJK UNIFIED IDEOGRAPH	W	2
E764	8EFC	E8BBBC	軼	CJK UNIFIED IDEOGRAPH	W	2
E765	8EFB	E8BBBB	軻	CJK UNIFIED IDEOGRAPH	W	2
E766	8EEB	E8BBAB	軫	CJK UNIFIED IDEOGRAPH	W	2
E767	8EFE	E8BBBE	軾	CJK UNIFIED IDEOGRAPH	W	2
E768	8F0A	E8BC8A	輊	CJK UNIFIED IDEOGRAPH	W	2
E769	8F05	E8BC85	輅	CJK UNIFIED IDEOGRAPH	W	2
E76A	8F15	E8BC95	輕	CJK UNIFIED IDEOGRAPH	W	2
E76B	8F12	E8BC92	輒	CJK UNIFIED IDEOGRAPH	W	2
E76C	8F19	E8BC99	輙	CJK UNIFIED IDEOGRAPH	W	2
E76D	8F13	E8BC93	輓	CJK UNIFIED IDEOGRAPH	W	2
E76E	8F1C	E8BC9C	輜	CJK UNIFIED IDEOGRAPH	W	2
E76F	8F1F	E8BC9F	輟	CJK UNIFIED IDEOGRAPH	W	2
E770	8F1B	E8BC9B	輛	CJK UNIFIED IDEOGRAPH	W	2
E771	8F0C	E8BC8C	輌	CJK UNIFIED IDEOGRAPH	W	2
E772	8F26	E8BCA6	輦	CJK UNIFIED IDEOGRAPH	W	2
E773	8F33	E8BCB3	輳	CJK UNIFIED IDEOGRAPH	W	2
E774	8F3B	E8BCBB	輻	CJK UNIFIED IDEOGRAPH	W	2
E775	8F39	E8BCB9	輹	CJK UNIFIED IDEOGRAPH	W	2
E776	8F45	E8BD85	轅	CJK UNIFIED IDEOGRAPH	W	2
E777	8F42	E8BD82	轂	CJK UNIFIED IDEOGRAPH	W	2
E778	8F3E	E8BCBE	輾	CJK UNIFIED IDEOGRAPH	W	2
E779	8F4C	E8BD8C	轌	CJK UNIFIED IDEOGRAPH	W	2
E77A	8F49	E8BD89	轉	CJK UNIFIED IDEOGRAPH	W	2
E77B	8F46	E8BD86	轆	CJK UNIFIED IDEOGRAPH	W	2
E77C	8F4E	E8BD8E	轎	CJK UNIFIED IDEOGRAPH	W	2
E77D	8F57	E8BD97	轗	CJK UNIFIED IDEOGRAPH	W	2
E77E	8F5C	E8BD9C	轜	CJK UNIFIED IDEOGRAPH	W	2
E780	8F62	E8BDA2	轢	CJK UNIFIED IDEOGRAPH	W	2
E781	8F63	E8BDA3	轣	CJK UNIFIED IDEOGRAPH	W	2
E782	8F64	E8BDA4	轤	CJK UNIFIED IDEOGRAPH	W	2
E783	8F9C	E8BE9C	辜	CJK UNIFIED IDEOGRAPH	W	2
E784	8F9F	E8BE9F	辟	CJK UNIFIED IDEOGRAPH	W	2
E785	8FA3	E8BEA3	辣	CJK UNIFIED IDEOGRAPH	W	2
E786	8FAD	E8BEAD	辭	CJK UNIFIED IDEOGRAPH	W	2
E787	8FAF	E8BEAF	辯	CJK UNIFIED IDEOGRAPH	W	2
E788	8FB7	E8BEB7	辷	CJK UNIFIED IDEOGRAPH	W	2
E789	8FDA	E8BF9A	迚	CJK UNIFIED IDEOGRAPH	W	2
E78A	8FE5	E8BFA5	迥	CJK UNIFIED IDEOGRAPH	W	2
E78B	8FE2	E8BFA2	迢	CJK UNIFIED IDEOGRAPH	W	2
E78C	8FEA	E8BFAA	迪	CJK UNIFIED IDEOGRAPH	W	2
E78D	8FEF	E8BFAF	迯	CJK UNIFIED IDEOGRAPH	W	2
E78E	9087	E98287	邇	CJK UNIFIED IDEOGRAPH	W	2
E78F	8FF4	E8BFB4	迴	CJK UNIFIED IDEOGRAPH	W	2
E790	9005	E98085	逅	CJK UNIFIED IDEOGRAPH	W	2
E791	8FF9	E8BFB9	迹	CJK UNIFIED IDEOGRAPH	W	2
E792	8FFA	E8BFBA	迺	CJK UNIFIED IDEOGRAPH	W	2
E793	9011	E98091	逑	CJK UNIFIED IDEOGRAPH	W	2
E794	9015	E98095	逕	CJK UNIFIED IDEOGRAPH	W	2
E795	9021	E980A1	逡	CJK UNIFIED IDEOGRAPH	W	2
E796	900D	E9808D	逍	CJK UNIFIED IDEOGRAPH	W	2
E797	901E	E9809E	逞	CJK UNIFIED IDEOGRAPH	W	2
E798	9016	E98096	逖	CJK UNIFIED IDEOGRAPH	W	2
E799	900B	E9808B	逋	CJK UNIFIED IDEOGRAPH	W	2
E79A	9027	E980A7	逧	CJK UNIFIED IDEOGRAPH	W	2
E79B	9036	E980B6	逶	CJK UNIFIED IDEOGRAPH	W	2
E79C	9035	E980B5	逵	CJK UNIFIED IDEOGRAPH	W	2
E79D	9039	E980B9	逹	CJK UNIFIED IDEOGRAPH	W	2
E79E	8FF8	E8BFB8	迸	CJK UNIFIED IDEOGRAPH	W	2
E79F	904F	E9818F	遏	CJK UNIFIED IDEOGRAPH	W	2
E7A0	9050	E98190	遐	CJK UNIFIED IDEOGRAPH	W	2
E7A1	9051	E98191	遑	CJK UNIFIED IDEOGRAPH	W	2
E7A2	9052	E98192	遒	CJK UNIFIED IDEOGRAPH	W	2
E7A3	900E	E9808E	逎	CJK UNIFIED IDEOGRAPH	W	2
E7A4	9049	E98189	遉	CJK UNIFIED IDEOGRAPH	W	2
E7A5	903E	E980BE	逾	CJK UNIFIED IDEOGRAPH	W	2
E7A6	9056	E98196	遖	CJK UNIFIED IDEOGRAPH	W	2
E7A7	9058	E98198	遘	CJK UNIFIED IDEOGRAPH	W	2
E7A8	905E	E9819E	遞	CJK UNIFIED IDEOGRAPH	W	2
E7A9	9068	E981A8	遨	CJK UNIFIED IDEOGRAPH	W	2
E7AA	906F	E981AF	遯	CJK UNIFIED IDEOGRAPH	W	2
E7AB	9076	E981B6	遶	CJK UNIFIED IDEOGRAPH	W	2
E7AC	96A8	E99AA8	隨	CJK UNIFIED IDEOGRAPH	W	2
E7AD	9072	E981B2	遲	CJK UNIFIED IDEOGRAPH	W	2
E7AE	9082	E98282	邂	CJK UNIFIED IDEOGRAPH	W	2
E7AF	907D	E981BD	遽	CJK UNIFIED IDEOGRAPH	W	2
E7B0	9081	E98281	邁	CJK UNIFIED IDEOGRAPH	W	2
E7B1	9080	E98280	邀	CJK UNIFIED IDEOGRAPH	W	2
E7B2	908A	E9828A	邊	CJK UNIFIED IDEOGRAPH	W	2
E7B3	9089	E98289	邉	CJK UNIFIED IDEOGRAPH	W	2
E7B4	908F	E9828F	邏	CJK UNIFIED IDEOGRAPH	W	2
E7B5	90A8	E982A8	邨	CJK UNIFIED IDEOGRAPH	W	2
E7B6	90AF	E982AF	邯	CJK UNIFIED IDEOGRAPH	W	2
E7B7	90B1	E982B1	邱	CJK UNIFIED IDEOGRAPH	W	2
E7B8	90B5	E982B5	邵	CJK UNIFIED IDEOGRAPH	W	2
E7B9	90E2	E983A2	郢	CJK UNIFIED IDEOGRAPH	W	2
E7BA	90E4	E983A4	郤	CJK UNIFIED IDEOGRAPH	W	2
E7BB	6248	E68988	扈	CJK UNIFIED IDEOGRAPH	W	2
E7BC	90DB	E9839B	郛	CJK UNIFIED IDEOGRAPH	W	2
E7BD	9102	E98482	鄂	CJK UNIFIED IDEOGRAPH	W	2
E7BE	9112	E98492	鄒	CJK UNIFIED IDEOGRAPH	W	2
E7BF	9119	E98499	鄙	CJK UNIFIED IDEOGRAPH	W	2
E7C0	9132	E984B2	鄲	CJK UNIFIED IDEOGRAPH	W	2
E7C1	9130	E984B0	鄰	CJK UNIFIED IDEOGRAPH	W	2
E7C2	914A	E9858A	酊	CJK UNIFIED IDEOGRAPH	W	2
E7C3	9156	E98596	酖	CJK UNIFIED IDEOGRAPH	W	2
E7C4	9158	E98598	酘	CJK UNIFIED IDEOGRAPH	W	2
E7C5	9163	E985A3	酣	CJK UNIFIED IDEOGRAPH	W	2
E7C6	9165	E985A5	酥	CJK UNIFIED IDEOGRAPH	W	2
E7C7	9169	E985A9	酩	CJK UNIFIED IDEOGRAPH	W	2
E7C8	9173	E985B3	酳	CJK UNIFIED IDEOGRAPH	W	2
E7C9	9172	E985B2	酲	CJK UNIFIED IDEOGRAPH	W	2
E7CA	918B	E9868B	醋	CJK UNIFIED IDEOGRAPH	W	2
E7CB	9189	E98689	醉	CJK UNIFIED IDEOGRAPH	W	2
E7CC	9182	E98682	醂	CJK UNIFIED IDEOGRAPH	W	2
E7CD	91A2	E986A2	醢	CJK UNIFIED IDEOGRAPH	W	2
E7CE	91AB	E986AB	醫	CJK UNIFIED IDEOGRAPH	W	2
E7CF	91AF	E986AF	醯	CJK UNIFIED IDEOGRAPH	W	2
E7D0	91AA	E986AA	醪	CJK UNIFIED IDEOGRAPH	W	2
E7D1	91B5	E986B5	醵	CJK UNIFIED IDEOGRAPH	W	2
E7D2	91B4	E986B4	醴	CJK UNIFIED IDEOGRAPH	W	2
E7D3	91BA	E986BA	醺	CJK UNIFIED IDEOGRAPH	W	2
E7D4	91C0	E98780	釀	CJK UNIFIED IDEOGRAPH	W	2
E7D5	91C1	E98781	釁	CJK UNIFIED IDEOGRAPH	W	2
E7D6	91C9	E98789	釉	CJK UNIFIED IDEOGRAPH	W	2
E7D7	91CB	E9878B	釋	CJK UNIFIED IDEOGRAPH	W	2
E7D8	91D0	E98790	釐	CJK UNIFIED IDEOGRAPH	W	2
E7D9	91D6	E98796	釖	CJK UNIFIED IDEOGRAPH	W	2
E7DA	91DF	E9879F	釟	CJK UNIFIED IDEOGRAPH	W	2
E7DB	91E1	E987A1	釡	CJK UNIFIED IDEOGRAPH	W	2
E7DC	91DB	E9879B	釛	CJK UNIFIED IDEOGRAPH	W	2
E7DD	91FC	E987BC	釼	CJK UNIFIED IDEOGRAPH	W	2
E7DE	91F5	E987B5	釵	CJK UNIFIED IDEOGRAPH	W	2
E7DF	91F6	E987B6	釶	CJK UNIFIED IDEOGRAPH	W	2
E7E0	921E	E9889E	鈞	CJK UNIFIED IDEOGRAPH	W	2
E7E1	91FF	E987BF	釿	CJK UNIFIED IDEOGRAPH	W	2
E7E2	9214	E98894	鈔	CJK UNIFIED IDEOGRAPH	W	2
E7E3	922C	E988AC	鈬	CJK UNIFIED IDEOGRAPH	W	2
E7E4	9215	E98895	鈕	CJK UNIFIED IDEOGRAPH	W	2
E7E5	9211	E98891	鈑	CJK UNIFIED IDEOGRAPH	W	2
E7E6	925E	E9899E	鉞	CJK UNIFIED IDEOGRAPH	W	2
E7E7	9257	E98997	鉗	CJK UNIFIED IDEOGRAPH	W	2
E7E8	9245	E98985	鉅	CJK UNIFIED IDEOGRAPH	W	2
E7E9	9249	E98989	鉉	CJK UNIFIED IDEOGRAPH	W	2
E7EA	9264	E989A4	鉤	CJK UNIFIED IDEOGRAPH	W	2
E7EB	9248	E98988	鉈	CJK UNIFIED IDEOGRAPH	W	2
E7EC	9295	E98A95	銕	CJK UNIFIED IDEOGRAPH	W	2
E7ED	923F	E988BF	鈿	CJK UNIFIED IDEOGRAPH	W	2
E7EE	924B	E9898B	鉋	CJK UNIFIED IDEOGRAPH	W	2
E7EF	9250	E98990	鉐	CJK UNIFIED IDEOGRAPH	W	2
E7F0	929C	E98A9C	銜	CJK UNIFIED IDEOGRAPH	W	2
E7F1	9296	E98A96	銖	CJK UNIFIED IDEOGRAPH	W	2
E7F2	9293	E98A93	銓	CJK UNIFIED IDEOGRAPH	W	2
E7F3	929B	E98A9B	銛	CJK UNIFIED IDEOGRAPH	W	2
E7F4	925A	E9899A	鉚	CJK UNIFIED IDEOGRAPH	W	2
E7F5	92CF	E98B8F	鋏	CJK UNIFIED IDEOGRAPH	W	2
E7F6	92B9	E98AB9	銹	CJK UNIFIED IDEOGRAPH	W	2
E7F7	92B7	E98AB7	銷	CJK UNIFIED IDEOGRAPH	W	2
E7F8	92E9	E98BA9	鋩	CJK UNIFIED IDEOGRAPH	W	2
E7F9	930F	E98C8F	錏	CJK UNIFIED IDEOGRAPH	W	2
E7FA	92FA	E98BBA	鋺	CJK UNIFIED IDEOGRAPH	W	2
E7FB	9344	E98D84	鍄	CJK UNIFIED IDEOGRAPH	W	2
E7FC	932E	E98CAE	錮	CJK UNIFIED IDEOGRAPH	W	2
E840	9319	E98C99	錙	CJK UNIFIED IDEOGRAPH	W	2
E841	9322	E98CA2	錢	CJK UNIFIED IDEOGRAPH	W	2
E842	931A	E98C9A	錚	CJK UNIFIED IDEOGRAPH	W	2
E843	9323	E98CA3	錣	CJK UNIFIED IDEOGRAPH	W	2
E844	933A	E98CBA	錺	CJK UNIFIED IDEOGRAPH	W	2
E845	9335	E98CB5	錵	CJK UNIFIED IDEOGRAPH	W	2
E846	933B	E98CBB	錻	CJK UNIFIED IDEOGRAPH	W	2
E847	935C	E98D9C	鍜	CJK UNIFIED IDEOGRAPH	W	2
E848	9360	E98DA0	鍠	CJK UNIFIED IDEOGRAPH	W	2
E849	937C	E98DBC	鍼	CJK UNIFIED IDEOGRAPH	W	2
E84A	936E	E98DAE	鍮	CJK UNIFIED IDEOGRAPH	W	2
E84B	9356	E98D96	鍖	CJK UNIFIED IDEOGRAPH	W	2
E84C	93B0	E98EB0	鎰	CJK UNIFIED IDEOGRAPH	W	2
E84D	93AC	E98EAC	鎬	CJK UNIFIED IDEOGRAPH	W	2
E84E	93AD	E98EAD	鎭	CJK UNIFIED IDEOGRAPH	W	2
E84F	9394	E98E94	鎔	CJK UNIFIED IDEOGRAPH	W	2
E850	93B9	E98EB9	鎹	CJK UNIFIED IDEOGRAPH	W	2
E851	93D6	E98F96	鏖	CJK UNIFIED IDEOGRAPH	W	2
E852	93D7	E98F97	鏗	CJK UNIFIED IDEOGRAPH	W	2
E853	93E8	E98FA8	鏨	CJK UNIFIED IDEOGRAPH	W	2
E854	93E5	E98FA5	鏥	CJK UNIFIED IDEOGRAPH	W	2
E855	93D8	E98F98	鏘	CJK UNIFIED IDEOGRAPH	W	2
E856	93C3	E98F83	鏃	CJK UNIFIED IDEOGRAPH	W	2
E857	93DD	E98F9D	鏝	CJK UNIFIED IDEOGRAPH	W	2
E858	93D0	E98F90	鏐	CJK UNIFIED IDEOGRAPH	W	2
E859	93C8	E98F88	鏈	CJK UNIFIED IDEOGRAPH	W	2
E85A	93E4	E98FA4	鏤	CJK UNIFIED IDEOGRAPH	W	2
E85B	941A	E9909A	鐚	CJK UNIFIED IDEOGRAPH	W	2
E85C	9414	E99094	鐔	CJK UNIFIED IDEOGRAPH	W	2
E85D	9413	E99093	鐓	CJK UNIFIED IDEOGRAPH	W	2
E85E	9403	E99083	鐃	CJK UNIFIED IDEOGRAPH	W	2
E85F	9407	E99087	鐇	CJK UNIFIED IDEOGRAPH	W	2
E860	9410	E99090	鐐	CJK UNIFIED IDEOGRAPH	W	2
E861	9436	E990B6	鐶	CJK UNIFIED IDEOGRAPH	W	2
E862	942B	E990AB	鐫	CJK UNIFIED IDEOGRAPH	W	2
E863	9435	E990B5	鐵	CJK UNIFIED IDEOGRAPH	W	2
E864	9421	E990A1	鐡	CJK UNIFIED IDEOGRAPH	W	2
E865	943A	E990BA	鐺	CJK UNIFIED IDEOGRAPH	W	2
E866	9441	E99181	鑁	CJK UNIFIED IDEOGRAPH	W	2
E867	9452	E99192	鑒	CJK UNIFIED IDEOGRAPH	W	2
E868	9444	E99184	鑄	CJK UNIFIED IDEOGRAPH	W	2
E869	945B	E9919B	鑛	CJK UNIFIED IDEOGRAPH	W	2
E86A	9460	E991A0	鑠	CJK UNIFIED IDEOGRAPH	W	2
E86B	9462	E991A2	鑢	CJK UNIFIED IDEOGRAPH	W	2
E86C	945E	E9919E	鑞	CJK UNIFIED IDEOGRAPH	W	2
E86D	946A	E991AA	鑪	CJK UNIFIED IDEOGRAPH	W	2
E86E	9229	E988A9	鈩	CJK UNIFIED IDEOGRAPH	W	2
E86F	9470	E991B0	鑰	CJK UNIFIED IDEOGRAPH	W	2
E870	9475	E991B5	鑵	CJK UNIFIED IDEOGRAPH	W	2
E871	9477	E991B7	鑷	CJK UNIFIED IDEOGRAPH	W	2
E872	947D	E991BD	鑽	CJK UNIFIED IDEOGRAPH	W	2
E873	945A	E9919A	鑚	CJK UNIFIED IDEOGRAPH	W	2
E874	947C	E991BC	鑼	CJK UNIFIED IDEOGRAPH	W	2
E875	947E	E991BE	鑾	CJK UNIFIED IDEOGRAPH	W	2
E876	9481	E99281	钁	CJK UNIFIED IDEOGRAPH	W	2
E877	947F	E991BF	鑿	CJK UNIFIED IDEOGRAPH	W	2
E878	9582	E99682	閂	CJK UNIFIED IDEOGRAPH	W	2
E879	9587	E99687	閇	CJK UNIFIED IDEOGRAPH	W	2
E87A	958A	E9968A	閊	CJK UNIFIED IDEOGRAPH	W	2
E87B	9594	E99694	閔	CJK UNIFIED IDEOGRAPH	W	2
E87C	9596	E99696	閖	CJK UNIFIED IDEOGRAPH	W	2
E87D	9598	E99698	閘	CJK UNIFIED IDEOGRAPH	W	2
E87E	9599	E99699	閙	CJK UNIFIED IDEOGRAPH	W	2
E880	95A0	E996A0	閠	CJK UNIFIED IDEOGRAPH	W	2
E881	95A8	E996A8	閨	CJK UNIFIED IDEOGRAPH	W	2
E882	95A7	E996A7	閧	CJK UNIFIED IDEOGRAPH	W	2
E883	95AD	E996AD	閭	CJK UNIFIED IDEOGRAPH	W	2
E884	95BC	E996BC	閼	CJK UNIFIED IDEOGRAPH	W	2
E885	95BB	E996BB	閻	CJK UNIFIED IDEOGRAPH	W	2
E886	95B9	E996B9	閹	CJK UNIFIED IDEOGRAPH	W	2
E887	95BE	E996BE	閾	CJK UNIFIED IDEOGRAPH	W	2
E888	95CA	E9978A	闊	CJK UNIFIED IDEOGRAPH	W	2
E889	6FF6	E6BFB6	濶	CJK UNIFIED IDEOGRAPH	W	2
E88A	95C3	E99783	闃	CJK UNIFIED IDEOGRAPH	W	2
E88B	95CD	E9978D	闍	CJK UNIFIED IDEOGRAPH	W	2
E88C	95CC	E9978C	闌	CJK UNIFIED IDEOGRAPH	W	2
E88D	95D5	E99795	闕	CJK UNIFIED IDEOGRAPH	W	2
E88E	95D4	E99794	闔	CJK UNIFIED IDEOGRAPH	W	2
E88F	95D6	E99796	闖	CJK UNIFIED IDEOGRAPH	W	2
E890	95DC	E9979C	關	CJK UNIFIED IDEOGRAPH	W	2
E891	95E1	E997A1	闡	CJK UNIFIED IDEOGRAPH	W	2
E892	95E5	E997A5	闥	CJK UNIFIED IDEOGRAPH	W	2
E893	95E2	E997A2	闢	CJK UNIFIED IDEOGRAPH	W	2
E894	9621	E998A1	阡	CJK UNIFIED IDEOGRAPH	W	2
E895	9628	E998A8	阨	CJK UNIFIED IDEOGRAPH	W	2
E896	962E	E998AE	阮	CJK UNIFIED IDEOGRAPH	W	2
E897	962F	E998AF	阯	CJK UNIFIED IDEOGRAPH	W	2
E898	9642	E99982	陂	CJK UNIFIED IDEOGRAPH	W	2
E899	964C	E9998C	陌	CJK UNIFIED IDEOGRAPH	W	2
E89A	964F	E9998F	陏	CJK UNIFIED IDEOGRAPH	W	2
E89B	964B	E9998B	陋	CJK UNIFIED IDEOGRAPH	W	2
E89C	9677	E999B7	陷	CJK UNIFIED IDEOGRAPH	W	2
E89D	965C	E9999C	陜	CJK UNIFIED IDEOGRAPH	W	2
E89E	965E	E9999E	陞	CJK UNIFIED IDEOGRAPH	W	2
E89F	965D	E9999D	陝	CJK UNIFIED IDEOGRAPH	W	2
E8A0	965F	E9999F	陟	CJK UNIFIED IDEOGRAPH	W	2
E8A1	9666	E999A6	陦	CJK UNIFIED IDEOGRAPH	W	2
E8A2	9672	E999B2	陲	CJK UNIFIED IDEOGRAPH	W	2
E8A3	966C	E999AC	陬	CJK UNIFIED IDEOGRAPH	W	2
E8A4	968D	E99A8D	隍	CJK UNIFIED IDEOGRAPH	W	2
E8A5	9698	E99A98	隘	CJK UNIFIED IDEOGRAPH	W	2
E8A6	9695	E99A95	隕	CJK UNIFIED IDEOGRAPH	W	2
E8A7	9697	E99A97	隗	CJK UNIFIED IDEOGRAPH	W	2
E8A8	96AA	E99AAA	險	CJK UNIFIED IDEOGRAPH	W	2
E8A9	96A7	E99AA7	隧	CJK UNIFIED IDEOGRAPH	W	2
E8AA	96B1	E99AB1	隱	CJK UNIFIED IDEOGRAPH	W	2
E8AB	96B2	E99AB2	隲	CJK UNIFIED IDEOGRAPH	W	2
E8AC	96B0	E99AB0	隰	CJK UNIFIED IDEOGRAPH	W	2
E8AD	96B4	E99AB4	隴	CJK UNIFIED IDEOGRAPH	W	2
E8AE	96B6	E99AB6	隶	CJK UNIFIED IDEOGRAPH	W	2
E8AF	96B8	E99AB8	隸	CJK UNIFIED IDEOGRAPH	W	2
E8B0	96B9	E99AB9	隹	CJK UNIFIED IDEOGRAPH	W	2
E8B1	96CE	E99B8E	雎	CJK UNIFIED IDEOGRAPH	W	2
E8B2	96CB	E99B8B	雋	CJK UNIFIED IDEOGRAPH	W	2
E8B3	96C9	E99B89	雉	CJK UNIFIED IDEOGRAPH	W	2
E8B4	96CD	E99B8D	雍	CJK UNIFIED IDEOGRAPH	W	2
E8B5	894D	E8A58D	襍	CJK UNIFIED IDEOGRAPH	W	2
E8B6	96DC	E99B9C	雜	CJK UNIFIED IDEOGRAPH	W	2
E8B7	970D	E99C8D	霍	CJK UNIFIED IDEOGRAPH	W	2
E8B8	96D5	E99B95	雕	CJK UNIFIED IDEOGRAPH	W	2
E8B9	96F9	E99BB9	雹	CJK UNIFIED IDEOGRAPH	W	2
E8BA	9704	E99C84	霄	CJK UNIFIED IDEOGRAPH	W	2
E8BB	9706	E99C86	霆	CJK UNIFIED IDEOGRAPH	W	2
E8BC	9708	E99C88	霈	CJK UNIFIED IDEOGRAPH	W	2
E8BD	9713	E99C93	霓	CJK UNIFIED IDEOGRAPH	W	2
E8BE	970E	E99C8E	霎	CJK UNIFIED IDEOGRAPH	W	2
E8BF	9711	E99C91	霑	CJK UNIFIED IDEOGRAPH	W	2
E8C0	970F	E99C8F	霏	CJK UNIFIED IDEOGRAPH	W	2
E8C1	9716	E99C96	霖	CJK UNIFIED IDEOGRAPH	W	2
E8C2	9719	E99C99	霙	CJK UNIFIED IDEOGRAPH	W	2
E8C3	9724	E99CA4	霤	CJK UNIFIED IDEOGRAPH	W	2
E8C4	972A	E99CAA	霪	CJK UNIFIED IDEOGRAPH	W	2
E8C5	9730	E99CB0	霰	CJK UNIFIED IDEOGRAPH	W	2
E8C6	9739	E99CB9	霹	CJK UNIFIED IDEOGRAPH	W	2
E8C7	973D	E99CBD	霽	CJK UNIFIED IDEOGRAPH	W	2
E8C8	973E	E99CBE	霾	CJK UNIFIED IDEOGRAPH	W	2
E8C9	9744	E99D84	靄	CJK UNIFIED IDEOGRAPH	W	2
E8CA	9746	E99D86	靆	CJK UNIFIED IDEOGRAPH	W	2
E8CB	9748	E99D88	靈	CJK UNIFIED IDEOGRAPH	W	2
E8CC	9742	E99D82	靂	CJK UNIFIED IDEOGRAPH	W	2
E8CD	9749	E99D89	靉	CJK UNIFIED IDEOGRAPH	W	2
E8CE	975C	E99D9C	靜	CJK UNIFIED IDEOGRAPH	W	2
E8CF	9760	E99DA0	靠	CJK UNIFIED IDEOGRAPH	W	2
E8D0	9764	E99DA4	靤	CJK UNIFIED IDEOGRAPH	W	2
E8D1	9766	E99DA6	靦	CJK UNIFIED IDEOGRAPH	W	2
E8D2	9768	E99DA8	靨	CJK UNIFIED IDEOGRAPH	W	2
E8D3	52D2	E58B92	勒	CJK UNIFIED IDEOGRAPH	W	2
E8D4	976B	E99DAB	靫	CJK UNIFIED IDEOGRAPH	W	2
E8D5	9771	E99DB1	靱	CJK UNIFIED IDEOGRAPH	W	2
E8D6	9779	E99DB9	靹	CJK UNIFIED IDEOGRAPH	W	2
E8D7	9785	E99E85	鞅	CJK UNIFIED IDEOGRAPH	W	2
E8D8	977C	E99DBC	靼	CJK UNIFIED IDEOGRAPH	W	2
E8D9	9781	E99E81	鞁	CJK UNIFIED IDEOGRAPH	W	2
E8DA	977A	E99DBA	靺	CJK UNIFIED IDEOGRAPH	W	2
E8DB	9786	E99E86	鞆	CJK UNIFIED IDEOGRAPH	W	2
E8DC	978B	E99E8B	鞋	CJK UNIFIED IDEOGRAPH	W	2
E8DD	978F	E99E8F	鞏	CJK UNIFIED IDEOGRAPH	W	2
E8DE	9790	E99E90	鞐	CJK UNIFIED IDEOGRAPH	W	2
E8DF	979C	E99E9C	鞜	CJK UNIFIED IDEOGRAPH	W	2
E8E0	97A8	E99EA8	鞨	CJK UNIFIED IDEOGRAPH	W	2
E8E1	97A6	E99EA6	鞦	CJK UNIFIED IDEOGRAPH	W	2
E8E2	97A3	E99EA3	鞣	CJK UNIFIED IDEOGRAPH	W	2
E8E3	97B3	E99EB3	鞳	CJK UNIFIED IDEOGRAPH	W	2
E8E4	97B4	E99EB4	鞴	CJK UNIFIED IDEOGRAPH	W	2
E8E5	97C3	E99F83	韃	CJK UNIFIED IDEOGRAPH	W	2
E8E6	97C6	E99F86	韆	CJK UNIFIED IDEOGRAPH	W	2
E8E7	97C8	E99F88	韈	CJK UNIFIED IDEOGRAPH	W	2
E8E8	97CB	E99F8B	韋	CJK UNIFIED IDEOGRAPH	W	2
E8E9	97DC	E99F9C	韜	CJK UNIFIED IDEOGRAPH	W	2
E8EA	97ED	E99FAD	韭	CJK UNIFIED IDEOGRAPH	W	2
E8EB	9F4F	E9BD8F	齏	CJK UNIFIED IDEOGRAPH	W	2
E8EC	97F2	E99FB2	韲	CJK UNIFIED IDEOGRAPH	W	2
E8ED	7ADF	E7AB9F	竟	CJK UNIFIED IDEOGRAPH	W	2
E8EE	97F6	E99FB6	韶	CJK UNIFIED IDEOGRAPH	W	2
E8EF	97F5	E99FB5	韵	CJK UNIFIED IDEOGRAPH	W	2
E8F0	980F	E9A08F	頏	CJK UNIFIED IDEOGRAPH	W	2
E8F1	980C	E9A08C	頌	CJK UNIFIED IDEOGRAPH	W	2
E8F2	9838	E9A0B8	頸	CJK UNIFIED IDEOGRAPH	W	2
E8F3	9824	E9A0A4	頤	CJK UNIFIED IDEOGRAPH	W	2
E8F4	9821	E9A0A1	頡	CJK UNIFIED IDEOGRAPH	W	2
E8F5	9837	E9A0B7	頷	CJK UNIFIED IDEOGRAPH	W	2
E8F6	983D	E9A0BD	頽	CJK UNIFIED IDEOGRAPH	W	2
E8F7	9846	E9A186	顆	CJK UNIFIED IDEOGRAPH	W	2
E8F8	984F	E9A18F	顏	CJK UNIFIED IDEOGRAPH	W	2
E8F9	984B	E9A18B	顋	CJK UNIFIED IDEOGRAPH	W	2
E8FA	986B	E9A1AB	顫	CJK UNIFIED IDEOGRAPH	W	2
E8FB	986F	E9A1AF	顯	CJK UNIFIED IDEOGRAPH	W	2
E8FC	9870	E9A1B0	顰	CJK UNIFIED IDEOGRAPH	W	2
E940	9871	E9A1B1	顱	CJK UNIFIED IDEOGRAPH	W	2
E941	9874	E9A1B4	顴	CJK UNIFIED IDEOGRAPH	W	2
E942	9873	E9A1B3	顳	CJK UNIFIED IDEOGRAPH	W	2
E943	98AA	E9A2AA	颪	CJK UNIFIED IDEOGRAPH	W	2
E944	98AF	E9A2AF	颯	CJK UNIFIED IDEOGRAPH	W	2
E945	98B1	E9A2B1	颱	CJK UNIFIED IDEOGRAPH	W	2
E946	98B6	E9A2B6	颶	CJK UNIFIED IDEOGRAPH	W	2
E947	98C4	E9A384	飄	CJK UNIFIED IDEOGRAPH	W	2
E948	98C3	E9A383	飃	CJK UNIFIED IDEOGRAPH	W	2
E949	98C6	E9A386	飆	CJK UNIFIED IDEOGRAPH	W	2
E94A	98E9	E9A3A9	飩	CJK UNIFIED IDEOGRAPH	W	2
E94B	98EB	E9A3AB	飫	CJK UNIFIED IDEOGRAPH	W	2
E94C	9903	E9A483	餃	CJK UNIFIED IDEOGRAPH	W	2
E94D	9909	E9A489	餉	CJK UNIFIED IDEOGRAPH	W	2
E94E	9912	E9A492	餒	CJK UNIFIED IDEOGRAPH	W	2
E94F	9914	E9A494	餔	CJK UNIFIED IDEOGRAPH	W	2
E950	9918	E9A498	餘	CJK UNIFIED IDEOGRAPH	W	2
E951	9921	E9A4A1	餡	CJK UNIFIED IDEOGRAPH	W	2
E952	991D	E9A49D	餝	CJK UNIFIED IDEOGRAPH	W	2
E953	991E	E9A49E	餞	CJK UNIFIED IDEOGRAPH	W	2
E954	9924	E9A4A4	餤	CJK UNIFIED IDEOGRAPH	W	2
E955	9920	E9A4A0	餠	CJK UNIFIED IDEOGRAPH	W	2
E956	992C	E9A4AC	餬	CJK UNIFIED IDEOGRAPH	W	2
E957	992E	E9A4AE	餮	CJK UNIFIED IDEOGRAPH	W	2
E958	993D	E9A4BD	餽	CJK UNIFIED IDEOGRAPH	W	2
E959	993E	E9A4BE	餾	CJK UNIFIED IDEOGRAPH	W	2
E95A	9942	E9A582	饂	CJK UNIFIED IDEOGRAPH	W	2
E95B	9949	E9A589	饉	CJK UNIFIED IDEOGRAPH	W	2
E95C	9945	E9A585	饅	CJK UNIFIED IDEOGRAPH	W	2
E95D	9950	E9A590	饐	CJK UNIFIED IDEOGRAPH	W	2
E95E	994B	E9A58B	饋	CJK UNIFIED IDEOGRAPH	W	2
E95F	9951	E9A591	饑	CJK UNIFIED IDEOGRAPH	W	2
E960	9952	E9A592	饒	CJK UNIFIED IDEOGRAPH	W	2
E961	994C	E9A58C	饌	CJK UNIFIED IDEOGRAPH	W	2
E962	9955	E9A595	饕	CJK UNIFIED IDEOGRAPH	W	2
E963	9997	E9A697	馗	CJK UNIFIED IDEOGRAPH	W	2
E964	9998	E9A698	馘	CJK UNIFIED IDEOGRAPH	W	2
E965	99A5	E9A6A5	馥	CJK UNIFIED IDEOGRAPH	W	2
E966	99AD	E9A6AD	馭	CJK UNIFIED IDEOGRAPH	W	2
E967	99AE	E9A6AE	馮	CJK UNIFIED IDEOGRAPH	W	2
E968	99BC	E9A6BC	馼	CJK UNIFIED IDEOGRAPH	W	2
E969	99DF	E9A79F	駟	CJK UNIFIED IDEOGRAPH	W	2
E96A	99DB	E9A79B	駛	CJK UNIFIED IDEOGRAPH	W	2
E96B	99DD	E9A79D	駝	CJK UNIFIED IDEOGRAPH	W	2
E96C	99D8	E9A798	駘	CJK UNIFIED IDEOGRAPH	W	2
E96D	99D1	E9A791	駑	CJK UNIFIED IDEOGRAPH	W	2
E96E	99ED	E9A7AD	駭	CJK UNIFIED IDEOGRAPH	W	2
E96F	99EE	E9A7AE	駮	CJK UNIFIED IDEOGRAPH	W	2
E970	99F1	E9A7B1	駱	CJK UNIFIED IDEOGRAPH	W	2
E971	99F2	E9A7B2	駲	CJK UNIFIED IDEOGRAPH	W	2
E972	99FB	E9A7BB	駻	CJK UNIFIED IDEOGRAPH	W	2
E973	99F8	E9A7B8	駸	CJK UNIFIED IDEOGRAPH	W	2
E974	9A01	E9A881	騁	CJK UNIFIED IDEOGRAPH	W	2
E975	9A0F	E9A88F	騏	CJK UNIFIED IDEOGRAPH	W	2
E976	9A05	E9A885	騅	CJK UNIFIED IDEOGRAPH	W	2
E977	99E2	E9A7A2	駢	CJK UNIFIED IDEOGRAPH	W	2
E978	9A19	E9A899	騙	CJK UNIFIED IDEOGRAPH	W	2
E979	9A2B	E9A8AB	騫	CJK UNIFIED IDEOGRAPH	W	2
E97A	9A37	E9A8B7	騷	CJK UNIFIED IDEOGRAPH	W	2
E97B	9A45	E9A985	驅	CJK UNIFIED IDEOGRAPH	W	2
E97C	9A42	E9A982	驂	CJK UNIFIED IDEOGRAPH	W	2
E97D	9A40	E9A980	驀	CJK UNIFIED IDEOGRAPH	W	2
E97E	9A43	E9A983	驃	CJK UNIFIED IDEOGRAPH	W	2
E980	9A3E	E9A8BE	騾	CJK UNIFIED IDEOGRAPH	W	2
E981	9A55	E9A995	驕	CJK UNIFIED IDEOGRAPH	W	2
E982	9A4D	E9A98D	驍	CJK UNIFIED IDEOGRAPH	W	2
E983	9A5B	E9A99B	驛	CJK UNIFIED IDEOGRAPH	W	2
E984	9A57	E9A997	驗	CJK UNIFIED IDEOGRAPH	W	2
E985	9A5F	E9A99F	驟	CJK UNIFIED IDEOGRAPH	W	2
E986	9A62	E9A9A2	驢	CJK UNIFIED IDEOGRAPH	W	2
E987	9A65	E9A9A5	驥	CJK UNIFIED IDEOGRAPH	W	2
E988	9A64	E9A9A4	驤	CJK UNIFIED IDEOGRAPH	W	2
E989	9A69	E9A9A9	驩	CJK UNIFIED IDEOGRAPH	W	2
E98A	9A6B	E9A9AB	驫	CJK UNIFIED IDEOGRAPH	W	2
E98B	9A6A	E9A9AA	驪	CJK UNIFIED IDEOGRAPH	W	2
E98C	9AAD	E9AAAD	骭	CJK UNIFIED IDEOGRAPH	W	2
E98D	9AB0	E9AAB0	骰	CJK UNIFIED IDEOGRAPH	W	2
E98E	9ABC	E9AABC	骼	CJK UNIFIED IDEOGRAPH	W	2
E98F	9AC0	E9AB80	髀	CJK UNIFIED IDEOGRAPH	W	2
E990	9ACF	E9AB8F	髏	CJK UNIFIED IDEOGRAPH	W	2
E991	9AD1	E9AB91	髑	CJK UNIFIED IDEOGRAPH	W	2
E992	9AD3	E9AB93	髓	CJK UNIFIED IDEOGRAPH	W	2
E993	9AD4	E9AB94	體	CJK UNIFIED IDEOGRAPH	W	2
E994	9ADE	E9AB9E	髞	CJK UNIFIED IDEOGRAPH	W	2
E995	9ADF	E9AB9F	髟	CJK UNIFIED IDEOGRAPH	W	2
E996	9AE2	E9ABA2	髢	CJK UNIFIED IDEOGRAPH	W	2
E997	9AE3	E9ABA3	髣	CJK UNIFIED IDEOGRAPH	W	2
E998	9AE6	E9ABA6	髦	CJK UNIFIED IDEOGRAPH	W	2
E999	9AEF	E9ABAF	髯	CJK UNIFIED IDEOGRAPH	W	2
E99A	9AEB	E9ABAB	髫	CJK UNIFIED IDEOGRAPH	W	2
E99B	9AEE	E9ABAE	髮	CJK UNIFIED IDEOGRAPH	W	2
E99C	9AF4	E9ABB4	髴	CJK UNIFIED IDEOGRAPH	W	2
E99D	9AF1	E9ABB1	髱	CJK UNIFIED IDEOGRAPH	W	2
E99E	9AF7	E9ABB7	髷	CJK UNIFIED IDEOGRAPH	W	2
E99F	9AFB	E9ABBB	髻	CJK UNIFIED IDEOGRAPH	W	2
E9A0	9B06	E9AC86	鬆	CJK UNIFIED IDEOGRAPH	W	2
E9A1	9B18	E9AC98	鬘	CJK UNIFIED IDEOGRAPH	W	2
E9A2	9B1A	E9AC9A	鬚	CJK UNIFIED IDEOGRAPH	W	2
E9A3	9B1F	E9AC9F	鬟	CJK UNIFIED IDEOGRAPH	W	2
E9A4	9B22	E9ACA2	鬢	CJK UNIFIED IDEOGRAPH	W	2
E9A5	9B23	E9ACA3	鬣	CJK UNIFIED IDEOGRAPH	W	2
E9A6	9B25	E9ACA5	鬥	CJK UNIFIED IDEOGRAPH	W	2
E9A7	9B27	E9ACA7	鬧	CJK UNIFIED IDEOGRAPH	W	2
E9A8	9B28	E9ACA8	鬨	CJK UNIFIED IDEOGRAPH	W	2
E9A9	9B29	E9ACA9	鬩	CJK UNIFIED IDEOGRAPH	W	2
E9AA	9B2A	E9ACAA	鬪	CJK UNIFIED IDEOGRAPH	W	2
E9AB	9B2E	E9ACAE	鬮	CJK UNIFIED IDEOGRAPH	W	2
E9AC	9B2F	E9ACAF	鬯	CJK UNIFIED IDEOGRAPH	W	2
E9AD	9B32	E9ACB2	鬲	CJK UNIFIED IDEOGRAPH	W	2
E9AE	9B44	E9AD84	魄	CJK UNIFIED IDEOGRAPH	W	2
E9AF	9B43	E9AD83	魃	CJK UNIFIED IDEOGRAPH	W	2
E9B0	9B4F	E9AD8F	魏	CJK UNIFIED IDEOGRAPH	W	2
E9B1	9B4D	E9AD8D	魍	CJK UNIFIED IDEOGRAPH	W	2
E9B2	9B4E	E9AD8E	魎	CJK UNIFIED IDEOGRAPH	W	2
E9B3	9B51	E9AD91	魑	CJK UNIFIED IDEOGRAPH	W	2
E9B4	9B58	E9AD98	魘	CJK UNIFIED IDEOGRAPH	W	2
E9B5	9B74	E9ADB4	魴	CJK UNIFIED IDEOGRAPH	W	2
E9B6	9B93	E9AE93	鮓	CJK UNIFIED IDEOGRAPH	W	2
E9B7	9B83	E9AE83	鮃	CJK UNIFIED IDEOGRAPH	W	2
E9B8	9B91	E9AE91	鮑	CJK UNIFIED IDEOGRAPH	W	2
E9B9	9B96	E9AE96	鮖	CJK UNIFIED IDEOGRAPH	W	2
E9BA	9B97	E9AE97	鮗	CJK UNIFIED IDEOGRAPH	W	2
E9BB	9B9F	E9AE9F	鮟	CJK UNIFIED IDEOGRAPH	W	2
E9BC	9BA0	E9AEA0	鮠	CJK UNIFIED IDEOGRAPH	W	2
E9BD	9BA8	E9AEA8	鮨	CJK UNIFIED IDEOGRAPH	W	2
E9BE	9BB4	E9AEB4	鮴	CJK UNIFIED IDEOGRAPH	W	2
E9BF	9BC0	E9AF80	鯀	CJK UNIFIED IDEOGRAPH	W	2
E9C0	9BCA	E9AF8A	鯊	CJK UNIFIED IDEOGRAPH	W	2
E9C1	9BB9	E9AEB9	鮹	CJK UNIFIED IDEOGRAPH	W	2
E9C2	9BC6	E9AF86	鯆	CJK UNIFIED IDEOGRAPH	W	2
E9C3	9BCF	E9AF8F	鯏	CJK UNIFIED IDEOGRAPH	W	2
E9C4	9BD1	E9AF91	鯑	CJK UNIFIED IDEOGRAPH	W	2
E9C5	9BD2	E9AF92	鯒	CJK UNIFIED IDEOGRAPH	W	2
E9C6	9BE3	E9AFA3	鯣	CJK UNIFIED IDEOGRAPH	W	2
E9C7	9BE2	E9AFA2	鯢	CJK UNIFIED IDEOGRAPH	W	2
E9C8	9BE4	E9AFA4	鯤	CJK UNIFIED IDEOGRAPH	W	2
E9C9	9BD4	E9AF94	鯔	CJK UNIFIED IDEOGRAPH	W	2
E9CA	9BE1	E9AFA1	鯡	CJK UNIFIED IDEOGRAPH	W	2
E9CB	9C3A	E9B0BA	鰺	CJK UNIFIED IDEOGRAPH	W	2
E9CC	9BF2	E9AFB2	鯲	CJK UNIFIED IDEOGRAPH	W	2
E9CD	9BF1	E9AFB1	鯱	CJK UNIFIED IDEOGRAPH	W	2
E9CE	9BF0	E9AFB0	鯰	CJK UNIFIED IDEOGRAPH	W	2
E9CF	9C15	E9B095	鰕	CJK UNIFIED IDEOGRAPH	W	2
E9D0	9C14	E9B094	鰔	CJK UNIFIED IDEOGRAPH	W	2
E9D1	9C09	E9B089	鰉	CJK UNIFIED IDEOGRAPH	W	2
E9D2	9C13	E9B093	鰓	CJK UNIFIED IDEOGRAPH	W	2
E9D3	9C0C	E9B08C	鰌	CJK UNIFIED IDEOGRAPH	W	2
E9D4	9C06	E9B086	鰆	CJK UNIFIED IDEOGRAPH	W	2
E9D5	9C08	E9B088	鰈	CJK UNIFIED IDEOGRAPH	W	2
E9D6	9C12	E9B092	鰒	CJK UNIFIED IDEOGRAPH	W	2
E9D7	9C0A	E9B08A	鰊	CJK UNIFIED IDEOGRAPH	W	2
E9D8	9C04	E9B084	鰄	CJK UNIFIED IDEOGRAPH	W	2
E9D9	9C2E	E9B0AE	鰮	CJK UNIFIED IDEOGRAPH	W	2
E9DA	9C1B	E9B09B	鰛	CJK UNIFIED IDEOGRAPH	W	2
E9DB	9C25	E9B0A5	鰥	CJK UNIFIED IDEOGRAPH	W	2
E9DC	9C24	E9B0A4	鰤	CJK UNIFIED IDEOGRAPH	W	2
E9DD	9C21	E9B0A1	鰡	CJK UNIFIED IDEOGRAPH	W	2
E9DE	9C30	E9B0B0	鰰	CJK UNIFIED IDEOGRAPH	W	2
E9DF	9C47	E9B187	鱇	CJK UNIFIED IDEOGRAPH	W	2
E9E0	9C32	E9B0B2	鰲	CJK UNIFIED IDEOGRAPH	W	2
E9E1	9C46	E9B186	鱆	CJK UNIFIED IDEOGRAPH	W	2
E9E2	9C3E	E9B0BE	鰾	CJK UNIFIED IDEOGRAPH	W	2
E9E3	9C5A	E9B19A	鱚	CJK UNIFIED IDEOGRAPH	W	2
E9E4	9C60	E9B1A0	鱠	CJK UNIFIED IDEOGRAPH	W	2
E9E5	9C67	E9B1A7	鱧	CJK UNIFIED IDEOGRAPH	W	2
E9E6	9C76	E9B1B6	鱶	CJK UNIFIED IDEOGRAPH	W	2
E9E7	9C78	E9B1B8	鱸	CJK UNIFIED IDEOGRAPH	W	2
E9E8	9CE7	E9B3A7	鳧	CJK UNIFIED IDEOGRAPH	W	2
E9E9	9CEC	E9B3AC	鳬	CJK UNIFIED IDEOGRAPH	W	2
E9EA	9CF0	E9B3B0	鳰	CJK UNIFIED IDEOGRAPH	W	2
E9EB	9D09	E9B489	鴉	CJK UNIFIED IDEOGRAPH	W	2
E9EC	9D08	E9B488	鴈	CJK UNIFIED IDEOGRAPH	W	2
E9ED	9CEB	E9B3AB	鳫	CJK UNIFIED IDEOGRAPH	W	2
E9EE	9D03	E9B483	鴃	CJK UNIFIED IDEOGRAPH	W	2
E9EF	9D06	E9B486	鴆	CJK UNIFIED IDEOGRAPH	W	2
E9F0	9D2A	E9B4AA	鴪	CJK UNIFIED IDEOGRAPH	W	2
E9F1	9D26	E9B4A6	鴦	CJK UNIFIED IDEOGRAPH	W	2
E9F2	9DAF	E9B6AF	鶯	CJK UNIFIED IDEOGRAPH	W	2
E9F3	9D23	E9B4A3	鴣	CJK UNIFIED IDEOGRAPH	W	2
E9F4	9D1F	E9B49F	鴟	CJK UNIFIED IDEOGRAPH	W	2
E9F5	9D44	E9B584	鵄	CJK UNIFIED IDEOGRAPH	W	2
E9F6	9D15	E9B495	鴕	CJK UNIFIED IDEOGRAPH	W	2
E9F7	9D12	E9B492	鴒	CJK UNIFIED IDEOGRAPH	W	2
E9F8	9D41	E9B581	鵁	CJK UNIFIED IDEOGRAPH	W	2
E9F9	9D3F	E9B4BF	鴿	CJK UNIFIED IDEOGRAPH	W	2
E9FA	9D3E	E9B4BE	鴾	CJK UNIFIED IDEOGRAPH	W	2
E9FB	9D46	E9B586	鵆	CJK UNIFIED IDEOGRAPH	W	2
E9FC	9D48	E9B588	鵈	CJK UNIFIED IDEOGRAPH	W	2
EA40	9D5D	E9B59D	鵝	CJK UNIFIED IDEOGRAPH	W	2
EA41	9D5E	E9B59E	鵞	CJK UNIFIED IDEOGRAPH	W	2
EA42	9D64	E9B5A4	鵤	CJK UNIFIED IDEOGRAPH	W	2
EA43	9D51	E9B591	鵑	CJK UNIFIED IDEOGRAPH	W	2
EA44	9D50	E9B590	鵐	CJK UNIFIED IDEOGRAPH	W	2
EA45	9D59	E9B599	鵙	CJK UNIFIED IDEOGRAPH	W	2
EA46	9D72	E9B5B2	鵲	CJK UNIFIED IDEOGRAPH	W	2
EA47	9D89	E9B689	鶉	CJK UNIFIED IDEOGRAPH	W	2
EA48	9D87	E9B687	鶇	CJK UNIFIED IDEOGRAPH	W	2
EA49	9DAB	E9B6AB	鶫	CJK UNIFIED IDEOGRAPH	W	2
EA4A	9D6F	E9B5AF	鵯	CJK UNIFIED IDEOGRAPH	W	2
EA4B	9D7A	E9B5BA	鵺	CJK UNIFIED IDEOGRAPH	W	2
EA4C	9D9A	E9B69A	鶚	CJK UNIFIED IDEOGRAPH	W	2
EA4D	9DA4	E9B6A4	鶤	CJK UNIFIED IDEOGRAPH	W	2
EA4E	9DA9	E9B6A9	鶩	CJK UNIFIED IDEOGRAPH	W	2
EA4F	9DB2	E9B6B2	鶲	CJK UNIFIED IDEOGRAPH	W	2
EA50	9DC4	E9B784	鷄	CJK UNIFIED IDEOGRAPH	W	2
EA51	9DC1	E9B781	鷁	CJK UNIFIED IDEOGRAPH	W	2
EA52	9DBB	E9B6BB	鶻	CJK UNIFIED IDEOGRAPH	W	2
EA53	9DB8	E9B6B8	鶸	CJK UNIFIED IDEOGRAPH	W	2
EA54	9DBA	E9B6BA	鶺	CJK UNIFIED IDEOGRAPH	W	2
EA55	9DC6	E9B786	鷆	CJK UNIFIED IDEOGRAPH	W	2
EA56	9DCF	E9B78F	鷏	CJK UNIFIED IDEOGRAPH	W	2
EA57	9DC2	E9B782	鷂	CJK UNIFIED IDEOGRAPH	W	2
EA58	9DD9	E9B799	鷙	CJK UNIFIED IDEOGRAPH	W	2
EA59	9DD3	E9B793	鷓	CJK UNIFIED IDEOGRAPH	W	2
EA5A	9DF8	E9B7B8	鷸	CJK UNIFIED IDEOGRAPH	W	2
EA5B	9DE6	E9B7A6	鷦	CJK UNIFIED IDEOGRAPH	W	2
EA5C	9DED	E9B7AD	鷭	CJK UNIFIED IDEOGRAPH	W	2
EA5D	9DEF	E9B7AF	鷯	CJK UNIFIED IDEOGRAPH	W	2
EA5E	9DFD	E9B7BD	鷽	CJK UNIFIED IDEOGRAPH	W	2
EA5F	9E1A	E9B89A	鸚	CJK UNIFIED IDEOGRAPH	W	2
EA60	9E1B	E9B89B	鸛	CJK UNIFIED IDEOGRAPH	W	2
EA61	9E1E	E9B89E	鸞	CJK UNIFIED IDEOGRAPH	W	2
EA62	9E75	E9B9B5	鹵	CJK UNIFIED IDEOGRAPH	W	2
EA63	9E79	E9B9B9	鹹	CJK UNIFIED IDEOGRAPH	W	2
EA64	9E7D	E9B9BD	鹽	CJK UNIFIED IDEOGRAPH	W	2
EA65	9E81	E9BA81	麁	CJK UNIFIED IDEOGRAPH	W	2
EA66	9E88	E9BA88	麈	CJK UNIFIED IDEOGRAPH	W	2
EA67	9E8B	E9BA8B	麋	CJK UNIFIED IDEOGRAPH	W	2
EA68	9E8C	E9BA8C	麌	CJK UNIFIED IDEOGRAPH	W	2
EA69	9E92	E9BA92	麒	CJK UNIFIED IDEOGRAPH	W	2
EA6A	9E95	E9BA95	麕	CJK UNIFIED IDEOGRAPH	W	2
EA6B	9E91	E9BA91	麑	CJK UNIFIED IDEOGRAPH	W	2
EA6C	9E9D	E9BA9D	麝	CJK UNIFIED IDEOGRAPH	W	2
EA6D	9EA5	E9BAA5	麥	CJK UNIFIED IDEOGRAPH	W	2
EA6E	9EA9	E9BAA9	麩	CJK UNIFIED IDEOGRAPH	W	2
EA6F	9EB8	E9BAB8	麸	CJK UNIFIED IDEOGRAPH	W	2
EA70	9EAA	E9BAAA	麪	CJK UNIFIED IDEOGRAPH	W	2
EA71	9EAD	E9BAAD	麭	CJK UNIFIED IDEOGRAPH	W	2
EA72	9761	E99DA1	靡	CJK UNIFIED IDEOGRAPH	W	2
EA73	9ECC	E9BB8C	黌	CJK UNIFIED IDEOGRAPH	W	2
EA74	9ECE	E9BB8E	黎	CJK UNIFIED IDEOGRAPH	W	2
EA75	9ECF	E9BB8F	黏	CJK UNIFIED IDEOGRAPH	W	2
EA76	9ED0	E9BB90	黐	CJK UNIFIED IDEOGRAPH	W	2
EA77	9ED4	E9BB94	黔	CJK UNIFIED IDEOGRAPH	W	2
EA78	9EDC	E9BB9C	黜	CJK UNIFIED IDEOGRAPH	W	2
EA79	9EDE	E9BB9E	點	CJK UNIFIED IDEOGRAPH	W	2
EA7A	9EDD	E9BB9D	黝	CJK UNIFIED IDEOGRAPH	W	2
EA7B	9EE0	E9BBA0	黠	CJK UNIFIED IDEOGRAPH	W	2
EA7C	9EE5	E9BBA5	黥	CJK UNIFIED IDEOGRAPH	W	2
EA7D	9EE8	E9BBA8	黨	CJK UNIFIED IDEOGRAPH	W	2
EA7E	9EEF	E9BBAF	黯	CJK UNIFIED IDEOGRAPH	W	2
EA80	9EF4	E9BBB4	黴	CJK UNIFIED IDEOGRAPH	W	2
EA81	9EF6	E9BBB6	黶	CJK UNIFIED IDEOGRAPH	W	2
EA82	9EF7	E9BBB7	黷	CJK UNIFIED IDEOGRAPH	W	2
EA83	9EF9	E9BBB9	黹	CJK UNIFIED IDEOGRAPH	W	2
EA84	9EFB	E9BBBB	黻	CJK UNIFIED IDEOGRAPH	W	2
EA85	9EFC	E9BBBC	黼	CJK UNIFIED IDEOGRAPH	W	2
EA86	9EFD	E9BBBD	黽	CJK UNIFIED IDEOGRAPH	W	2
EA87	9F07	E9BC87	鼇	CJK UNIFIED IDEOGRAPH	W	2
EA88	9F08	E9BC88	鼈	CJK UNIFIED IDEOGRAPH	W	2
EA89	76B7	E79AB7	皷	CJK UNIFIED IDEOGRAPH	W	2
EA8A	9F15	E9BC95	鼕	CJK UNIFIED IDEOGRAPH	W	2
EA8B	9F21	E9BCA1	鼡	CJK UNIFIED IDEOGRAPH	W	2
EA8C	9F2C	E9BCAC	鼬	CJK UNIFIED IDEOGRAPH	W	2
EA8D	9F3E	E9BCBE	鼾	CJK UNIFIED IDEOGRAPH	W	2
EA8E	9F4A	E9BD8A	齊	CJK UNIFIED IDEOGRAPH	W	2
EA8F	9F52	E9BD92	齒	CJK UNIFIED IDEOGRAPH	W	2
EA90	9F54	E9BD94	齔	CJK UNIFIED IDEOGRAPH	W	2
EA91	9F63	E9BDA3	齣	CJK UNIFIED IDEOGRAPH	W	2
EA92	9F5F	E9BD9F	齟	CJK UNIFIED IDEOGRAPH	W	2
EA93	9F60	E9BDA0	齠	CJK UNIFIED IDEOGRAPH	W	2
EA94	9F61	E9BDA1	齡	CJK UNIFIED IDEOGRAPH	W	2
EA95	9F66	E9BDA6	齦	CJK UNIFIED IDEOGRAPH	W	2
EA96	9F67	E9BDA7	齧	CJK UNIFIED IDEOGRAPH	W	2
EA97	9F6C	E9BDAC	齬	CJK UNIFIED IDEOGRAPH	W	2
EA98	9F6A	E9BDAA	齪	CJK UNIFIED IDEOGRAPH	W	2
EA99	9F77	E9BDB7	齷	CJK UNIFIED IDEOGRAPH	W	2
EA9A	9F72	E9BDB2	齲	CJK UNIFIED IDEOGRAPH	W	2
EA9B	9F76	E9BDB6	齶	CJK UNIFIED IDEOGRAPH	W	2
EA9C	9F95	E9BE95	龕	CJK UNIFIED IDEOGRAPH	W	2
EA9D	9F9C	E9BE9C	龜	CJK UNIFIED IDEOGRAPH	W	2
EA9E	9FA0	E9BEA0	龠	CJK UNIFIED IDEOGRAPH	W	2
EA9F	582F	E5A0AF	堯	CJK UNIFIED IDEOGRAPH	W	2
EAA0	69C7	E6A787	槇	CJK UNIFIED IDEOGRAPH	W	2
EAA1	9059	E98199	遙	CJK UNIFIED IDEOGRAPH	W	2
EAA2	7464	E791A4	瑤	CJK UNIFIED IDEOGRAPH	W	2
EAA3	51DC	E5879C	凜	CJK UNIFIED IDEOGRAPH	W	2
EAA4	7199	E78699	熙	CJK UNIFIED IDEOGRAPH	W	2
FA40	2170	E285B0	ⅰ	SMALL ROMAN NUMERAL ONE	A	2
FA41	2171	E285B1	ⅱ	SMALL ROMAN NUMERAL TWO	A	2
FA42	2172	E285B2	ⅲ	SMALL ROMAN NUMERAL THREE	A	2
FA43	2173	E285B3	ⅳ	SMALL ROMAN NUMERAL FOUR	A	2
FA44	2174	E285B4	ⅴ	SMALL ROMAN NUMERAL FIVE	A	2
FA45	2175	E285B5	ⅵ	SMALL ROMAN NUMERAL SIX	A	2
FA46	2176	E285B6	ⅶ	SMALL ROMAN NUMERAL SEVEN	A	2
FA47	2177	E285B7	ⅷ	SMALL ROMAN NUMERAL EIGHT	A	2
FA48	2178	E285B8	ⅸ	SMALL ROMAN NUMERAL NINE	A	2
FA49	2179	E285B9	ⅹ	SMALL ROMAN NUMERAL TEN	A	2
FA55	FFE4	EFBFA4	￤	FULLWIDTH BROKEN BAR	F	2
FA56	FF07	EFBC87	＇	FULLWIDTH APOSTROPHE	F	2
FA57	FF02	EFBC82	＂	FULLWIDTH QUOTATION MARK	F	2
FA5C	7E8A	E7BA8A	纊	CJK UNIFIED IDEOGRAPH	W	2
FA5D	891C	E8A49C	褜	CJK UNIFIED IDEOGRAPH	W	2
FA5E	9348	E98D88	鍈	CJK UNIFIED IDEOGRAPH	W	2
FA5F	9288	E98A88	銈	CJK UNIFIED IDEOGRAPH	W	2
FA60	84DC	E8939C	蓜	CJK UNIFIED IDEOGRAPH	W	2
FA61	4FC9	E4BF89	俉	CJK UNIFIED IDEOGRAPH	W	2
FA62	70BB	E782BB	炻	CJK UNIFIED IDEOGRAPH	W	2
FA63	6631	E698B1	昱	CJK UNIFIED IDEOGRAPH	W	2
FA64	68C8	E6A388	棈	CJK UNIFIED IDEOGRAPH	W	2
FA65	92F9	E98BB9	鋹	CJK UNIFIED IDEOGRAPH	W	2
FA66	66FB	E69BBB	曻	CJK UNIFIED IDEOGRAPH	W	2
FA67	5F45	E5BD85	彅	CJK UNIFIED IDEOGRAPH	W	2
FA68	4E28	E4B8A8	丨	CJK UNIFIED IDEOGRAPH	W	2
FA69	4EE1	E4BBA1	仡	CJK UNIFIED IDEOGRAPH	W	2
FA6A	4EFC	E4BBBC	仼	CJK UNIFIED IDEOGRAPH	W	2
FA6B	4F00	E4BC80	伀	CJK UNIFIED IDEOGRAPH	W	2
FA6C	4F03	E4BC83	伃	CJK UNIFIED IDEOGRAPH	W	2
FA6D	4F39	E4BCB9	伹	CJK UNIFIED IDEOGRAPH	W	2
FA6E	4F56	E4BD96	佖	CJK UNIFIED IDEOGRAPH	W	2
FA6F	4F92	E4BE92	侒	CJK UNIFIED IDEOGRAPH	W	2
FA70	4F8A	E4BE8A	侊	CJK UNIFIED IDEOGRAPH	W	2
FA71	4F9A	E4BE9A	侚	CJK UNIFIED IDEOGRAPH	W	2
FA72	4F94	E4BE94	侔	CJK UNIFIED IDEOGRAPH	W	2
FA73	4FCD	E4BF8D	俍	CJK UNIFIED IDEOGRAPH	W	2
FA74	5040	E58180	偀	CJK UNIFIED IDEOGRAPH	W	2
FA75	5022	E580A2	倢	CJK UNIFIED IDEOGRAPH	W	2
FA76	4FFF	E4BFBF	俿	CJK UNIFIED IDEOGRAPH	W	2
FA77	501E	E5809E	倞	CJK UNIFIED IDEOGRAPH	W	2
FA78	5046	E58186	偆	CJK UNIFIED IDEOGRAPH	W	2
FA79	5070	E581B0	偰	CJK UNIFIED IDEOGRAPH	W	2
FA7A	5042	E58182	偂	CJK UNIFIED IDEOGRAPH	W	2
FA7B	5094	E58294	傔	CJK UNIFIED IDEOGRAPH	W	2
FA7C	50F4	E583B4	僴	CJK UNIFIED IDEOGRAPH	W	2
FA7D	50D8	E58398	僘	CJK UNIFIED IDEOGRAPH	W	2
FA7E	514A	E5858A	兊	CJK UNIFIED IDEOGRAPH	W	2
FA80	5164	E585A4	兤	CJK UNIFIED IDEOGRAPH	W	2
FA81	519D	E5869D	冝	CJK UNIFIED IDEOGRAPH	W	2
FA82	51BE	E586BE	冾	CJK UNIFIED IDEOGRAPH	W	2
FA83	51EC	E587AC	凬	CJK UNIFIED IDEOGRAPH	W	2
FA84	5215	E58895	刕	CJK UNIFIED IDEOGRAPH	W	2
FA85	529C	E58A9C	劜	CJK UNIFIED IDEOGRAPH	W	2
FA86	52A6	E58AA6	劦	CJK UNIFIED IDEOGRAPH	W	2
FA87	52C0	E58B80	勀	CJK UNIFIED IDEOGRAPH	W	2
FA88	52DB	E58B9B	勛	CJK UNIFIED IDEOGRAPH	W	2
FA89	5300	E58C80	匀	CJK UNIFIED IDEOGRAPH	W	2
FA8A	5307	E58C87	匇	CJK UNIFIED IDEOGRAPH	W	2
FA8B	5324	E58CA4	匤	CJK UNIFIED IDEOGRAPH	W	2
FA8C	5372	E58DB2	卲	CJK UNIFIED IDEOGRAPH	W	2
FA8D	5393	E58E93	厓	CJK UNIFIED IDEOGRAPH	W	2
FA8E	53B2	E58EB2	厲	CJK UNIFIED IDEOGRAPH	W	2
FA8F	53DD	E58F9D	叝	CJK UNIFIED IDEOGRAPH	W	2
FA90	FA0E	EFA88E	﨎	CJK COMPATIBILITY IDEOGRAPH	W	2
FA91	549C	E5929C	咜	CJK UNIFIED IDEOGRAPH	W	2
FA92	548A	E5928A	咊	CJK UNIFIED IDEOGRAPH	W	2
FA93	54A9	E592A9	咩	CJK UNIFIED IDEOGRAPH	W	2
FA94	54FF	E593BF	哿	CJK UNIFIED IDEOGRAPH	W	2
FA95	5586	E59686	喆	CJK UNIFIED IDEOGRAPH	W	2
FA96	5759	E59D99	坙	CJK UNIFIED IDEOGRAPH	W	2
FA97	5765	E59DA5	坥	CJK UNIFIED IDEOGRAPH	W	2
FA98	57AC	E59EAC	垬	CJK UNIFIED IDEOGRAPH	W	2
FA99	57C8	E59F88	埈	CJK UNIFIED IDEOGRAPH	W	2
FA9A	57C7	E59F87	埇	CJK UNIFIED IDEOGRAPH	W	2
FA9B	FA0F	EFA88F	﨏	CJK COMPATIBILITY IDEOGRAPH	W	2
FA9C	FA10	EFA890	塚	CJK COMPATIBILITY IDEOGRAPH	W	2
FA9D	589E	E5A29E	增	CJK UNIFIED IDEOGRAPH	W	2
FA9E	58B2	E5A2B2	墲	CJK UNIFIED IDEOGRAPH	W	2
FA9F	590B	E5A48B	夋	CJK UNIFIED IDEOGRAPH	W	2
FAA0	5953	E5A593	奓	CJK UNIFIED IDEOGRAPH	W	2
FAA1	595B	E5A59B	奛	CJK UNIFIED IDEOGRAPH	W	2
FAA2	595D	E5A59D	奝	CJK UNIFIED IDEOGRAPH	W	2
FAA3	5963	E5A5A3	奣	CJK UNIFIED IDEOGRAPH	W	2
FAA4	59A4	E5A6A4	妤	CJK UNIFIED IDEOGRAPH	W	2
FAA5	59BA	E5A6BA	妺	CJK UNIFIED IDEOGRAPH	W	2
FAA6	5B56	E5AD96	孖	CJK UNIFIED IDEOGRAPH	W	2
FAA7	5BC0	E5AF80	寀	CJK UNIFIED IDEOGRAPH	W	2
FAA8	752F	E794AF	甯	CJK UNIFIED IDEOGRAPH	W	2
FAA9	5BD8	E5AF98	寘	CJK UNIFIED IDEOGRAPH	W	2
FAAA	5BEC	E5AFAC	寬	CJK UNIFIED IDEOGRAPH	W	2
FAAB	5C1E	E5B09E	尞	CJK UNIFIED IDEOGRAPH	W	2
FAAC	5CA6	E5B2A6	岦	CJK UNIFIED IDEOGRAPH	W	2
FAAD	5CBA	E5B2BA	岺	CJK UNIFIED IDEOGRAPH	W	2
FAAE	5CF5	E5B3B5	峵	CJK UNIFIED IDEOGRAPH	W	2
FAAF	5D27	E5B4A7	崧	CJK UNIFIED IDEOGRAPH	W	2
FAB0	5D53	E5B593	嵓	CJK UNIFIED IDEOGRAPH	W	2
FAB1	FA11	EFA891	﨑	CJK COMPATIBILITY IDEOGRAPH	W	2
FAB2	5D42	E5B582	嵂	CJK UNIFIED IDEOGRAPH	W	2
FAB3	5D6D	E5B5AD	嵭	CJK UNIFIED IDEOGRAPH	W	2
FAB4	5DB8	E5B6B8	嶸	CJK UNIFIED IDEOGRAPH	W	2
FAB5	5DB9	E5B6B9	嶹	CJK UNIFIED IDEOGRAPH	W	2
FAB6	5DD0	E5B790	巐	CJK UNIFIED IDEOGRAPH	W	2
FAB7	5F21	E5BCA1	弡	CJK UNIFIED IDEOGRAPH	W	2
FAB8	5F34	E5BCB4	弴	CJK UNIFIED IDEOGRAPH	W	2
FAB9	5F67	E5BDA7	彧	CJK UNIFIED IDEOGRAPH	W	2
FABA	5FB7	E5BEB7	德	CJK UNIFIED IDEOGRAPH	W	2
FABB	5FDE	E5BF9E	忞	CJK UNIFIED IDEOGRAPH	W	2
FABC	605D	E6819D	恝	CJK UNIFIED IDEOGRAPH	W	2
FABD	6085	E68285	悅	CJK UNIFIED IDEOGRAPH	W	2
FABE	608A	E6828A	悊	CJK UNIFIED IDEOGRAPH	W	2
FABF	60DE	E6839E	惞	CJK UNIFIED IDEOGRAPH	W	2
FAC0	60D5	E68395	惕	CJK UNIFIED IDEOGRAPH	W	2
FAC1	6120	E684A0	愠	CJK UNIFIED IDEOGRAPH	W	2
FAC2	60F2	E683B2	惲	CJK UNIFIED IDEOGRAPH	W	2
FAC3	6111	E68491	愑	CJK UNIFIED IDEOGRAPH	W	2
FAC4	6137	E684B7	愷	CJK UNIFIED IDEOGRAPH	W	2
FAC5	6130	E684B0	愰	CJK UNIFIED IDEOGRAPH	W	2
FAC6	6198	E68698	憘	CJK UNIFIED IDEOGRAPH	W	2
FAC7	6213	E68893	戓	CJK UNIFIED IDEOGRAPH	W	2
FAC8	62A6	E68AA6	抦	CJK UNIFIED IDEOGRAPH	W	2
FAC9	63F5	E68FB5	揵	CJK UNIFIED IDEOGRAPH	W	2
FACA	6460	E691A0	摠	CJK UNIFIED IDEOGRAPH	W	2
FACB	649D	E6929D	撝	CJK UNIFIED IDEOGRAPH	W	2
FACC	64CE	E6938E	擎	CJK UNIFIED IDEOGRAPH	W	2
FACD	654E	E6958E	敎	CJK UNIFIED IDEOGRAPH	W	2
FACE	6600	E69880	昀	CJK UNIFIED IDEOGRAPH	W	2
FACF	6615	E69895	昕	CJK UNIFIED IDEOGRAPH	W	2
FAD0	663B	E698BB	昻	CJK UNIFIED IDEOGRAPH	W	2
FAD1	6609	E69889	昉	CJK UNIFIED IDEOGRAPH	W	2
FAD2	662E	E698AE	昮	CJK UNIFIED IDEOGRAPH	W	2
FAD3	661E	E6989E	昞	CJK UNIFIED IDEOGRAPH	W	2
FAD4	6624	E698A4	昤	CJK UNIFIED IDEOGRAPH	W	2
FAD5	6665	E699A5	晥	CJK UNIFIED IDEOGRAPH	W	2
FAD6	6657	E69997	晗	CJK UNIFIED IDEOGRAPH	W	2
FAD7	6659	E69999	晙	CJK UNIFIED IDEOGRAPH	W	2
FAD8	FA12	EFA892	晴	CJK COMPATIBILITY IDEOGRAPH	W	2
FAD9	6673	E699B3	晳	CJK UNIFIED IDEOGRAPH	W	2
FADA	6699	E69A99	暙	CJK UNIFIED IDEOGRAPH	W	2
FADB	66A0	E69AA0	暠	CJK UNIFIED IDEOGRAPH	W	2
FADC	66B2	E69AB2	暲	CJK UNIFIED IDEOGRAPH	W	2
FADD	66BF	E69ABF	暿	CJK UNIFIED IDEOGRAPH	W	2
FADE	66FA	E69BBA	曺	CJK UNIFIED IDEOGRAPH	W	2
FADF	670E	E69C8E	朎	CJK UNIFIED IDEOGRAPH	W	2
FAE0	F929	EFA4A9	朗	CJK COMPATIBILITY IDEOGRAPH	W	2
FAE1	6766	E69DA6	杦	CJK UNIFIED IDEOGRAPH	W	2
FAE2	67BB	E69EBB	枻	CJK UNIFIED IDEOGRAPH	W	2
FAE3	6852	E6A192	桒	CJK UNIFIED IDEOGRAPH	W	2
FAE4	67C0	E69F80	柀	CJK UNIFIED IDEOGRAPH	W	2
FAE5	6801	E6A081	栁	CJK UNIFIED IDEOGRAPH	W	2
FAE6	6844	E6A184	桄	CJK UNIFIED IDEOGRAPH	W	2
FAE7	68CF	E6A38F	棏	CJK UNIFIED IDEOGRAPH	W	2
FAE8	FA13	EFA893	﨓	CJK COMPATIBILITY IDEOGRAPH	W	2
FAE9	6968	E6A5A8	楨	CJK UNIFIED IDEOGRAPH	W	2
FAEA	FA14	EFA894	﨔	CJK COMPATIBILITY IDEOGRAPH	W	2
FAEB	6998	E6A698	榘	CJK UNIFIED IDEOGRAPH	W	2
FAEC	69E2	E6A7A2	槢	CJK UNIFIED IDEOGRAPH	W	2
FAED	6A30	E6A8B0	樰	CJK UNIFIED IDEOGRAPH	W	2
FAEE	6A6B	E6A9AB	橫	CJK UNIFIED IDEOGRAPH	W	2
FAEF	6A46	E6A986	橆	CJK UNIFIED IDEOGRAPH	W	2
FAF0	6A73	E6A9B3	橳	CJK UNIFIED IDEOGRAPH	W	2
FAF1	6A7E	E6A9BE	橾	CJK UNIFIED IDEOGRAPH	W	2
FAF2	6AE2	E6ABA2	櫢	CJK UNIFIED IDEOGRAPH	W	2
FAF3	6AE4	E6ABA4	櫤	CJK UNIFIED IDEOGRAPH	W	2
FAF4	6BD6	E6AF96	毖	CJK UNIFIED IDEOGRAPH	W	2
FAF5	6C3F	E6B0BF	氿	CJK UNIFIED IDEOGRAPH	W	2
FAF6	6C5C	E6B19C	汜	CJK UNIFIED IDEOGRAPH	W	2
FAF7	6C86	E6B286	沆	CJK UNIFIED IDEOGRAPH	W	2
FAF8	6C6F	E6B1AF	汯	CJK UNIFIED IDEOGRAPH	W	2
FAF9	6CDA	E6B39A	泚	CJK UNIFIED IDEOGRAPH	W	2
FAFA	6D04	E6B484	洄	CJK UNIFIED IDEOGRAPH	W	2
FAFB	6D87	E6B687	涇	CJK UNIFIED IDEOGRAPH	W	2
FAFC	6D6F	E6B5AF	浯	CJK UNIFIED IDEOGRAPH	W	2
FB40	6D96	E6B696	涖	CJK UNIFIED IDEOGRAPH	W	2
FB41	6DAC	E6B6AC	涬	CJK UNIFIED IDEOGRAPH	W	2
FB42	6DCF	E6B78F	淏	CJK UNIFIED IDEOGRAPH	W	2
FB43	6DF8	E6B7B8	淸	CJK UNIFIED IDEOGRAPH	W	2
FB44	6DF2	E6B7B2	淲	CJK UNIFIED IDEOGRAPH	W	2
FB45	6DFC	E6B7BC	淼	CJK UNIFIED IDEOGRAPH	W	2
FB46	6E39	E6B8B9	渹	CJK UNIFIED IDEOGRAPH	W	2
FB47	6E5C	E6B99C	湜	CJK UNIFIED IDEOGRAPH	W	2
FB48	6E27	E6B8A7	渧	CJK UNIFIED IDEOGRAPH	W	2
FB49	6E3C	E6B8BC	渼	CJK UNIFIED IDEOGRAPH	W	2
FB4A	6EBF	E6BABF	溿	CJK UNIFIED IDEOGRAPH	W	2
FB4B	6F88	E6BE88	澈	CJK UNIFIED IDEOGRAPH	W	2
FB4C	6FB5	E6BEB5	澵	CJK UNIFIED IDEOGRAPH	W	2
FB4D	6FF5	E6BFB5	濵	CJK UNIFIED IDEOGRAPH	W	2
FB4E	7005	E78085	瀅	CJK UNIFIED IDEOGRAPH	W	2
FB4F	7007	E78087	瀇	CJK UNIFIED IDEOGRAPH	W	2
FB50	7028	E780A8	瀨	CJK UNIFIED IDEOGRAPH	W	2
FB51	7085	E78285	炅	CJK UNIFIED IDEOGRAPH	W	2
FB52	70AB	E782AB	炫	CJK UNIFIED IDEOGRAPH	W	2
FB53	710F	E7848F	焏	CJK UNIFIED IDEOGRAPH	W	2
FB54	7104	E78484	焄	CJK UNIFIED IDEOGRAPH	W	2
FB55	715C	E7859C	煜	CJK UNIFIED IDEOGRAPH	W	2
FB56	7146	E78586	煆	CJK UNIFIED IDEOGRAPH	W	2
FB57	7147	E78587	煇	CJK UNIFIED IDEOGRAPH	W	2
FB58	FA15	EFA895	凞	CJK COMPATIBILITY IDEOGRAPH	W	2
FB59	71C1	E78781	燁	CJK UNIFIED IDEOGRAPH	W	2
FB5A	71FE	E787BE	燾	CJK UNIFIED IDEOGRAPH	W	2
FB5B	72B1	E78AB1	犱	CJK UNIFIED IDEOGRAPH	W	2
FB5C	72BE	E78ABE	犾	CJK UNIFIED IDEOGRAPH	W	2
FB5D	7324	E78CA4	猤	CJK UNIFIED IDEOGRAPH	W	2
FB5E	FA16	EFA896	猪	CJK COMPATIBILITY IDEOGRAPH	W	2
FB5F	7377	E78DB7	獷	CJK UNIFIED IDEOGRAPH	W	2
FB60	73BD	E78EBD	玽	CJK UNIFIED IDEOGRAPH	W	2
FB61	73C9	E78F89	珉	CJK UNIFIED IDEOGRAPH	W	2
FB62	73D6	E78F96	珖	CJK UNIFIED IDEOGRAPH	W	2
FB63	73E3	E78FA3	珣	CJK UNIFIED IDEOGRAPH	W	2
FB64	73D2	E78F92	珒	CJK UNIFIED IDEOGRAPH	W	2
FB65	7407	E79087	琇	CJK UNIFIED IDEOGRAPH	W	2
FB66	73F5	E78FB5	珵	CJK UNIFIED IDEOGRAPH	W	2
FB67	7426	E790A6	琦	CJK UNIFIED IDEOGRAPH	W	2
FB68	742A	E790AA	琪	CJK UNIFIED IDEOGRAPH	W	2
FB69	7429	E790A9	琩	CJK UNIFIED IDEOGRAPH	W	2
FB6A	742E	E790AE	琮	CJK UNIFIED IDEOGRAPH	W	2
FB6B	7462	E791A2	瑢	CJK UNIFIED IDEOGRAPH	W	2
FB6C	7489	E79289	璉	CJK UNIFIED IDEOGRAPH	W	2
FB6D	749F	E7929F	璟	CJK UNIFIED IDEOGRAPH	W	2
FB6E	7501	E79481	甁	CJK UNIFIED IDEOGRAPH	W	2
FB6F	756F	E795AF	畯	CJK UNIFIED IDEOGRAPH	W	2
FB70	7682	E79A82	皂	CJK UNIFIED IDEOGRAPH	W	2
FB71	769C	E79A9C	皜	CJK UNIFIED IDEOGRAPH	W	2
FB72	769E	E79A9E	皞	CJK UNIFIED IDEOGRAPH	W	2
FB73	769B	E79A9B	皛	CJK UNIFIED IDEOGRAPH	W	2
FB74	76A6	E79AA6	皦	CJK UNIFIED IDEOGRAPH	W	2
FB75	FA17	EFA897	益	CJK COMPATIBILITY IDEOGRAPH	W	2
FB76	7746	E79D86	睆	CJK UNIFIED IDEOGRAPH	W	2
FB77	52AF	E58AAF	劯	CJK UNIFIED IDEOGRAPH	W	2
FB78	7821	E7A0A1	砡	CJK UNIFIED IDEOGRAPH	W	2
FB79	784E	E7A18E	硎	CJK UNIFIED IDEOGRAPH	W	2
FB7A	7864	E7A1A4	硤	CJK UNIFIED IDEOGRAPH	W	2
FB7B	787A	E7A1BA	硺	CJK UNIFIED IDEOGRAPH	W	2
FB7C	7930	E7A4B0	礰	CJK UNIFIED IDEOGRAPH	W	2
FB7D	FA18	EFA898	礼	CJK COMPATIBILITY IDEOGRAPH	W	2
FB7E	FA19	EFA899	神	CJK COMPATIBILITY IDEOGRAPH	W	2
FB80	FA1A	EFA89A	祥	CJK COMPATIBILITY IDEOGRAPH	W	2
FB81	7994	E7A694	禔	CJK UNIFIED IDEOGRAPH	W	2
FB82	FA1B	EFA89B	福	CJK COMPATIBILITY IDEOGRAPH	W	2
FB83	799B	E7A69B	禛	CJK UNIFIED IDEOGRAPH	W	2
FB84	7AD1	E7AB91	竑	CJK UNIFIED IDEOGRAPH	W	2
FB85	7AE7	E7ABA7	竧	CJK UNIFIED IDEOGRAPH	W	2
FB86	FA1C	EFA89C	靖	CJK COMPATIBILITY IDEOGRAPH	W	2
FB87	7AEB	E7ABAB	竫	CJK UNIFIED IDEOGRAPH	W	2
FB88	7B9E	E7AE9E	箞	CJK UNIFIED IDEOGRAPH	W	2
FB89	FA1D	EFA89D	精	CJK COMPATIBILITY IDEOGRAPH	W	2
FB8A	7D48	E7B588	絈	CJK UNIFIED IDEOGRAPH	W	2
FB8B	7D5C	E7B59C	絜	CJK UNIFIED IDEOGRAPH	W	2
FB8C	7DB7	E7B6B7	綷	CJK UNIFIED IDEOGRAPH	W	2
FB8D	7DA0	E7B6A0	綠	CJK UNIFIED IDEOGRAPH	W	2
FB8E	7DD6	E7B796	緖	CJK UNIFIED IDEOGRAPH	W	2
FB8F	7E52	E7B992	繒	CJK UNIFIED IDEOGRAPH	W	2
FB90	7F47	E7BD87	罇	CJK UNIFIED IDEOGRAPH	W	2
FB91	7FA1	E7BEA1	羡	CJK UNIFIED IDEOGRAPH	W	2
FB92	FA1E	EFA89E	羽	CJK COMPATIBILITY IDEOGRAPH	W	2
FB93	8301	E88C81	茁	CJK UNIFIED IDEOGRAPH	W	2
FB94	8362	E88DA2	荢	CJK UNIFIED IDEOGRAPH	W	2
FB95	837F	E88DBF	荿	CJK UNIFIED IDEOGRAPH	W	2
FB96	83C7	E88F87	菇	CJK UNIFIED IDEOGRAPH	W	2
FB97	83F6	E88FB6	菶	CJK UNIFIED IDEOGRAPH	W	2
FB98	8448	E89188	葈	CJK UNIFIED IDEOGRAPH	W	2
FB99	84B4	E892B4	蒴	CJK UNIFIED IDEOGRAPH	W	2
FB9A	8553	E89593	蕓	CJK UNIFIED IDEOGRAPH	W	2
FB9B	8559	E89599	蕙	CJK UNIFIED IDEOGRAPH	W	2
FB9C	856B	E895AB	蕫	CJK UNIFIED IDEOGRAPH	W	2
FB9D	FA1F	EFA89F	﨟	CJK COMPATIBILITY IDEOGRAPH	W	2
FB9E	85B0	E896B0	薰	CJK UNIFIED IDEOGRAPH	W	2
FB9F	FA20	EFA8A0	蘒	CJK COMPATIBILITY IDEOGRAPH	W	2
FBA0	FA21	EFA8A1	﨡	CJK COMPATIBILITY IDEOGRAPH	W	2
FBA1	8807	E8A087	蠇	CJK UNIFIED IDEOGRAPH	W	2
FBA2	88F5	E8A3B5	裵	CJK UNIFIED IDEOGRAPH	W	2
FBA3	8A12	E8A892	訒	CJK UNIFIED IDEOGRAPH	W	2
FBA4	8A37	E8A8B7	訷	CJK UNIFIED IDEOGRAPH	W	2
FBA5	8A79	E8A9B9	詹	CJK UNIFIED IDEOGRAPH	W	2
FBA6	8AA7	E8AAA7	誧	CJK UNIFIED IDEOGRAPH	W	2
FBA7	8ABE	E8AABE	誾	CJK UNIFIED IDEOGRAPH	W	2
FBA8	8ADF	E8AB9F	諟	CJK UNIFIED IDEOGRAPH	W	2
FBA9	FA22	EFA8A2	諸	CJK COMPATIBILITY IDEOGRAPH	W	2
FBAA	8AF6	E8ABB6	諶	CJK UNIFIED IDEOGRAPH	W	2
FBAB	8B53	E8AD93	譓	CJK UNIFIED IDEOGRAPH	W	2
FBAC	8B7F	E8ADBF	譿	CJK UNIFIED IDEOGRAPH	W	2
FBAD	8CF0	E8B3B0	賰	CJK UNIFIED IDEOGRAPH	W	2
FBAE	8CF4	E8B3B4	賴	CJK UNIFIED IDEOGRAPH	W	2
FBAF	8D12	E8B492	贒	CJK UNIFIED IDEOGRAPH	W	2
FBB0	8D76	E8B5B6	赶	CJK UNIFIED IDEOGRAPH	W	2
FBB1	FA23	EFA8A3	﨣	CJK COMPATIBILITY IDEOGRAPH	W	2
FBB2	8ECF	E8BB8F	軏	CJK UNIFIED IDEOGRAPH	W	2
FBB3	FA24	EFA8A4	﨤	CJK COMPATIBILITY IDEOGRAPH	W	2
FBB4	FA25	EFA8A5	逸	CJK COMPATIBILITY IDEOGRAPH	W	2
FBB5	9067	E981A7	遧	CJK UNIFIED IDEOGRAPH	W	2
FBB6	90DE	E9839E	郞	CJK UNIFIED IDEOGRAPH	W	2
FBB7	FA26	EFA8A6	都	CJK COMPATIBILITY IDEOGRAPH	W	2
FBB8	9115	E98495	鄕	CJK UNIFIED IDEOGRAPH	W	2
FBB9	9127	E984A7	鄧	CJK UNIFIED IDEOGRAPH	W	2
FBBA	91DA	E9879A	釚	CJK UNIFIED IDEOGRAPH	W	2
FBBB	91D7	E98797	釗	CJK UNIFIED IDEOGRAPH	W	2
FBBC	91DE	E9879E	釞	CJK UNIFIED IDEOGRAPH	W	2
FBBD	91ED	E987AD	釭	CJK UNIFIED IDEOGRAPH	W	2
FBBE	91EE	E987AE	釮	CJK UNIFIED IDEOGRAPH	W	2
FBBF	91E4	E987A4	釤	CJK UNIFIED IDEOGRAPH	W	2
FBC0	91E5	E987A5	釥	CJK UNIFIED IDEOGRAPH	W	2
FBC1	9206	E98886	鈆	CJK UNIFIED IDEOGRAPH	W	2
FBC2	9210	E98890	鈐	CJK UNIFIED IDEOGRAPH	W	2
FBC3	920A	E9888A	鈊	CJK UNIFIED IDEOGRAPH	W	2
FBC4	923A	E988BA	鈺	CJK UNIFIED IDEOGRAPH	W	2
FBC5	9240	E98980	鉀	CJK UNIFIED IDEOGRAPH	W	2
FBC6	923C	E988BC	鈼	CJK UNIFIED IDEOGRAPH	W	2
FBC7	924E	E9898E	鉎	CJK UNIFIED IDEOGRAPH	W	2
FBC8	9259	E98999	鉙	CJK UNIFIED IDEOGRAPH	W	2
FBC9	9251	E98991	鉑	CJK UNIFIED IDEOGRAPH	W	2
FBCA	9239	E988B9	鈹	CJK UNIFIED IDEOGRAPH	W	2
FBCB	9267	E989A7	鉧	CJK UNIFIED IDEOGRAPH	W	2
FBCC	92A7	E98AA7	銧	CJK UNIFIED IDEOGRAPH	W	2
FBCD	9277	E989B7	鉷	CJK UNIFIED IDEOGRAPH	W	2
FBCE	9278	E989B8	鉸	CJK UNIFIED IDEOGRAPH	W	2
FBCF	92E7	E98BA7	鋧	CJK UNIFIED IDEOGRAPH	W	2
FBD0	92D7	E98B97	鋗	CJK UNIFIED IDEOGRAPH	W	2
FBD1	92D9	E98B99	鋙	CJK UNIFIED IDEOGRAPH	W	2
FBD2	92D0	E98B90	鋐	CJK UNIFIED IDEOGRAPH	W	2
FBD3	FA27	EFA8A7	﨧	CJK COMPATIBILITY IDEOGRAPH	W	2
FBD4	92D5	E98B95	鋕	CJK UNIFIED IDEOGRAPH	W	2
FBD5	92E0	E98BA0	鋠	CJK UNIFIED IDEOGRAPH	W	2
FBD6	92D3	E98B93	鋓	CJK UNIFIED IDEOGRAPH	W	2
FBD7	9325	E98CA5	錥	CJK UNIFIED IDEOGRAPH	W	2
FBD8	9321	E98CA1	錡	CJK UNIFIED IDEOGRAPH	W	2
FBD9	92FB	E98BBB	鋻	CJK UNIFIED IDEOGRAPH	W	2
FBDA	FA28	EFA8A8	﨨	CJK COMPATIBILITY IDEOGRAPH	W	2
FBDB	931E	E98C9E	錞	CJK UNIFIED IDEOGRAPH	W	2
FBDC	92FF	E98BBF	鋿	CJK UNIFIED IDEOGRAPH	W	2
FBDD	931D	E98C9D	錝	CJK UNIFIED IDEOGRAPH	W	2
FBDE	9302	E98C82	錂	CJK UNIFIED IDEOGRAPH	W	2
FBDF	9370	E98DB0	鍰	CJK UNIFIED IDEOGRAPH	W	2
FBE0	9357	E98D97	鍗	CJK UNIFIED IDEOGRAPH	W	2
FBE1	93A4	E98EA4	鎤	CJK UNIFIED IDEOGRAPH	W	2
FBE2	93C6	E98F86	鏆	CJK UNIFIED IDEOGRAPH	W	2
FBE3	93DE	E98F9E	鏞	CJK UNIFIED IDEOGRAPH	W	2
FBE4	93F8	E98FB8	鏸	CJK UNIFIED IDEOGRAPH	W	2
FBE5	9431	E990B1	鐱	CJK UNIFIED IDEOGRAPH	W	2
FBE6	9445	E99185	鑅	CJK UNIFIED IDEOGRAPH	W	2
FBE7	9448	E99188	鑈	CJK UNIFIED IDEOGRAPH	W	2
FBE8	9592	E99692	閒	CJK UNIFIED IDEOGRAPH	W	2
FBE9	F9DC	EFA79C	隆	CJK COMPATIBILITY IDEOGRAPH	W	2
FBEA	FA29	EFA8A9	﨩	CJK COMPATIBILITY IDEOGRAPH	W	2
FBEB	969D	E99A9D	隝	CJK UNIFIED IDEOGRAPH	W	2
FBEC	96AF	E99AAF	隯	CJK UNIFIED IDEOGRAPH	W	2
FBED	9733	E99CB3	霳	CJK UNIFIED IDEOGRAPH	W	2
FBEE	973B	E99CBB	霻	CJK UNIFIED IDEOGRAPH	W	2
FBEF	9743	E99D83	靃	CJK UNIFIED IDEOGRAPH	W	2
FBF0	974D	E99D8D	靍	CJK UNIFIED IDEOGRAPH	W	2
FBF1	974F	E99D8F	靏	CJK UNIFIED IDEOGRAPH	W	2
FBF2	9751	E99D91	靑	CJK UNIFIED IDEOGRAPH	W	2
FBF3	9755	E99D95	靕	CJK UNIFIED IDEOGRAPH	W	2
FBF4	9857	E9A197	顗	CJK UNIFIED IDEOGRAPH	W	2
FBF5	9865	E9A1A5	顥	CJK UNIFIED IDEOGRAPH	W	2
FBF6	FA2A	EFA8AA	飯	CJK COMPATIBILITY IDEOGRAPH	W	2
FBF7	FA2B	EFA8AB	飼	CJK COMPATIBILITY IDEOGRAPH	W	2
FBF8	9927	E9A4A7	餧	CJK UNIFIED IDEOGRAPH	W	2
FBF9	FA2C	EFA8AC	館	CJK COMPATIBILITY IDEOGRAPH	W	2
FBFA	999E	E9A69E	馞	CJK UNIFIED IDEOGRAPH	W	2
FBFB	9A4E	E9A98E	驎	CJK UNIFIED IDEOGRAPH	W	2
FBFC	9AD9	E9AB99	髙	CJK UNIFIED IDEOGRAPH	W	2
FC40	9ADC	E9AB9C	髜	CJK UNIFIED IDEOGRAPH	W	2
FC41	9B75	E9ADB5	魵	CJK UNIFIED IDEOGRAPH	W	2
FC42	9B72	E9ADB2	魲	CJK UNIFIED IDEOGRAPH	W	2
FC43	9B8F	E9AE8F	鮏	CJK UNIFIED IDEOGRAPH	W	2
FC44	9BB1	E9AEB1	鮱	CJK UNIFIED IDEOGRAPH	W	2
FC45	9BBB	E9AEBB	鮻	CJK UNIFIED IDEOGRAPH	W	2
FC46	9C00	E9B080	鰀	CJK UNIFIED IDEOGRAPH	W	2
FC47	9D70	E9B5B0	鵰	CJK UNIFIED IDEOGRAPH	W	2
FC48	9D6B	E9B5AB	鵫	CJK UNIFIED IDEOGRAPH	W	2
FC49	FA2D	EFA8AD	鶴	CJK COMPATIBILITY IDEOGRAPH	W	2
FC4A	9E19	E9B899	鸙	CJK UNIFIED IDEOGRAPH	W	2
FC4B	9ED1	E9BB91	黑	CJK UNIFIED IDEOGRAPH	W	2
